dataset,frame_id,axis,level,config,obj_idx,type,depth_m,dist_bin,n_points,hit_pct,shift_px_p50
kitti_mini,000001,baseline,0.0,baseline,0,Truck,69.44,far,70,100.0,0.0
kitti_mini,000001,baseline,0.0,baseline,2,Cyclist,45.84,far,18,100.0,0.0
kitti_mini,000001,yaw,0.5,yaw_0.5deg,0,Truck,69.44,far,70,75.7143,6.3238
kitti_mini,000001,yaw,0.5,yaw_0.5deg,2,Cyclist,45.84,far,18,55.5556,6.3937
kitti_mini,000001,yaw,1.0,yaw_1deg,0,Truck,69.44,far,70,54.2857,12.6479
kitti_mini,000001,yaw,1.0,yaw_1deg,2,Cyclist,45.84,far,18,0.0,12.777
kitti_mini,000001,yaw,2.0,yaw_2deg,0,Truck,69.44,far,70,10.0,25.2994
kitti_mini,000001,yaw,2.0,yaw_2deg,2,Cyclist,45.84,far,18,0.0,25.5164
kitti_mini,000001,yaw,3.0,yaw_3deg,0,Truck,69.44,far,70,0.0,37.9651
kitti_mini,000001,yaw,3.0,yaw_3deg,2,Cyclist,45.84,far,18,0.0,38.2262
kitti_mini,000001,pitch,0.5,pitch_0.5deg,0,Truck,69.44,far,70,92.8571,6.3238
kitti_mini,000001,pitch,0.5,pitch_0.5deg,2,Cyclist,45.84,far,18,94.4444,6.3347
kitti_mini,000001,pitch,1.0,pitch_1deg,0,Truck,69.44,far,70,70.0,12.6478
kitti_mini,000001,pitch,1.0,pitch_1deg,2,Cyclist,45.84,far,18,72.2222,12.6712
kitti_mini,000001,pitch,2.0,pitch_2deg,0,Truck,69.44,far,70,14.2857,25.3011
kitti_mini,000001,pitch,2.0,pitch_2deg,2,Cyclist,45.84,far,18,11.1111,25.3532
kitti_mini,000001,pitch,3.0,pitch_3deg,0,Truck,69.44,far,70,0.0,37.9688
kitti_mini,000001,pitch,3.0,pitch_3deg,2,Cyclist,45.84,far,18,0.0,38.0539
kitti_mini,000001,roll,0.5,roll_0.5deg,0,Truck,69.44,far,70,100.0,0.107
kitti_mini,000001,roll,0.5,roll_0.5deg,2,Cyclist,45.84,far,18,100.0,0.6402
kitti_mini,000001,roll,1.0,roll_1deg,0,Truck,69.44,far,70,100.0,0.214
kitti_mini,000001,roll,1.0,roll_1deg,2,Cyclist,45.84,far,18,100.0,1.2804
kitti_mini,000001,roll,2.0,roll_2deg,0,Truck,69.44,far,70,100.0,0.4279
kitti_mini,000001,roll,2.0,roll_2deg,2,Cyclist,45.84,far,18,100.0,2.5607
kitti_mini,000001,roll,3.0,roll_3deg,0,Truck,69.44,far,70,100.0,0.6418
kitti_mini,000001,roll,3.0,roll_3deg,2,Cyclist,45.84,far,18,94.4444,3.8408
kitti_mini,000001,tx,0.02,tx_2cm,0,Truck,69.44,far,70,100.0,0.0041
kitti_mini,000001,tx,0.02,tx_2cm,2,Cyclist,45.84,far,18,100.0,0.0325
kitti_mini,000001,tx,0.05,tx_5cm,0,Truck,69.44,far,70,100.0,0.0103
kitti_mini,000001,tx,0.05,tx_5cm,2,Cyclist,45.84,far,18,100.0,0.0811
kitti_mini,000001,tx,0.1,tx_10cm,0,Truck,69.44,far,70,100.0,0.0205
kitti_mini,000001,tx,0.1,tx_10cm,2,Cyclist,45.84,far,18,100.0,0.162
kitti_mini,000001,ty,0.02,ty_2cm,0,Truck,69.44,far,70,100.0,0.2277
kitti_mini,000001,ty,0.02,ty_2cm,2,Cyclist,45.84,far,18,100.0,0.3153
kitti_mini,000001,ty,0.05,ty_5cm,0,Truck,69.44,far,70,98.5714,0.5692
kitti_mini,000001,ty,0.05,ty_5cm,2,Cyclist,45.84,far,18,100.0,0.7883
kitti_mini,000001,ty,0.1,ty_10cm,0,Truck,69.44,far,70,97.1429,1.1384
kitti_mini,000001,ty,0.1,ty_10cm,2,Cyclist,45.84,far,18,94.4444,1.5766
kitti_mini,000001,tz,0.02,tz_2cm,0,Truck,69.44,far,70,100.0,0.2277
kitti_mini,000001,tz,0.02,tz_2cm,2,Cyclist,45.84,far,18,100.0,0.3153
kitti_mini,000001,tz,0.05,tz_5cm,0,Truck,69.44,far,70,100.0,0.5691
kitti_mini,000001,tz,0.05,tz_5cm,2,Cyclist,45.84,far,18,100.0,0.7883
kitti_mini,000001,tz,0.1,tz_10cm,0,Truck,69.44,far,70,100.0,1.1382
kitti_mini,000001,tz,0.1,tz_10cm,2,Cyclist,45.84,far,18,100.0,1.5765
kitti_mini,000004,baseline,0.0,baseline,0,Car,38.26,far,67,100.0,0.0
kitti_mini,000004,baseline,0.0,baseline,1,Car,51.17,far,26,100.0,0.0
kitti_mini,000004,yaw,0.5,yaw_0.5deg,0,Car,38.26,far,67,97.0149,7.4141
kitti_mini,000004,yaw,0.5,yaw_0.5deg,1,Car,51.17,far,26,84.6154,6.9643
kitti_mini,000004,yaw,1.0,yaw_1deg,0,Car,38.26,far,67,85.0746,14.8826
kitti_mini,000004,yaw,1.0,yaw_1deg,1,Car,51.17,far,26,65.3846,13.968
kitti_mini,000004,yaw,2.0,yaw_2deg,0,Car,38.26,far,67,62.6866,29.9898
kitti_mini,000004,yaw,2.0,yaw_2deg,1,Car,51.17,far,26,34.6154,28.0989
kitti_mini,000004,yaw,3.0,yaw_3deg,0,Car,38.26,far,67,29.8507,45.3361
kitti_mini,000004,yaw,3.0,yaw_3deg,1,Car,51.17,far,26,0.0,42.4045
kitti_mini,000004,pitch,0.5,pitch_0.5deg,0,Car,38.26,far,67,98.5075,6.3551
kitti_mini,000004,pitch,0.5,pitch_0.5deg,1,Car,51.17,far,26,100.0,6.3377
kitti_mini,000004,pitch,1.0,pitch_1deg,0,Car,38.26,far,67,35.8209,12.7158
kitti_mini,000004,pitch,1.0,pitch_1deg,1,Car,51.17,far,26,3.8462,12.6799
kitti_mini,000004,pitch,2.0,pitch_2deg,0,Car,38.26,far,67,0.0,25.4587
kitti_mini,000004,pitch,2.0,pitch_2deg,1,Car,51.17,far,26,0.0,25.382
kitti_mini,000004,pitch,3.0,pitch_3deg,0,Car,38.26,far,67,0.0,38.237
kitti_mini,000004,pitch,3.0,pitch_3deg,1,Car,51.17,far,26,0.0,38.1145
kitti_mini,000004,roll,0.5,roll_0.5deg,0,Car,38.26,far,67,100.0,2.5769
kitti_mini,000004,roll,0.5,roll_0.5deg,1,Car,51.17,far,26,100.0,1.9729
kitti_mini,000004,roll,1.0,roll_1deg,0,Car,38.26,far,67,100.0,5.1537
kitti_mini,000004,roll,1.0,roll_1deg,1,Car,51.17,far,26,100.0,3.9456
kitti_mini,000004,roll,2.0,roll_2deg,0,Car,38.26,far,67,94.0299,10.3066
kitti_mini,000004,roll,2.0,roll_2deg,1,Car,51.17,far,26,96.1538,7.8907
kitti_mini,000004,roll,3.0,roll_3deg,0,Car,38.26,far,67,64.1791,15.4583
kitti_mini,000004,roll,3.0,roll_3deg,1,Car,51.17,far,26,50.0,11.835
kitti_mini,000004,tx,0.02,tx_2cm,0,Car,38.26,far,67,100.0,0.1594
kitti_mini,000004,tx,0.02,tx_2cm,1,Car,51.17,far,26,100.0,0.0907
kitti_mini,000004,tx,0.05,tx_5cm,0,Car,38.26,far,67,100.0,0.3982
kitti_mini,000004,tx,0.05,tx_5cm,1,Car,51.17,far,26,100.0,0.2266
kitti_mini,000004,tx,0.1,tx_10cm,0,Car,38.26,far,67,100.0,0.7953
kitti_mini,000004,tx,0.1,tx_10cm,1,Car,51.17,far,26,100.0,0.4528
kitti_mini,000004,ty,0.02,ty_2cm,0,Car,38.26,far,67,100.0,0.391
kitti_mini,000004,ty,0.02,ty_2cm,1,Car,51.17,far,26,100.0,0.2898
kitti_mini,000004,ty,0.05,ty_5cm,0,Car,38.26,far,67,100.0,0.9775
kitti_mini,000004,ty,0.05,ty_5cm,1,Car,51.17,far,26,100.0,0.7246
kitti_mini,000004,ty,0.1,ty_10cm,0,Car,38.26,far,67,100.0,1.955
kitti_mini,000004,ty,0.1,ty_10cm,1,Car,51.17,far,26,100.0,1.4492
kitti_mini,000004,tz,0.02,tz_2cm,0,Car,38.26,far,67,100.0,0.3911
kitti_mini,000004,tz,0.02,tz_2cm,1,Car,51.17,far,26,100.0,0.2899
kitti_mini,000004,tz,0.05,tz_5cm,0,Car,38.26,far,67,100.0,0.9778
kitti_mini,000004,tz,0.05,tz_5cm,1,Car,51.17,far,26,100.0,0.7248
kitti_mini,000004,tz,0.1,tz_10cm,0,Car,38.26,far,67,100.0,1.9556
kitti_mini,000004,tz,0.1,tz_10cm,1,Car,51.17,far,26,100.0,1.4495
kitti_mini,000007,baseline,0.0,baseline,0,Car,25.01,mid,170,100.0,0.0
kitti_mini,000007,baseline,0.0,baseline,1,Car,47.55,far,18,100.0,0.0
kitti_mini,000007,baseline,0.0,baseline,3,Cyclist,34.09,far,24,100.0,0.0
kitti_mini,000007,yaw,0.5,yaw_0.5deg,0,Car,25.01,mid,170,90.0,6.3776
kitti_mini,000007,yaw,0.5,yaw_0.5deg,1,Car,47.55,far,18,72.2222,6.5024
kitti_mini,000007,yaw,0.5,yaw_0.5deg,3,Cyclist,34.09,far,24,95.8333,7.2238
kitti_mini,000007,yaw,1.0,yaw_1deg,0,Car,25.01,mid,170,78.8235,12.7595
kitti_mini,000007,yaw,1.0,yaw_1deg,1,Car,47.55,far,18,55.5556,13.0239
kitti_mini,000007,yaw,1.0,yaw_1deg,3,Cyclist,34.09,far,24,45.8333,14.4956
kitti_mini,000007,yaw,2.0,yaw_2deg,0,Car,25.01,mid,170,51.7647,25.5395
kitti_mini,000007,yaw,2.0,yaw_2deg,1,Car,47.55,far,18,5.5556,26.1285
kitti_mini,000007,yaw,2.0,yaw_2deg,3,Cyclist,34.09,far,24,0.0,29.1898
kitti_mini,000007,yaw,3.0,yaw_3deg,0,Car,25.01,mid,170,21.7647,38.348
kitti_mini,000007,yaw,3.0,yaw_3deg,1,Car,47.55,far,18,0.0,39.3227
kitti_mini,000007,yaw,3.0,yaw_3deg,3,Cyclist,34.09,far,24,0.0,44.0958
kitti_mini,000007,pitch,0.5,pitch_0.5deg,0,Car,25.01,mid,170,100.0,6.3838
kitti_mini,000007,pitch,0.5,pitch_0.5deg,1,Car,47.55,far,18,38.8889,6.3416
kitti_mini,000007,pitch,0.5,pitch_0.5deg,3,Cyclist,34.09,far,24,95.8333,6.3524
kitti_mini,000007,pitch,1.0,pitch_1deg,0,Car,25.01,mid,170,75.2941,12.7737
kitti_mini,000007,pitch,1.0,pitch_1deg,1,Car,47.55,far,18,0.0,12.6878
kitti_mini,000007,pitch,1.0,pitch_1deg,3,Cyclist,34.09,far,24,70.8333,12.7089
kitti_mini,000007,pitch,2.0,pitch_2deg,0,Car,25.01,mid,170,37.0588,25.5758
kitti_mini,000007,pitch,2.0,pitch_2deg,1,Car,47.55,far,18,0.0,25.3978
kitti_mini,000007,pitch,2.0,pitch_2deg,3,Cyclist,34.09,far,24,20.8333,25.4385
kitti_mini,000007,pitch,3.0,pitch_3deg,0,Car,25.01,mid,170,11.7647,38.4143
kitti_mini,000007,pitch,3.0,pitch_3deg,1,Car,47.55,far,18,0.0,38.1379
kitti_mini,000007,pitch,3.0,pitch_3deg,3,Cyclist,34.09,far,24,0.0,38.197
kitti_mini,000007,roll,0.5,roll_0.5deg,0,Car,25.01,mid,170,100.0,0.3059
kitti_mini,000007,roll,0.5,roll_0.5deg,1,Car,47.55,far,18,100.0,1.0097
kitti_mini,000007,roll,0.5,roll_0.5deg,3,Cyclist,34.09,far,24,100.0,2.3258
kitti_mini,000007,roll,1.0,roll_1deg,0,Car,25.01,mid,170,100.0,0.6118
kitti_mini,000007,roll,1.0,roll_1deg,1,Car,47.55,far,18,100.0,2.0193
kitti_mini,000007,roll,1.0,roll_1deg,3,Cyclist,34.09,far,24,95.8333,4.6514
kitti_mini,000007,roll,2.0,roll_2deg,0,Car,25.01,mid,170,100.0,1.2235
kitti_mini,000007,roll,2.0,roll_2deg,1,Car,47.55,far,18,100.0,4.0384
kitti_mini,000007,roll,2.0,roll_2deg,3,Cyclist,34.09,far,24,83.3333,9.3022
kitti_mini,000007,roll,3.0,roll_3deg,0,Car,25.01,mid,170,99.4118,1.8351
kitti_mini,000007,roll,3.0,roll_3deg,1,Car,47.55,far,18,100.0,6.0572
kitti_mini,000007,roll,3.0,roll_3deg,3,Cyclist,34.09,far,24,66.6667,13.9519
kitti_mini,000007,tx,0.02,tx_2cm,0,Car,25.01,mid,170,100.0,0.0275
kitti_mini,000007,tx,0.02,tx_2cm,1,Car,47.55,far,18,100.0,0.05
kitti_mini,000007,tx,0.02,tx_2cm,3,Cyclist,34.09,far,24,100.0,0.1556
kitti_mini,000007,tx,0.05,tx_5cm,0,Car,25.01,mid,170,100.0,0.0686
kitti_mini,000007,tx,0.05,tx_5cm,1,Car,47.55,far,18,100.0,0.1249
kitti_mini,000007,tx,0.05,tx_5cm,3,Cyclist,34.09,far,24,100.0,0.3886
kitti_mini,000007,tx,0.1,tx_10cm,0,Car,25.01,mid,170,100.0,0.1369
kitti_mini,000007,tx,0.1,tx_10cm,1,Car,47.55,far,18,100.0,0.2496
kitti_mini,000007,tx,0.1,tx_10cm,3,Cyclist,34.09,far,24,100.0,0.7761
kitti_mini,000007,ty,0.02,ty_2cm,0,Car,25.01,mid,170,100.0,0.6132
kitti_mini,000007,ty,0.02,ty_2cm,1,Car,47.55,far,18,100.0,0.3149
kitti_mini,000007,ty,0.02,ty_2cm,3,Cyclist,34.09,far,24,100.0,0.424
kitti_mini,000007,ty,0.05,ty_5cm,0,Car,25.01,mid,170,100.0,1.5331
kitti_mini,000007,ty,0.05,ty_5cm,1,Car,47.55,far,18,94.4444,0.7872
kitti_mini,000007,ty,0.05,ty_5cm,3,Cyclist,34.09,far,24,100.0,1.0601
kitti_mini,000007,ty,0.1,ty_10cm,0,Car,25.01,mid,170,97.0588,3.0661
kitti_mini,000007,ty,0.1,ty_10cm,1,Car,47.55,far,18,94.4444,1.5743
kitti_mini,000007,ty,0.1,ty_10cm,3,Cyclist,34.09,far,24,100.0,2.1201
kitti_mini,000007,tz,0.02,tz_2cm,0,Car,25.01,mid,170,100.0,0.6134
kitti_mini,000007,tz,0.02,tz_2cm,1,Car,47.55,far,18,100.0,0.3149
kitti_mini,000007,tz,0.02,tz_2cm,3,Cyclist,34.09,far,24,100.0,0.4241
kitti_mini,000007,tz,0.05,tz_5cm,0,Car,25.01,mid,170,100.0,1.5336
kitti_mini,000007,tz,0.05,tz_5cm,1,Car,47.55,far,18,100.0,0.7874
kitti_mini,000007,tz,0.05,tz_5cm,3,Cyclist,34.09,far,24,100.0,1.0604
kitti_mini,000007,tz,0.1,tz_10cm,0,Car,25.01,mid,170,100.0,3.067
kitti_mini,000007,tz,0.1,tz_10cm,1,Car,47.55,far,18,100.0,1.5747
kitti_mini,000007,tz,0.1,tz_10cm,3,Cyclist,34.09,far,24,100.0,2.1207
kitti_mini,000008,baseline,0.0,baseline,1,Car,7.86,near,1570,100.0,0.0
kitti_mini,000008,baseline,0.0,baseline,3,Car,14.44,near,620,100.0,0.0
kitti_mini,000008,baseline,0.0,baseline,4,Car,33.2,far,41,100.0,0.0
kitti_mini,000008,baseline,0.0,baseline,5,Car,19.96,mid,164,100.0,0.0
kitti_mini,000008,yaw,0.5,yaw_0.5deg,1,Car,7.86,near,1570,100.0,6.7293
kitti_mini,000008,yaw,0.5,yaw_0.5deg,3,Car,14.44,near,620,100.0,6.456
kitti_mini,000008,yaw,0.5,yaw_0.5deg,4,Car,33.2,far,41,92.6829,6.6286
kitti_mini,000008,yaw,0.5,yaw_0.5deg,5,Car,19.96,mid,164,98.7805,7.5258
kitti_mini,000008,yaw,1.0,yaw_1deg,1,Car,7.86,near,1570,100.0,13.4789
kitti_mini,000008,yaw,1.0,yaw_1deg,3,Car,14.44,near,620,97.9032,12.9054
kitti_mini,000008,yaw,1.0,yaw_1deg,4,Car,33.2,far,41,80.4878,13.2335
kitti_mini,000008,yaw,1.0,yaw_1deg,5,Car,19.96,mid,164,86.5854,14.9964
kitti_mini,000008,yaw,2.0,yaw_2deg,1,Car,7.86,near,1570,99.2357,27.0453
kitti_mini,000008,yaw,2.0,yaw_2deg,3,Car,14.44,near,620,87.4194,25.7888
kitti_mini,000008,yaw,2.0,yaw_2deg,4,Car,33.2,far,41,39.0244,26.3764
kitti_mini,000008,yaw,2.0,yaw_2deg,5,Car,19.96,mid,164,60.3659,29.7789
kitti_mini,000008,yaw,3.0,yaw_3deg,1,Car,7.86,near,1570,97.0701,40.702
kitti_mini,000008,yaw,3.0,yaw_3deg,3,Car,14.44,near,620,75.4839,38.6585
kitti_mini,000008,yaw,3.0,yaw_3deg,4,Car,33.2,far,41,7.3171,39.4377
kitti_mini,000008,yaw,3.0,yaw_3deg,5,Car,19.96,mid,164,37.8049,44.3608
kitti_mini,000008,pitch,0.5,pitch_0.5deg,1,Car,7.86,near,1570,100.0,6.6621
kitti_mini,000008,pitch,0.5,pitch_0.5deg,3,Car,14.44,near,620,100.0,6.4584
kitti_mini,000008,pitch,0.5,pitch_0.5deg,4,Car,33.2,far,41,95.122,6.3583
kitti_mini,000008,pitch,0.5,pitch_0.5deg,5,Car,19.96,mid,164,96.3415,6.4158
kitti_mini,000008,pitch,1.0,pitch_1deg,1,Car,7.86,near,1570,100.0,13.3405
kitti_mini,000008,pitch,1.0,pitch_1deg,3,Car,14.44,near,620,98.871,12.9251
kitti_mini,000008,pitch,1.0,pitch_1deg,4,Car,33.2,far,41,56.0976,12.721
kitti_mini,000008,pitch,1.0,pitch_1deg,5,Car,19.96,mid,164,86.5854,12.84
kitti_mini,000008,pitch,2.0,pitch_2deg,1,Car,7.86,near,1570,100.0,26.7513
kitti_mini,000008,pitch,2.0,pitch_2deg,3,Car,14.44,near,620,80.0,25.8877
kitti_mini,000008,pitch,2.0,pitch_2deg,4,Car,33.2,far,41,4.878,25.4637
kitti_mini,000008,pitch,2.0,pitch_2deg,5,Car,19.96,mid,164,57.3171,25.7182
kitti_mini,000008,pitch,3.0,pitch_3deg,1,Car,7.86,near,1570,96.051,40.2255
kitti_mini,000008,pitch,3.0,pitch_3deg,3,Car,14.44,near,620,57.5806,38.8956
kitti_mini,000008,pitch,3.0,pitch_3deg,4,Car,33.2,far,41,0.0,38.2362
kitti_mini,000008,pitch,3.0,pitch_3deg,5,Car,19.96,mid,164,23.1707,38.6434
kitti_mini,000008,roll,0.5,roll_0.5deg,1,Car,7.86,near,1570,100.0,1.3537
kitti_mini,000008,roll,0.5,roll_0.5deg,3,Car,14.44,near,620,100.0,0.5738
kitti_mini,000008,roll,0.5,roll_0.5deg,4,Car,33.2,far,41,100.0,1.3462
kitti_mini,000008,roll,0.5,roll_0.5deg,5,Car,19.96,mid,164,100.0,2.7129
kitti_mini,000008,roll,1.0,roll_1deg,1,Car,7.86,near,1570,99.3631,2.7074
kitti_mini,000008,roll,1.0,roll_1deg,3,Car,14.44,near,620,100.0,1.1476
kitti_mini,000008,roll,1.0,roll_1deg,4,Car,33.2,far,41,95.122,2.6923
kitti_mini,000008,roll,1.0,roll_1deg,5,Car,19.96,mid,164,98.1707,5.4259
kitti_mini,000008,roll,2.0,roll_2deg,1,Car,7.86,near,1570,98.0892,5.4146
kitti_mini,000008,roll,2.0,roll_2deg,3,Car,14.44,near,620,100.0,2.2951
kitti_mini,000008,roll,2.0,roll_2deg,4,Car,33.2,far,41,95.122,5.3845
kitti_mini,000008,roll,2.0,roll_2deg,5,Car,19.96,mid,164,89.0244,10.8519
kitti_mini,000008,roll,3.0,roll_3deg,1,Car,7.86,near,1570,97.0701,8.1213
kitti_mini,000008,roll,3.0,roll_3deg,3,Car,14.44,near,620,100.0,3.4425
kitti_mini,000008,roll,3.0,roll_3deg,4,Car,33.2,far,41,82.9268,8.0765
kitti_mini,000008,roll,3.0,roll_3deg,5,Car,19.96,mid,164,74.3902,16.2774
kitti_mini,000008,tx,0.02,tx_2cm,1,Car,7.86,near,1570,100.0,0.4405
kitti_mini,000008,tx,0.02,tx_2cm,3,Car,14.44,near,620,100.0,0.0992
kitti_mini,000008,tx,0.02,tx_2cm,4,Car,33.2,far,41,100.0,0.0987
kitti_mini,000008,tx,0.02,tx_2cm,5,Car,19.96,mid,164,100.0,0.3316
kitti_mini,000008,tx,0.05,tx_5cm,1,Car,7.86,near,1570,100.0,1.0962
kitti_mini,000008,tx,0.05,tx_5cm,3,Car,14.44,near,620,100.0,0.2476
kitti_mini,000008,tx,0.05,tx_5cm,4,Car,33.2,far,41,100.0,0.2465
kitti_mini,000008,tx,0.05,tx_5cm,5,Car,19.96,mid,164,100.0,0.8276
kitti_mini,000008,tx,0.1,tx_10cm,1,Car,7.86,near,1570,100.0,2.1756
kitti_mini,000008,tx,0.1,tx_10cm,3,Car,14.44,near,620,100.0,0.4932
kitti_mini,000008,tx,0.1,tx_10cm,4,Car,33.2,far,41,100.0,0.4923
kitti_mini,000008,tx,0.1,tx_10cm,5,Car,19.96,mid,164,100.0,1.6509
kitti_mini,000008,ty,0.02,ty_2cm,1,Car,7.86,near,1570,100.0,2.1625
kitti_mini,000008,ty,0.02,ty_2cm,3,Car,14.44,near,620,100.0,1.114
kitti_mini,000008,ty,0.02,ty_2cm,4,Car,33.2,far,41,100.0,0.4566
kitti_mini,000008,ty,0.02,ty_2cm,5,Car,19.96,mid,164,100.0,0.7631
kitti_mini,000008,ty,0.05,ty_5cm,1,Car,7.86,near,1570,100.0,5.4063
kitti_mini,000008,ty,0.05,ty_5cm,3,Car,14.44,near,620,100.0,2.785
kitti_mini,000008,ty,0.05,ty_5cm,4,Car,33.2,far,41,100.0,1.1416
kitti_mini,000008,ty,0.05,ty_5cm,5,Car,19.96,mid,164,100.0,1.9077
kitti_mini,000008,ty,0.1,ty_10cm,1,Car,7.86,near,1570,100.0,10.8126
kitti_mini,000008,ty,0.1,ty_10cm,3,Car,14.44,near,620,100.0,5.5699
kitti_mini,000008,ty,0.1,ty_10cm,4,Car,33.2,far,41,100.0,2.2831
kitti_mini,000008,ty,0.1,ty_10cm,5,Car,19.96,mid,164,100.0,3.8154
kitti_mini,000008,tz,0.02,tz_2cm,1,Car,7.86,near,1570,100.0,2.1654
kitti_mini,000008,tz,0.02,tz_2cm,3,Car,14.44,near,620,100.0,1.1144
kitti_mini,000008,tz,0.02,tz_2cm,4,Car,33.2,far,41,100.0,0.4567
kitti_mini,000008,tz,0.02,tz_2cm,5,Car,19.96,mid,164,100.0,0.7634
kitti_mini,000008,tz,0.05,tz_5cm,1,Car,7.86,near,1570,97.8981,5.4132
kitti_mini,000008,tz,0.05,tz_5cm,3,Car,14.44,near,620,100.0,2.786
kitti_mini,000008,tz,0.05,tz_5cm,4,Car,33.2,far,41,100.0,1.1417
kitti_mini,000008,tz,0.05,tz_5cm,5,Car,19.96,mid,164,100.0,1.9085
kitti_mini,000008,tz,0.1,tz_10cm,1,Car,7.86,near,1570,94.4586,10.8255
kitti_mini,000008,tz,0.1,tz_10cm,3,Car,14.44,near,620,96.9355,5.5718
kitti_mini,000008,tz,0.1,tz_10cm,4,Car,33.2,far,41,97.561,2.2834
kitti_mini,000008,tz,0.1,tz_10cm,5,Car,19.96,mid,164,100.0,3.8169
kitti_mini,000009,baseline,0.0,baseline,0,Car,23.88,mid,185,100.0,0.0
kitti_mini,000009,yaw,0.5,yaw_0.5deg,0,Car,23.88,mid,185,92.4324,6.3782
kitti_mini,000009,yaw,1.0,yaw_1deg,0,Car,23.88,mid,185,81.6216,12.755
kitti_mini,000009,yaw,2.0,yaw_2deg,0,Car,23.88,mid,185,54.0541,25.5102
kitti_mini,000009,yaw,3.0,yaw_3deg,0,Car,23.88,mid,185,31.3514,38.2707
kitti_mini,000009,pitch,0.5,pitch_0.5deg,0,Car,23.88,mid,185,98.3784,6.3878
kitti_mini,000009,pitch,1.0,pitch_1deg,0,Car,23.88,mid,185,88.1081,12.7816
kitti_mini,000009,pitch,2.0,pitch_2deg,0,Car,23.88,mid,185,49.1892,25.5914
kitti_mini,000009,pitch,3.0,pitch_3deg,0,Car,23.88,mid,185,14.5946,38.4374
kitti_mini,000009,roll,0.5,roll_0.5deg,0,Car,23.88,mid,185,100.0,0.3151
kitti_mini,000009,roll,1.0,roll_1deg,0,Car,23.88,mid,185,100.0,0.6302
kitti_mini,000009,roll,2.0,roll_2deg,0,Car,23.88,mid,185,100.0,1.2603
kitti_mini,000009,roll,3.0,roll_3deg,0,Car,23.88,mid,185,100.0,1.8903
kitti_mini,000009,tx,0.02,tx_2cm,0,Car,23.88,mid,185,100.0,0.0319
kitti_mini,000009,tx,0.05,tx_5cm,0,Car,23.88,mid,185,100.0,0.0797
kitti_mini,000009,tx,0.1,tx_10cm,0,Car,23.88,mid,185,100.0,0.1591
kitti_mini,000009,ty,0.02,ty_2cm,0,Car,23.88,mid,185,100.0,0.6442
kitti_mini,000009,ty,0.05,ty_5cm,0,Car,23.88,mid,185,100.0,1.6105
kitti_mini,000009,ty,0.1,ty_10cm,0,Car,23.88,mid,185,98.9189,3.221
kitti_mini,000009,tz,0.02,tz_2cm,0,Car,23.88,mid,185,100.0,0.6445
kitti_mini,000009,tz,0.05,tz_5cm,0,Car,23.88,mid,185,100.0,1.6113
kitti_mini,000009,tz,0.1,tz_10cm,0,Car,23.88,mid,185,100.0,3.2225
kitti_mini,000010,baseline,0.0,baseline,1,Car,11.8,near,998,100.0,0.0
kitti_mini,000010,baseline,0.0,baseline,2,Pedestrian,23.51,mid,23,100.0,0.0
kitti_mini,000010,baseline,0.0,baseline,3,Car,16.5,mid,327,100.0,0.0
kitti_mini,000010,baseline,0.0,baseline,4,Car,22.05,mid,47,100.0,0.0
kitti_mini,000010,baseline,0.0,baseline,5,Car,23.64,mid,205,100.0,0.0
kitti_mini,000010,baseline,0.0,baseline,6,Car,29.07,mid,45,100.0,0.0
kitti_mini,000010,baseline,0.0,baseline,7,Car,28.53,mid,22,100.0,0.0
kitti_mini,000010,baseline,0.0,baseline,8,Car,42.85,far,15,100.0,0.0
kitti_mini,000010,yaw,0.5,yaw_0.5deg,1,Car,11.8,near,998,100.0,6.7517
kitti_mini,000010,yaw,0.5,yaw_0.5deg,2,Pedestrian,23.51,mid,23,82.6087,7.1736
kitti_mini,000010,yaw,0.5,yaw_0.5deg,3,Car,16.5,mid,327,99.6942,7.235
kitti_mini,000010,yaw,0.5,yaw_0.5deg,4,Car,22.05,mid,47,97.8723,6.8805
kitti_mini,000010,yaw,0.5,yaw_0.5deg,5,Car,23.64,mid,205,100.0,6.3792
kitti_mini,000010,yaw,0.5,yaw_0.5deg,6,Car,29.07,mid,45,100.0,6.3676
kitti_mini,000010,yaw,0.5,yaw_0.5deg,7,Car,28.53,mid,22,86.3636,6.7828
kitti_mini,000010,yaw,0.5,yaw_0.5deg,8,Car,42.85,far,15,100.0,6.3959
kitti_mini,000010,yaw,1.0,yaw_1deg,1,Car,11.8,near,998,100.0,13.5295
kitti_mini,000010,yaw,1.0,yaw_1deg,2,Pedestrian,23.51,mid,23,30.4348,14.303
kitti_mini,000010,yaw,1.0,yaw_1deg,3,Car,16.5,mid,327,96.6361,14.4247
kitti_mini,000010,yaw,1.0,yaw_1deg,4,Car,22.05,mid,47,63.8298,13.7275
kitti_mini,000010,yaw,1.0,yaw_1deg,5,Car,23.64,mid,205,94.1463,12.7612
kitti_mini,000010,yaw,1.0,yaw_1deg,6,Car,29.07,mid,45,100.0,12.7316
kitti_mini,000010,yaw,1.0,yaw_1deg,7,Car,28.53,mid,22,59.0909,13.5355
kitti_mini,000010,yaw,1.0,yaw_1deg,8,Car,42.85,far,15,80.0,12.7815
kitti_mini,000010,yaw,2.0,yaw_2deg,1,Car,11.8,near,998,97.0942,27.1684
kitti_mini,000010,yaw,2.0,yaw_2deg,2,Pedestrian,23.51,mid,23,0.0,28.4351
kitti_mini,000010,yaw,2.0,yaw_2deg,3,Car,16.5,mid,327,88.0734,28.6749
kitti_mini,000010,yaw,2.0,yaw_2deg,4,Car,22.05,mid,47,25.5319,27.3262
kitti_mini,000010,yaw,2.0,yaw_2deg,5,Car,23.64,mid,205,75.122,25.5379
kitti_mini,000010,yaw,2.0,yaw_2deg,6,Car,29.07,mid,45,95.5556,25.4527
kitti_mini,000010,yaw,2.0,yaw_2deg,7,Car,28.53,mid,22,18.1818,26.9555
kitti_mini,000010,yaw,2.0,yaw_2deg,8,Car,42.85,far,15,26.6667,25.5268
kitti_mini,000010,yaw,3.0,yaw_3deg,1,Car,11.8,near,998,90.982,40.9249
kitti_mini,000010,yaw,3.0,yaw_3deg,2,Pedestrian,23.51,mid,23,0.0,42.408
kitti_mini,000010,yaw,3.0,yaw_3deg,3,Car,16.5,mid,327,69.7248,42.7623
kitti_mini,000010,yaw,3.0,yaw_3deg,4,Car,22.05,mid,47,12.766,40.806
kitti_mini,000010,yaw,3.0,yaw_3deg,5,Car,23.64,mid,205,51.7073,38.3373
kitti_mini,000010,yaw,3.0,yaw_3deg,6,Car,29.07,mid,45,64.4444,38.1696
kitti_mini,000010,yaw,3.0,yaw_3deg,7,Car,28.53,mid,22,0.0,40.2697
kitti_mini,000010,yaw,3.0,yaw_3deg,8,Car,42.85,far,15,13.3333,38.2438
kitti_mini,000010,pitch,0.5,pitch_0.5deg,1,Car,11.8,near,998,100.0,6.5255
kitti_mini,000010,pitch,0.5,pitch_0.5deg,2,Pedestrian,23.51,mid,23,100.0,6.3719
kitti_mini,000010,pitch,0.5,pitch_0.5deg,3,Car,16.5,mid,327,99.0826,6.4461
kitti_mini,000010,pitch,0.5,pitch_0.5deg,4,Car,22.05,mid,47,89.3617,6.3933
kitti_mini,000010,pitch,0.5,pitch_0.5deg,5,Car,23.64,mid,205,98.5366,6.39
kitti_mini,000010,pitch,0.5,pitch_0.5deg,6,Car,29.07,mid,45,95.5556,6.3675
kitti_mini,000010,pitch,0.5,pitch_0.5deg,7,Car,28.53,mid,22,95.4545,6.3713
kitti_mini,000010,pitch,0.5,pitch_0.5deg,8,Car,42.85,far,15,80.0,6.3454
kitti_mini,000010,pitch,1.0,pitch_1deg,1,Car,11.8,near,998,99.0982,13.0635
kitti_mini,000010,pitch,1.0,pitch_1deg,2,Pedestrian,23.51,mid,23,100.0,12.7466
kitti_mini,000010,pitch,1.0,pitch_1deg,3,Car,16.5,mid,327,90.5199,12.9016
kitti_mini,000010,pitch,1.0,pitch_1deg,4,Car,22.05,mid,47,78.7234,12.7924
kitti_mini,000010,pitch,1.0,pitch_1deg,5,Car,23.64,mid,205,86.3415,12.787
kitti_mini,000010,pitch,1.0,pitch_1deg,6,Car,29.07,mid,45,75.5556,12.7398
kitti_mini,000010,pitch,1.0,pitch_1deg,7,Car,28.53,mid,22,63.6364,12.7485
kitti_mini,000010,pitch,1.0,pitch_1deg,8,Car,42.85,far,15,40.0,12.6952
kitti_mini,000010,pitch,2.0,pitch_2deg,1,Car,11.8,near,998,83.9679,26.1839
kitti_mini,000010,pitch,2.0,pitch_2deg,2,Pedestrian,23.51,mid,23,100.0,25.5088
kitti_mini,000010,pitch,2.0,pitch_2deg,3,Car,16.5,mid,327,62.3853,25.8469
kitti_mini,000010,pitch,2.0,pitch_2deg,4,Car,22.05,mid,47,63.8298,25.6116
kitti_mini,000010,pitch,2.0,pitch_2deg,5,Car,23.64,mid,205,46.8293,25.6055
kitti_mini,000010,pitch,2.0,pitch_2deg,6,Car,29.07,mid,45,33.3333,25.5028
kitti_mini,000010,pitch,2.0,pitch_2deg,7,Car,28.53,mid,22,22.7273,25.5245
kitti_mini,000010,pitch,2.0,pitch_2deg,8,Car,42.85,far,15,0.0,25.4121
kitti_mini,000010,pitch,3.0,pitch_3deg,1,Car,11.8,near,998,64.1283,39.3718
kitti_mini,000010,pitch,3.0,pitch_3deg,2,Pedestrian,23.51,mid,23,73.913,38.2948
kitti_mini,000010,pitch,3.0,pitch_3deg,3,Car,16.5,mid,327,42.8135,38.8424
kitti_mini,000010,pitch,3.0,pitch_3deg,4,Car,22.05,mid,47,34.0426,38.466
kitti_mini,000010,pitch,3.0,pitch_3deg,5,Car,23.64,mid,205,13.1707,38.4662
kitti_mini,000010,pitch,3.0,pitch_3deg,6,Car,29.07,mid,45,15.5556,38.2989
kitti_mini,000010,pitch,3.0,pitch_3deg,7,Car,28.53,mid,22,22.7273,38.3361
kitti_mini,000010,pitch,3.0,pitch_3deg,8,Car,42.85,far,15,0.0,38.1586
kitti_mini,000010,roll,0.5,roll_0.5deg,1,Car,11.8,near,998,100.0,1.4619
kitti_mini,000010,roll,0.5,roll_0.5deg,2,Pedestrian,23.51,mid,23,100.0,2.2746
kitti_mini,000010,roll,0.5,roll_0.5deg,3,Car,16.5,mid,327,100.0,2.3282
kitti_mini,000010,roll,0.5,roll_0.5deg,4,Car,22.05,mid,47,100.0,1.8191
kitti_mini,000010,roll,0.5,roll_0.5deg,5,Car,23.64,mid,205,100.0,0.3246
kitti_mini,000010,roll,0.5,roll_0.5deg,6,Car,29.07,mid,45,100.0,0.3088
kitti_mini,000010,roll,0.5,roll_0.5deg,7,Car,28.53,mid,22,100.0,1.6665
kitti_mini,000010,roll,0.5,roll_0.5deg,8,Car,42.85,far,15,100.0,0.6401
kitti_mini,000010,roll,1.0,roll_1deg,1,Car,11.8,near,998,100.0,2.9237
kitti_mini,000010,roll,1.0,roll_1deg,2,Pedestrian,23.51,mid,23,100.0,4.5491
kitti_mini,000010,roll,1.0,roll_1deg,3,Car,16.5,mid,327,100.0,4.6564
kitti_mini,000010,roll,1.0,roll_1deg,4,Car,22.05,mid,47,100.0,3.6383
kitti_mini,000010,roll,1.0,roll_1deg,5,Car,23.64,mid,205,100.0,0.6492
kitti_mini,000010,roll,1.0,roll_1deg,6,Car,29.07,mid,45,100.0,0.6175
kitti_mini,000010,roll,1.0,roll_1deg,7,Car,28.53,mid,22,100.0,3.3329
kitti_mini,000010,roll,1.0,roll_1deg,8,Car,42.85,far,15,100.0,1.2802
kitti_mini,000010,roll,2.0,roll_2deg,1,Car,11.8,near,998,98.8978,5.847
kitti_mini,000010,roll,2.0,roll_2deg,2,Pedestrian,23.51,mid,23,100.0,9.0982
kitti_mini,000010,roll,2.0,roll_2deg,3,Car,16.5,mid,327,96.3303,9.3128
kitti_mini,000010,roll,2.0,roll_2deg,4,Car,22.05,mid,47,89.3617,7.2765
kitti_mini,000010,roll,2.0,roll_2deg,5,Car,23.64,mid,205,100.0,1.2983
kitti_mini,000010,roll,2.0,roll_2deg,6,Car,29.07,mid,45,100.0,1.235
kitti_mini,000010,roll,2.0,roll_2deg,7,Car,28.53,mid,22,90.9091,6.6658
kitti_mini,000010,roll,2.0,roll_2deg,8,Car,42.85,far,15,100.0,2.5603
kitti_mini,000010,roll,3.0,roll_3deg,1,Car,11.8,near,998,98.7976,8.7698
kitti_mini,000010,roll,3.0,roll_3deg,2,Pedestrian,23.51,mid,23,100.0,13.6469
kitti_mini,000010,roll,3.0,roll_3deg,3,Car,16.5,mid,327,90.5199,13.9687
kitti_mini,000010,roll,3.0,roll_3deg,4,Car,22.05,mid,47,78.7234,10.9143
kitti_mini,000010,roll,3.0,roll_3deg,5,Car,23.64,mid,205,100.0,1.9474
kitti_mini,000010,roll,3.0,roll_3deg,6,Car,29.07,mid,45,100.0,1.8524
kitti_mini,000010,roll,3.0,roll_3deg,7,Car,28.53,mid,22,86.3636,9.9982
kitti_mini,000010,roll,3.0,roll_3deg,8,Car,42.85,far,15,100.0,3.8402
kitti_mini,000010,tx,0.02,tx_2cm,1,Car,11.8,near,998,100.0,0.3082
kitti_mini,000010,tx,0.02,tx_2cm,2,Pedestrian,23.51,mid,23,100.0,0.2252
kitti_mini,000010,tx,0.02,tx_2cm,3,Car,16.5,mid,327,100.0,0.353
kitti_mini,000010,tx,0.02,tx_2cm,4,Car,22.05,mid,47,100.0,0.2036
kitti_mini,000010,tx,0.02,tx_2cm,5,Car,23.64,mid,205,100.0,0.0305
kitti_mini,000010,tx,0.02,tx_2cm,6,Car,29.07,mid,45,100.0,0.0255
kitti_mini,000010,tx,0.02,tx_2cm,7,Car,28.53,mid,22,100.0,0.1434
kitti_mini,000010,tx,0.02,tx_2cm,8,Car,42.85,far,15,100.0,0.0347
kitti_mini,000010,tx,0.05,tx_5cm,1,Car,11.8,near,998,100.0,0.7682
kitti_mini,000010,tx,0.05,tx_5cm,2,Pedestrian,23.51,mid,23,100.0,0.5624
kitti_mini,000010,tx,0.05,tx_5cm,3,Car,16.5,mid,327,100.0,0.8807
kitti_mini,000010,tx,0.05,tx_5cm,4,Car,22.05,mid,47,100.0,0.5082
kitti_mini,000010,tx,0.05,tx_5cm,5,Car,23.64,mid,205,100.0,0.0761
kitti_mini,000010,tx,0.05,tx_5cm,6,Car,29.07,mid,45,100.0,0.0637
kitti_mini,000010,tx,0.05,tx_5cm,7,Car,28.53,mid,22,100.0,0.3582
kitti_mini,000010,tx,0.05,tx_5cm,8,Car,42.85,far,15,100.0,0.0866
kitti_mini,000010,tx,0.1,tx_10cm,1,Car,11.8,near,998,100.0,1.5289
kitti_mini,000010,tx,0.1,tx_10cm,2,Pedestrian,23.51,mid,23,100.0,1.1224
kitti_mini,000010,tx,0.1,tx_10cm,3,Car,16.5,mid,327,100.0,1.7556
kitti_mini,000010,tx,0.1,tx_10cm,4,Car,22.05,mid,47,100.0,1.0141
kitti_mini,000010,tx,0.1,tx_10cm,5,Car,23.64,mid,205,100.0,0.1518
kitti_mini,000010,tx,0.1,tx_10cm,6,Car,29.07,mid,45,100.0,0.1271
kitti_mini,000010,tx,0.1,tx_10cm,7,Car,28.53,mid,22,100.0,0.7151
kitti_mini,000010,tx,0.1,tx_10cm,8,Car,42.85,far,15,100.0,0.1729
kitti_mini,000010,ty,0.02,ty_2cm,1,Car,11.8,near,998,100.0,1.3792
kitti_mini,000010,ty,0.02,ty_2cm,2,Pedestrian,23.51,mid,23,100.0,0.6204
kitti_mini,000010,ty,0.02,ty_2cm,3,Car,16.5,mid,327,100.0,0.9529
kitti_mini,000010,ty,0.02,ty_2cm,4,Car,22.05,mid,47,100.0,0.6977
kitti_mini,000010,ty,0.02,ty_2cm,5,Car,23.64,mid,205,100.0,0.6492
kitti_mini,000010,ty,0.02,ty_2cm,6,Car,29.07,mid,45,100.0,0.5024
kitti_mini,000010,ty,0.02,ty_2cm,7,Car,28.53,mid,22,100.0,0.5332
kitti_mini,000010,ty,0.02,ty_2cm,8,Car,42.85,far,15,100.0,0.3466
kitti_mini,000010,ty,0.05,ty_5cm,1,Car,11.8,near,998,100.0,3.448
kitti_mini,000010,ty,0.05,ty_5cm,2,Pedestrian,23.51,mid,23,100.0,1.5509
kitti_mini,000010,ty,0.05,ty_5cm,3,Car,16.5,mid,327,100.0,2.3823
kitti_mini,000010,ty,0.05,ty_5cm,4,Car,22.05,mid,47,100.0,1.7443
kitti_mini,000010,ty,0.05,ty_5cm,5,Car,23.64,mid,205,100.0,1.623
kitti_mini,000010,ty,0.05,ty_5cm,6,Car,29.07,mid,45,100.0,1.2561
kitti_mini,000010,ty,0.05,ty_5cm,7,Car,28.53,mid,22,100.0,1.3331
kitti_mini,000010,ty,0.05,ty_5cm,8,Car,42.85,far,15,100.0,0.8666
kitti_mini,000010,ty,0.1,ty_10cm,1,Car,11.8,near,998,100.0,6.8961
kitti_mini,000010,ty,0.1,ty_10cm,2,Pedestrian,23.51,mid,23,100.0,3.1019
kitti_mini,000010,ty,0.1,ty_10cm,3,Car,16.5,mid,327,100.0,4.7646
kitti_mini,000010,ty,0.1,ty_10cm,4,Car,22.05,mid,47,100.0,3.4886
kitti_mini,000010,ty,0.1,ty_10cm,5,Car,23.64,mid,205,100.0,3.246
kitti_mini,000010,ty,0.1,ty_10cm,6,Car,29.07,mid,45,100.0,2.5122
kitti_mini,000010,ty,0.1,ty_10cm,7,Car,28.53,mid,22,100.0,2.6661
kitti_mini,000010,ty,0.1,ty_10cm,8,Car,42.85,far,15,100.0,1.7332
kitti_mini,000010,tz,0.02,tz_2cm,1,Car,11.8,near,998,100.0,1.3806
kitti_mini,000010,tz,0.02,tz_2cm,2,Pedestrian,23.51,mid,23,100.0,0.6204
kitti_mini,000010,tz,0.02,tz_2cm,3,Car,16.5,mid,327,100.0,0.9532
kitti_mini,000010,tz,0.02,tz_2cm,4,Car,22.05,mid,47,100.0,0.6982
kitti_mini,000010,tz,0.02,tz_2cm,5,Car,23.64,mid,205,100.0,0.6494
kitti_mini,000010,tz,0.02,tz_2cm,6,Car,29.07,mid,45,91.1111,0.5025
kitti_mini,000010,tz,0.02,tz_2cm,7,Car,28.53,mid,22,100.0,0.5333
kitti_mini,000010,tz,0.02,tz_2cm,8,Car,42.85,far,15,100.0,0.3467
kitti_mini,000010,tz,0.05,tz_5cm,1,Car,11.8,near,998,100.0,3.4514
kitti_mini,000010,tz,0.05,tz_5cm,2,Pedestrian,23.51,mid,23,100.0,1.5509
kitti_mini,000010,tz,0.05,tz_5cm,3,Car,16.5,mid,327,100.0,2.383
kitti_mini,000010,tz,0.05,tz_5cm,4,Car,22.05,mid,47,100.0,1.7454
kitti_mini,000010,tz,0.05,tz_5cm,5,Car,23.64,mid,205,100.0,1.6235
kitti_mini,000010,tz,0.05,tz_5cm,6,Car,29.07,mid,45,84.4444,1.2562
kitti_mini,000010,tz,0.05,tz_5cm,7,Car,28.53,mid,22,100.0,1.3331
kitti_mini,000010,tz,0.05,tz_5cm,8,Car,42.85,far,15,100.0,0.8668
kitti_mini,000010,tz,0.1,tz_10cm,1,Car,11.8,near,998,98.7976,6.9024
kitti_mini,000010,tz,0.1,tz_10cm,2,Pedestrian,23.51,mid,23,100.0,3.1017
kitti_mini,000010,tz,0.1,tz_10cm,3,Car,16.5,mid,327,100.0,4.7659
kitti_mini,000010,tz,0.1,tz_10cm,4,Car,22.05,mid,47,100.0,3.4907
kitti_mini,000010,tz,0.1,tz_10cm,5,Car,23.64,mid,205,100.0,3.2469
kitti_mini,000010,tz,0.1,tz_10cm,6,Car,29.07,mid,45,84.4444,2.5124
kitti_mini,000010,tz,0.1,tz_10cm,7,Car,28.53,mid,22,100.0,2.6662
kitti_mini,000010,tz,0.1,tz_10cm,8,Car,42.85,far,15,100.0,1.7336
kitti_mini,000011,baseline,0.0,baseline,0,Pedestrian,12.42,near,141,100.0,0.0
kitti_mini,000011,baseline,0.0,baseline,1,Pedestrian,13.43,near,23,100.0,0.0
kitti_mini,000011,baseline,0.0,baseline,2,Car,26.64,mid,176,100.0,0.0
kitti_mini,000011,baseline,0.0,baseline,3,Pedestrian,34.08,far,40,100.0,0.0
kitti_mini,000011,baseline,0.0,baseline,5,Pedestrian,15.95,mid,74,100.0,0.0
kitti_mini,000011,yaw,0.5,yaw_0.5deg,0,Pedestrian,12.42,near,141,95.0355,7.4681
kitti_mini,000011,yaw,0.5,yaw_0.5deg,1,Pedestrian,13.43,near,23,100.0,7.4945
kitti_mini,000011,yaw,0.5,yaw_0.5deg,2,Car,26.64,mid,176,96.0227,6.5933
kitti_mini,000011,yaw,0.5,yaw_0.5deg,3,Pedestrian,34.08,far,40,52.5,6.3689
kitti_mini,000011,yaw,0.5,yaw_0.5deg,5,Pedestrian,15.95,mid,74,83.7838,7.9961
kitti_mini,000011,yaw,1.0,yaw_1deg,0,Pedestrian,12.42,near,141,83.6879,14.8837
kitti_mini,000011,yaw,1.0,yaw_1deg,1,Pedestrian,13.43,near,23,100.0,14.9354
kitti_mini,000011,yaw,1.0,yaw_1deg,2,Car,26.64,mid,176,85.7955,13.209
kitti_mini,000011,yaw,1.0,yaw_1deg,3,Pedestrian,34.08,far,40,7.5,12.732
kitti_mini,000011,yaw,1.0,yaw_1deg,5,Pedestrian,15.95,mid,74,35.1351,16.064
kitti_mini,000011,yaw,2.0,yaw_2deg,0,Pedestrian,12.42,near,141,26.9504,29.5645
kitti_mini,000011,yaw,2.0,yaw_2deg,1,Pedestrian,13.43,near,23,60.8696,29.6639
kitti_mini,000011,yaw,2.0,yaw_2deg,2,Car,26.64,mid,176,62.5,26.5122
kitti_mini,000011,yaw,2.0,yaw_2deg,3,Pedestrian,34.08,far,40,0.0,25.4445
kitti_mini,000011,yaw,2.0,yaw_2deg,5,Pedestrian,15.95,mid,74,0.0,32.4242
kitti_mini,000011,yaw,3.0,yaw_3deg,0,Pedestrian,12.42,near,141,4.2553,44.0554
kitti_mini,000011,yaw,3.0,yaw_3deg,1,Pedestrian,13.43,near,23,21.7391,44.1985
kitti_mini,000011,yaw,3.0,yaw_3deg,2,Car,26.64,mid,176,37.5,39.9192
kitti_mini,000011,yaw,3.0,yaw_3deg,3,Pedestrian,34.08,far,40,0.0,38.1445
kitti_mini,000011,yaw,3.0,yaw_3deg,5,Pedestrian,15.95,mid,74,0.0,49.0992
kitti_mini,000011,pitch,0.5,pitch_0.5deg,0,Pedestrian,12.42,near,141,100.0,6.4532
kitti_mini,000011,pitch,0.5,pitch_0.5deg,1,Pedestrian,13.43,near,23,100.0,6.4801
kitti_mini,000011,pitch,0.5,pitch_0.5deg,2,Car,26.64,mid,176,94.3182,6.3768
kitti_mini,000011,pitch,0.5,pitch_0.5deg,3,Pedestrian,34.08,far,40,90.0,6.3496
kitti_mini,000011,pitch,0.5,pitch_0.5deg,5,Pedestrian,15.95,mid,74,100.0,6.4381
kitti_mini,000011,pitch,1.0,pitch_1deg,0,Pedestrian,12.42,near,141,97.8723,12.9133
kitti_mini,000011,pitch,1.0,pitch_1deg,1,Pedestrian,13.43,near,23,82.6087,12.972
kitti_mini,000011,pitch,1.0,pitch_1deg,2,Car,26.64,mid,176,82.9545,12.7593
kitti_mini,000011,pitch,1.0,pitch_1deg,3,Pedestrian,34.08,far,40,80.0,12.7022
kitti_mini,000011,pitch,1.0,pitch_1deg,5,Pedestrian,15.95,mid,74,97.2973,12.8857
kitti_mini,000011,pitch,2.0,pitch_2deg,0,Pedestrian,12.42,near,141,80.8511,25.8584
kitti_mini,000011,pitch,2.0,pitch_2deg,1,Pedestrian,13.43,near,23,47.8261,25.996
kitti_mini,000011,pitch,2.0,pitch_2deg,2,Car,26.64,mid,176,44.3182,25.5451
kitti_mini,000011,pitch,2.0,pitch_2deg,3,Pedestrian,34.08,far,40,37.5,25.4201
kitti_mini,000011,pitch,2.0,pitch_2deg,5,Pedestrian,15.95,mid,74,72.973,25.814
kitti_mini,000011,pitch,3.0,pitch_3deg,0,Pedestrian,12.42,near,141,70.922,38.844
kitti_mini,000011,pitch,3.0,pitch_3deg,1,Pedestrian,13.43,near,23,34.7826,39.0811
kitti_mini,000011,pitch,3.0,pitch_3deg,2,Car,26.64,mid,176,25.5682,38.3654
kitti_mini,000011,pitch,3.0,pitch_3deg,3,Pedestrian,34.08,far,40,0.0,38.1616
kitti_mini,000011,pitch,3.0,pitch_3deg,5,Pedestrian,15.95,mid,74,52.7027,38.7938
kitti_mini,000011,roll,0.5,roll_0.5deg,0,Pedestrian,12.42,near,141,100.0,2.5779
kitti_mini,000011,roll,0.5,roll_0.5deg,1,Pedestrian,13.43,near,23,100.0,2.6345
kitti_mini,000011,roll,0.5,roll_0.5deg,2,Car,26.64,mid,176,100.0,1.1952
kitti_mini,000011,roll,0.5,roll_0.5deg,3,Pedestrian,34.08,far,40,100.0,0.4036
kitti_mini,000011,roll,0.5,roll_0.5deg,5,Pedestrian,15.95,mid,74,97.2973,3.156
kitti_mini,000011,roll,1.0,roll_1deg,0,Pedestrian,12.42,near,141,100.0,5.1559
kitti_mini,000011,roll,1.0,roll_1deg,1,Pedestrian,13.43,near,23,100.0,5.2691
kitti_mini,000011,roll,1.0,roll_1deg,2,Car,26.64,mid,176,100.0,2.3904
kitti_mini,000011,roll,1.0,roll_1deg,3,Pedestrian,34.08,far,40,100.0,0.8071
kitti_mini,000011,roll,1.0,roll_1deg,5,Pedestrian,15.95,mid,74,97.2973,6.3119
kitti_mini,000011,roll,2.0,roll_2deg,0,Pedestrian,12.42,near,141,97.1631,10.3117
kitti_mini,000011,roll,2.0,roll_2deg,1,Pedestrian,13.43,near,23,100.0,10.5382
kitti_mini,000011,roll,2.0,roll_2deg,2,Car,26.64,mid,176,92.6136,4.7805
kitti_mini,000011,roll,2.0,roll_2deg,3,Pedestrian,34.08,far,40,100.0,1.6142
kitti_mini,000011,roll,2.0,roll_2deg,5,Pedestrian,15.95,mid,74,91.8919,12.6227
kitti_mini,000011,roll,3.0,roll_3deg,0,Pedestrian,12.42,near,141,92.9078,15.4671
kitti_mini,000011,roll,3.0,roll_3deg,1,Pedestrian,13.43,near,23,82.6087,15.8068
kitti_mini,000011,roll,3.0,roll_3deg,2,Car,26.64,mid,176,90.3409,7.1702
kitti_mini,000011,roll,3.0,roll_3deg,3,Pedestrian,34.08,far,40,100.0,2.4212
kitti_mini,000011,roll,3.0,roll_3deg,5,Pedestrian,15.95,mid,74,77.027,18.932
kitti_mini,000011,tx,0.02,tx_2cm,0,Pedestrian,12.42,near,141,100.0,0.4803
kitti_mini,000011,tx,0.02,tx_2cm,1,Pedestrian,13.43,near,23,100.0,0.4563
kitti_mini,000011,tx,0.02,tx_2cm,2,Car,26.64,mid,176,100.0,0.1062
kitti_mini,000011,tx,0.02,tx_2cm,3,Pedestrian,34.08,far,40,100.0,0.0276
kitti_mini,000011,tx,0.02,tx_2cm,5,Pedestrian,15.95,mid,74,100.0,0.4497
kitti_mini,000011,tx,0.05,tx_5cm,0,Pedestrian,12.42,near,141,100.0,1.1979
kitti_mini,000011,tx,0.05,tx_5cm,1,Pedestrian,13.43,near,23,100.0,1.1381
kitti_mini,000011,tx,0.05,tx_5cm,2,Car,26.64,mid,176,100.0,0.2653
kitti_mini,000011,tx,0.05,tx_5cm,3,Pedestrian,34.08,far,40,97.5,0.069
kitti_mini,000011,tx,0.05,tx_5cm,5,Pedestrian,15.95,mid,74,100.0,1.1221
kitti_mini,000011,tx,0.1,tx_10cm,0,Pedestrian,12.42,near,141,99.2908,2.3862
kitti_mini,000011,tx,0.1,tx_10cm,1,Pedestrian,13.43,near,23,100.0,2.2677
kitti_mini,000011,tx,0.1,tx_10cm,2,Car,26.64,mid,176,100.0,0.5295
kitti_mini,000011,tx,0.1,tx_10cm,3,Pedestrian,34.08,far,40,97.5,0.1378
kitti_mini,000011,tx,0.1,tx_10cm,5,Pedestrian,15.95,mid,74,98.6486,2.2372
kitti_mini,000011,ty,0.02,ty_2cm,0,Pedestrian,12.42,near,141,100.0,1.1668
kitti_mini,000011,ty,0.02,ty_2cm,1,Pedestrian,13.43,near,23,100.0,1.0801
kitti_mini,000011,ty,0.02,ty_2cm,2,Car,26.64,mid,176,100.0,0.5716
kitti_mini,000011,ty,0.02,ty_2cm,3,Pedestrian,34.08,far,40,95.0,0.4242
kitti_mini,000011,ty,0.02,ty_2cm,5,Pedestrian,15.95,mid,74,100.0,0.9057
kitti_mini,000011,ty,0.05,ty_5cm,0,Pedestrian,12.42,near,141,99.2908,2.917
kitti_mini,000011,ty,0.05,ty_5cm,1,Pedestrian,13.43,near,23,100.0,2.7003
kitti_mini,000011,ty,0.05,ty_5cm,2,Car,26.64,mid,176,100.0,1.4289
kitti_mini,000011,ty,0.05,ty_5cm,3,Pedestrian,34.08,far,40,95.0,1.0604
kitti_mini,000011,ty,0.05,ty_5cm,5,Pedestrian,15.95,mid,74,100.0,2.2644
kitti_mini,000011,ty,0.1,ty_10cm,0,Pedestrian,12.42,near,141,97.8723,5.834
kitti_mini,000011,ty,0.1,ty_10cm,1,Pedestrian,13.43,near,23,100.0,5.4006
kitti_mini,000011,ty,0.1,ty_10cm,2,Car,26.64,mid,176,100.0,2.8579
kitti_mini,000011,ty,0.1,ty_10cm,3,Pedestrian,34.08,far,40,87.5,2.1208
kitti_mini,000011,ty,0.1,ty_10cm,5,Pedestrian,15.95,mid,74,98.6486,4.5287
kitti_mini,000011,tz,0.02,tz_2cm,0,Pedestrian,12.42,near,141,100.0,1.1673
kitti_mini,000011,tz,0.02,tz_2cm,1,Pedestrian,13.43,near,23,100.0,1.0808
kitti_mini,000011,tz,0.02,tz_2cm,2,Car,26.64,mid,176,100.0,0.5718
kitti_mini,000011,tz,0.02,tz_2cm,3,Pedestrian,34.08,far,40,100.0,0.4242
kitti_mini,000011,tz,0.02,tz_2cm,5,Pedestrian,15.95,mid,74,100.0,0.9064
kitti_mini,000011,tz,0.05,tz_5cm,0,Pedestrian,12.42,near,141,100.0,2.9181
kitti_mini,000011,tz,0.05,tz_5cm,1,Pedestrian,13.43,near,23,100.0,2.702
kitti_mini,000011,tz,0.05,tz_5cm,2,Car,26.64,mid,176,100.0,1.4294
kitti_mini,000011,tz,0.05,tz_5cm,3,Pedestrian,34.08,far,40,100.0,1.0605
kitti_mini,000011,tz,0.05,tz_5cm,5,Pedestrian,15.95,mid,74,100.0,2.2659
kitti_mini,000011,tz,0.1,tz_10cm,0,Pedestrian,12.42,near,141,100.0,5.836
kitti_mini,000011,tz,0.1,tz_10cm,1,Pedestrian,13.43,near,23,100.0,5.4037
kitti_mini,000011,tz,0.1,tz_10cm,2,Car,26.64,mid,176,100.0,2.8588
kitti_mini,000011,tz,0.1,tz_10cm,3,Pedestrian,34.08,far,40,100.0,2.121
kitti_mini,000011,tz,0.1,tz_10cm,5,Pedestrian,15.95,mid,74,97.2973,4.5317
kitti_mini,000012,baseline,0.0,baseline,0,Car,58.84,far,13,100.0,0.0
kitti_mini,000012,baseline,0.0,baseline,1,Van,65.02,far,39,100.0,0.0
kitti_mini,000012,yaw,0.5,yaw_0.5deg,0,Car,58.84,far,13,100.0,6.3813
kitti_mini,000012,yaw,0.5,yaw_0.5deg,1,Van,65.02,far,39,89.7436,6.5901
kitti_mini,000012,yaw,1.0,yaw_1deg,0,Car,58.84,far,13,84.6154,12.7528
kitti_mini,000012,yaw,1.0,yaw_1deg,1,Van,65.02,far,39,58.9744,13.2043
kitti_mini,000012,yaw,2.0,yaw_2deg,0,Car,58.84,far,13,7.6923,25.4706
kitti_mini,000012,yaw,2.0,yaw_2deg,1,Van,65.02,far,39,10.2564,26.51
kitti_mini,000012,yaw,3.0,yaw_3deg,0,Car,58.84,far,13,0.0,38.1613
kitti_mini,000012,yaw,3.0,yaw_3deg,1,Van,65.02,far,39,0.0,39.9265
kitti_mini,000012,pitch,0.5,pitch_0.5deg,0,Car,58.84,far,13,69.2308,6.335
kitti_mini,000012,pitch,0.5,pitch_0.5deg,1,Van,65.02,far,39,100.0,6.3304
kitti_mini,000012,pitch,1.0,pitch_1deg,0,Car,58.84,far,13,7.6923,12.6747
kitti_mini,000012,pitch,1.0,pitch_1deg,1,Van,65.02,far,39,46.1538,12.6649
kitti_mini,000012,pitch,2.0,pitch_2deg,0,Car,58.84,far,13,0.0,25.3718
kitti_mini,000012,pitch,2.0,pitch_2deg,1,Van,65.02,far,39,28.2051,25.3503
kitti_mini,000012,pitch,3.0,pitch_3deg,0,Car,58.84,far,13,0.0,38.0991
kitti_mini,000012,pitch,3.0,pitch_3deg,1,Van,65.02,far,39,0.0,38.0643
kitti_mini,000012,roll,0.5,roll_0.5deg,0,Car,58.84,far,13,100.0,0.6231
kitti_mini,000012,roll,0.5,roll_0.5deg,1,Van,65.02,far,39,100.0,1.2733
kitti_mini,000012,roll,1.0,roll_1deg,0,Car,58.84,far,13,100.0,1.2461
kitti_mini,000012,roll,1.0,roll_1deg,1,Van,65.02,far,39,100.0,2.5465
kitti_mini,000012,roll,2.0,roll_2deg,0,Car,58.84,far,13,100.0,2.4922
kitti_mini,000012,roll,2.0,roll_2deg,1,Van,65.02,far,39,71.7949,5.0928
kitti_mini,000012,roll,3.0,roll_3deg,0,Car,58.84,far,13,100.0,3.7381
kitti_mini,000012,roll,3.0,roll_3deg,1,Van,65.02,far,39,71.7949,7.6386
kitti_mini,000012,tx,0.02,tx_2cm,0,Car,58.84,far,13,100.0,0.0251
kitti_mini,000012,tx,0.02,tx_2cm,1,Van,65.02,far,39,100.0,0.0459
kitti_mini,000012,tx,0.05,tx_5cm,0,Car,58.84,far,13,100.0,0.0628
kitti_mini,000012,tx,0.05,tx_5cm,1,Van,65.02,far,39,100.0,0.1146
kitti_mini,000012,tx,0.1,tx_10cm,0,Car,58.84,far,13,100.0,0.1254
kitti_mini,000012,tx,0.1,tx_10cm,1,Van,65.02,far,39,100.0,0.229
kitti_mini,000012,ty,0.02,ty_2cm,0,Car,58.84,far,13,100.0,0.2524
kitti_mini,000012,ty,0.02,ty_2cm,1,Van,65.02,far,39,100.0,0.23
kitti_mini,000012,ty,0.05,ty_5cm,0,Car,58.84,far,13,100.0,0.631
kitti_mini,000012,ty,0.05,ty_5cm,1,Van,65.02,far,39,100.0,0.5751
kitti_mini,000012,ty,0.1,ty_10cm,0,Car,58.84,far,13,100.0,1.2619
kitti_mini,000012,ty,0.1,ty_10cm,1,Van,65.02,far,39,100.0,1.1501
kitti_mini,000012,tz,0.02,tz_2cm,0,Car,58.84,far,13,100.0,0.2525
kitti_mini,000012,tz,0.02,tz_2cm,1,Van,65.02,far,39,100.0,0.2301
kitti_mini,000012,tz,0.05,tz_5cm,0,Car,58.84,far,13,100.0,0.6312
kitti_mini,000012,tz,0.05,tz_5cm,1,Van,65.02,far,39,100.0,0.5752
kitti_mini,000012,tz,0.1,tz_10cm,0,Car,58.84,far,13,100.0,1.2623
kitti_mini,000012,tz,0.1,tz_10cm,1,Van,65.02,far,39,100.0,1.1504
kitti_mini,000015,baseline,0.0,baseline,1,Pedestrian,7.59,near,357,97.479,0.0
kitti_mini,000015,baseline,0.0,baseline,2,Pedestrian,24.14,mid,51,88.2353,0.0
kitti_mini,000015,baseline,0.0,baseline,3,Pedestrian,24.22,mid,68,83.8235,0.0
kitti_mini,000015,baseline,0.0,baseline,4,Pedestrian,23.3,mid,63,100.0,0.0
kitti_mini,000015,yaw,0.5,yaw_0.5deg,1,Pedestrian,7.59,near,357,86.2745,8.8467
kitti_mini,000015,yaw,0.5,yaw_0.5deg,2,Pedestrian,24.14,mid,51,35.2941,6.4014
kitti_mini,000015,yaw,0.5,yaw_0.5deg,3,Pedestrian,24.22,mid,68,44.1176,6.4436
kitti_mini,000015,yaw,0.5,yaw_0.5deg,4,Pedestrian,23.3,mid,63,74.6032,6.3794
kitti_mini,000015,yaw,1.0,yaw_1deg,1,Pedestrian,7.59,near,357,69.1877,17.599
kitti_mini,000015,yaw,1.0,yaw_1deg,2,Pedestrian,24.14,mid,51,0.0,12.7919
kitti_mini,000015,yaw,1.0,yaw_1deg,3,Pedestrian,24.22,mid,68,8.8235,12.8729
kitti_mini,000015,yaw,1.0,yaw_1deg,4,Pedestrian,23.3,mid,63,25.3968,12.7683
kitti_mini,000015,yaw,2.0,yaw_2deg,1,Pedestrian,7.59,near,357,30.2521,34.8319
kitti_mini,000015,yaw,2.0,yaw_2deg,2,Pedestrian,24.14,mid,51,0.0,25.5444
kitti_mini,000015,yaw,2.0,yaw_2deg,3,Pedestrian,24.22,mid,68,0.0,25.6932
kitti_mini,000015,yaw,2.0,yaw_2deg,4,Pedestrian,23.3,mid,63,0.0,25.5789
kitti_mini,000015,yaw,3.0,yaw_3deg,1,Pedestrian,7.59,near,357,3.6415,51.72
kitti_mini,000015,yaw,3.0,yaw_3deg,2,Pedestrian,24.14,mid,51,0.0,38.2656
kitti_mini,000015,yaw,3.0,yaw_3deg,3,Pedestrian,24.22,mid,68,0.0,38.4689
kitti_mini,000015,yaw,3.0,yaw_3deg,4,Pedestrian,23.3,mid,63,0.0,38.4397
kitti_mini,000015,pitch,0.5,pitch_0.5deg,1,Pedestrian,7.59,near,357,97.7591,6.5542
kitti_mini,000015,pitch,0.5,pitch_0.5deg,2,Pedestrian,24.14,mid,51,88.2353,6.3446
kitti_mini,000015,pitch,0.5,pitch_0.5deg,3,Pedestrian,24.22,mid,68,85.2941,6.3457
kitti_mini,000015,pitch,0.5,pitch_0.5deg,4,Pedestrian,23.3,mid,63,100.0,6.341
kitti_mini,000015,pitch,1.0,pitch_1deg,1,Pedestrian,7.59,near,357,98.0392,13.1203
kitti_mini,000015,pitch,1.0,pitch_1deg,2,Pedestrian,24.14,mid,51,76.4706,12.6924
kitti_mini,000015,pitch,1.0,pitch_1deg,3,Pedestrian,24.22,mid,68,70.5882,12.6949
kitti_mini,000015,pitch,1.0,pitch_1deg,4,Pedestrian,23.3,mid,63,88.8889,12.6851
kitti_mini,000015,pitch,2.0,pitch_2deg,1,Pedestrian,7.59,near,357,93.8375,26.2929
kitti_mini,000015,pitch,2.0,pitch_2deg,2,Pedestrian,24.14,mid,51,54.902,25.4015
kitti_mini,000015,pitch,2.0,pitch_2deg,3,Pedestrian,24.22,mid,68,45.5882,25.4082
kitti_mini,000015,pitch,2.0,pitch_2deg,4,Pedestrian,23.3,mid,63,58.7302,25.3867
kitti_mini,000015,pitch,3.0,pitch_3deg,1,Pedestrian,7.59,near,357,88.5154,39.528
kitti_mini,000015,pitch,3.0,pitch_3deg,2,Pedestrian,24.14,mid,51,21.5686,38.1353
kitti_mini,000015,pitch,3.0,pitch_3deg,3,Pedestrian,24.22,mid,68,20.5882,38.148
kitti_mini,000015,pitch,3.0,pitch_3deg,4,Pedestrian,23.3,mid,63,19.0476,38.1128
kitti_mini,000015,roll,0.5,roll_0.5deg,1,Pedestrian,7.59,near,357,97.1989,3.868
kitti_mini,000015,roll,0.5,roll_0.5deg,2,Pedestrian,24.14,mid,51,88.2353,0.6514
kitti_mini,000015,roll,0.5,roll_0.5deg,3,Pedestrian,24.22,mid,68,83.8235,0.8344
kitti_mini,000015,roll,0.5,roll_0.5deg,4,Pedestrian,23.3,mid,63,100.0,0.5415
kitti_mini,000015,roll,1.0,roll_1deg,1,Pedestrian,7.59,near,357,96.9188,7.7358
kitti_mini,000015,roll,1.0,roll_1deg,2,Pedestrian,24.14,mid,51,88.2353,1.3028
kitti_mini,000015,roll,1.0,roll_1deg,3,Pedestrian,24.22,mid,68,83.8235,1.6687
kitti_mini,000015,roll,1.0,roll_1deg,4,Pedestrian,23.3,mid,63,100.0,1.0829
kitti_mini,000015,roll,2.0,roll_2deg,1,Pedestrian,7.59,near,357,95.7983,15.4706
kitti_mini,000015,roll,2.0,roll_2deg,2,Pedestrian,24.14,mid,51,84.3137,2.6056
kitti_mini,000015,roll,2.0,roll_2deg,3,Pedestrian,24.22,mid,68,80.8824,3.3372
kitti_mini,000015,roll,2.0,roll_2deg,4,Pedestrian,23.3,mid,63,100.0,2.1658
kitti_mini,000015,roll,3.0,roll_3deg,1,Pedestrian,7.59,near,357,92.7171,23.2039
kitti_mini,000015,roll,3.0,roll_3deg,2,Pedestrian,24.14,mid,51,80.3922,3.9081
kitti_mini,000015,roll,3.0,roll_3deg,3,Pedestrian,24.22,mid,68,80.8824,5.0055
kitti_mini,000015,roll,3.0,roll_3deg,4,Pedestrian,23.3,mid,63,100.0,3.2484
kitti_mini,000015,tx,0.02,tx_2cm,1,Pedestrian,7.59,near,357,97.1989,1.186
kitti_mini,000015,tx,0.02,tx_2cm,2,Pedestrian,24.14,mid,51,88.2353,0.0628
kitti_mini,000015,tx,0.02,tx_2cm,3,Pedestrian,24.22,mid,68,83.8235,0.0797
kitti_mini,000015,tx,0.02,tx_2cm,4,Pedestrian,23.3,mid,63,100.0,0.0515
kitti_mini,000015,tx,0.05,tx_5cm,1,Pedestrian,7.59,near,357,95.7983,2.9535
kitti_mini,000015,tx,0.05,tx_5cm,2,Pedestrian,24.14,mid,51,88.2353,0.1568
kitti_mini,000015,tx,0.05,tx_5cm,3,Pedestrian,24.22,mid,68,83.8235,0.1991
kitti_mini,000015,tx,0.05,tx_5cm,4,Pedestrian,23.3,mid,63,100.0,0.1285
kitti_mini,000015,tx,0.1,tx_10cm,1,Pedestrian,7.59,near,357,91.8768,5.8686
kitti_mini,000015,tx,0.1,tx_10cm,2,Pedestrian,24.14,mid,51,86.2745,0.3129
kitti_mini,000015,tx,0.1,tx_10cm,3,Pedestrian,24.22,mid,68,83.8235,0.3973
kitti_mini,000015,tx,0.1,tx_10cm,4,Pedestrian,23.3,mid,63,100.0,0.2565
kitti_mini,000015,ty,0.02,ty_2cm,1,Pedestrian,7.59,near,357,96.6387,1.9111
kitti_mini,000015,ty,0.02,ty_2cm,2,Pedestrian,24.14,mid,51,86.2745,0.5949
kitti_mini,000015,ty,0.02,ty_2cm,3,Pedestrian,24.22,mid,68,82.3529,0.5942
kitti_mini,000015,ty,0.02,ty_2cm,4,Pedestrian,23.3,mid,63,100.0,0.6165
kitti_mini,000015,ty,0.05,ty_5cm,1,Pedestrian,7.59,near,357,93.2773,4.7777
kitti_mini,000015,ty,0.05,ty_5cm,2,Pedestrian,24.14,mid,51,80.3922,1.4873
kitti_mini,000015,ty,0.05,ty_5cm,3,Pedestrian,24.22,mid,68,76.4706,1.4855
kitti_mini,000015,ty,0.05,ty_5cm,4,Pedestrian,23.3,mid,63,95.2381,1.5412
kitti_mini,000015,ty,0.1,ty_10cm,1,Pedestrian,7.59,near,357,84.5938,9.5551
kitti_mini,000015,ty,0.1,ty_10cm,2,Pedestrian,24.14,mid,51,68.6275,2.9746
kitti_mini,000015,ty,0.1,ty_10cm,3,Pedestrian,24.22,mid,68,67.6471,2.971
kitti_mini,000015,ty,0.1,ty_10cm,4,Pedestrian,23.3,mid,63,92.0635,3.0823
kitti_mini,000015,tz,0.02,tz_2cm,1,Pedestrian,7.59,near,357,97.479,1.9053
kitti_mini,000015,tz,0.02,tz_2cm,2,Pedestrian,24.14,mid,51,88.2353,0.5946
kitti_mini,000015,tz,0.02,tz_2cm,3,Pedestrian,24.22,mid,68,83.8235,0.5938
kitti_mini,000015,tz,0.02,tz_2cm,4,Pedestrian,23.3,mid,63,100.0,0.6167
kitti_mini,000015,tz,0.05,tz_5cm,1,Pedestrian,7.59,near,357,97.479,4.7633
kitti_mini,000015,tz,0.05,tz_5cm,2,Pedestrian,24.14,mid,51,88.2353,1.4865
kitti_mini,000015,tz,0.05,tz_5cm,3,Pedestrian,24.22,mid,68,83.8235,1.4844
kitti_mini,000015,tz,0.05,tz_5cm,4,Pedestrian,23.3,mid,63,100.0,1.5418
kitti_mini,000015,tz,0.1,tz_10cm,1,Pedestrian,7.59,near,357,97.479,9.5269
kitti_mini,000015,tz,0.1,tz_10cm,2,Pedestrian,24.14,mid,51,88.2353,2.9731
kitti_mini,000015,tz,0.1,tz_10cm,3,Pedestrian,24.22,mid,68,83.8235,2.9689
kitti_mini,000015,tz,0.1,tz_10cm,4,Pedestrian,23.3,mid,63,100.0,3.0836
kitti_mini,000016,baseline,0.0,baseline,0,Car,44.41,far,24,100.0,0.0
kitti_mini,000016,baseline,0.0,baseline,1,Truck,26.41,mid,1973,100.0,0.0
kitti_mini,000016,baseline,0.0,baseline,2,Car,33.13,far,46,100.0,0.0
kitti_mini,000016,baseline,0.0,baseline,4,Car,46.74,far,10,100.0,0.0
kitti_mini,000016,yaw,0.5,yaw_0.5deg,0,Car,44.41,far,24,75.0,6.3804
kitti_mini,000016,yaw,0.5,yaw_0.5deg,1,Truck,26.41,mid,1973,99.5438,7.5079
kitti_mini,000016,yaw,0.5,yaw_0.5deg,2,Car,33.13,far,46,89.1304,6.4575
kitti_mini,000016,yaw,0.5,yaw_0.5deg,4,Car,46.74,far,10,80.0,6.4644
kitti_mini,000016,yaw,1.0,yaw_1deg,0,Car,44.41,far,24,45.8333,12.7521
kitti_mini,000016,yaw,1.0,yaw_1deg,1,Truck,26.41,mid,1973,97.9219,15.0726
kitti_mini,000016,yaw,1.0,yaw_1deg,2,Car,33.13,far,46,71.7391,12.9009
kitti_mini,000016,yaw,1.0,yaw_1deg,4,Car,46.74,far,10,70.0,12.9455
kitti_mini,000016,yaw,2.0,yaw_2deg,0,Car,44.41,far,24,0.0,25.4735
kitti_mini,000016,yaw,2.0,yaw_2deg,1,Truck,26.41,mid,1973,94.8809,30.3798
kitti_mini,000016,yaw,2.0,yaw_2deg,2,Car,33.13,far,46,41.3043,25.7496
kitti_mini,000016,yaw,2.0,yaw_2deg,4,Car,46.74,far,10,10.0,25.962
kitti_mini,000016,yaw,3.0,yaw_3deg,0,Car,44.41,far,24,0.0,38.1721
kitti_mini,000016,yaw,3.0,yaw_3deg,1,Truck,26.41,mid,1973,91.333,45.9369
kitti_mini,000016,yaw,3.0,yaw_3deg,2,Car,33.13,far,46,0.0,38.5544
kitti_mini,000016,yaw,3.0,yaw_3deg,4,Car,46.74,far,10,0.0,39.0582
kitti_mini,000016,pitch,0.5,pitch_0.5deg,0,Car,44.41,far,24,62.5,6.3426
kitti_mini,000016,pitch,0.5,pitch_0.5deg,1,Truck,26.41,mid,1973,100.0,6.3808
kitti_mini,000016,pitch,0.5,pitch_0.5deg,2,Car,33.13,far,46,91.3043,6.3573
kitti_mini,000016,pitch,0.5,pitch_0.5deg,4,Car,46.74,far,10,40.0,6.3443
kitti_mini,000016,pitch,1.0,pitch_1deg,0,Car,44.41,far,24,0.0,12.6891
kitti_mini,000016,pitch,1.0,pitch_1deg,1,Truck,26.41,mid,1973,100.0,12.7635
kitti_mini,000016,pitch,1.0,pitch_1deg,2,Car,33.13,far,46,82.6087,12.7186
kitti_mini,000016,pitch,1.0,pitch_1deg,4,Car,46.74,far,10,0.0,12.6938
kitti_mini,000016,pitch,2.0,pitch_2deg,0,Car,44.41,far,24,0.0,25.3977
kitti_mini,000016,pitch,2.0,pitch_2deg,1,Truck,26.41,mid,1973,97.9219,25.5371
kitti_mini,000016,pitch,2.0,pitch_2deg,2,Car,33.13,far,46,8.6957,25.4571
kitti_mini,000016,pitch,2.0,pitch_2deg,4,Car,46.74,far,10,0.0,25.4124
kitti_mini,000016,pitch,3.0,pitch_3deg,0,Car,44.41,far,24,0.0,38.1336
kitti_mini,000016,pitch,3.0,pitch_3deg,1,Truck,26.41,mid,1973,87.8358,38.3271
kitti_mini,000016,pitch,3.0,pitch_3deg,2,Car,33.13,far,46,0.0,38.2236
kitti_mini,000016,pitch,3.0,pitch_3deg,4,Car,46.74,far,10,0.0,38.1638
kitti_mini,000016,roll,0.5,roll_0.5deg,0,Car,44.41,far,24,100.0,0.5465
kitti_mini,000016,roll,0.5,roll_0.5deg,1,Truck,26.41,mid,1973,100.0,2.6543
kitti_mini,000016,roll,0.5,roll_0.5deg,2,Car,33.13,far,46,100.0,0.8416
kitti_mini,000016,roll,0.5,roll_0.5deg,4,Car,46.74,far,10,100.0,0.8896
kitti_mini,000016,roll,1.0,roll_1deg,0,Car,44.41,far,24,100.0,1.0929
kitti_mini,000016,roll,1.0,roll_1deg,1,Truck,26.41,mid,1973,100.0,5.3085
kitti_mini,000016,roll,1.0,roll_1deg,2,Car,33.13,far,46,100.0,1.6832
kitti_mini,000016,roll,1.0,roll_1deg,4,Car,46.74,far,10,100.0,1.7791
kitti_mini,000016,roll,2.0,roll_2deg,0,Car,44.41,far,24,100.0,2.1858
kitti_mini,000016,roll,2.0,roll_2deg,1,Truck,26.41,mid,1973,100.0,10.6162
kitti_mini,000016,roll,2.0,roll_2deg,2,Car,33.13,far,46,100.0,3.3664
kitti_mini,000016,roll,2.0,roll_2deg,4,Car,46.74,far,10,100.0,3.558
kitti_mini,000016,roll,3.0,roll_3deg,0,Car,44.41,far,24,87.5,3.2785
kitti_mini,000016,roll,3.0,roll_3deg,1,Truck,26.41,mid,1973,100.0,15.9227
kitti_mini,000016,roll,3.0,roll_3deg,2,Car,33.13,far,46,91.3043,5.0493
kitti_mini,000016,roll,3.0,roll_3deg,4,Car,46.74,far,10,100.0,5.3365
kitti_mini,000016,tx,0.02,tx_2cm,0,Car,44.41,far,24,100.0,0.03
kitti_mini,000016,tx,0.02,tx_2cm,1,Truck,26.41,mid,1973,100.0,0.2719
kitti_mini,000016,tx,0.02,tx_2cm,2,Car,33.13,far,46,100.0,0.0626
kitti_mini,000016,tx,0.02,tx_2cm,4,Car,46.74,far,10,100.0,0.0445
kitti_mini,000016,tx,0.05,tx_5cm,0,Car,44.41,far,24,100.0,0.0749
kitti_mini,000016,tx,0.05,tx_5cm,1,Truck,26.41,mid,1973,100.0,0.6789
kitti_mini,000016,tx,0.05,tx_5cm,2,Car,33.13,far,46,100.0,0.1565
kitti_mini,000016,tx,0.05,tx_5cm,4,Car,46.74,far,10,100.0,0.1112
kitti_mini,000016,tx,0.1,tx_10cm,0,Car,44.41,far,24,100.0,0.1495
kitti_mini,000016,tx,0.1,tx_10cm,1,Truck,26.41,mid,1973,100.0,1.3547
kitti_mini,000016,tx,0.1,tx_10cm,2,Car,33.13,far,46,100.0,0.3124
kitti_mini,000016,tx,0.1,tx_10cm,4,Car,46.74,far,10,100.0,0.2221
kitti_mini,000016,ty,0.02,ty_2cm,0,Car,44.41,far,24,100.0,0.3401
kitti_mini,000016,ty,0.02,ty_2cm,1,Truck,26.41,mid,1973,100.0,0.6512
kitti_mini,000016,ty,0.02,ty_2cm,2,Car,33.13,far,46,100.0,0.4628
kitti_mini,000016,ty,0.02,ty_2cm,4,Car,46.74,far,10,100.0,0.3191
kitti_mini,000016,ty,0.05,ty_5cm,0,Car,44.41,far,24,100.0,0.8503
kitti_mini,000016,ty,0.05,ty_5cm,1,Truck,26.41,mid,1973,100.0,1.6279
kitti_mini,000016,ty,0.05,ty_5cm,2,Car,33.13,far,46,100.0,1.157
kitti_mini,000016,ty,0.05,ty_5cm,4,Car,46.74,far,10,100.0,0.7977
kitti_mini,000016,ty,0.1,ty_10cm,0,Car,44.41,far,24,100.0,1.7005
kitti_mini,000016,ty,0.1,ty_10cm,1,Truck,26.41,mid,1973,100.0,3.2558
kitti_mini,000016,ty,0.1,ty_10cm,2,Car,33.13,far,46,100.0,2.314
kitti_mini,000016,ty,0.1,ty_10cm,4,Car,46.74,far,10,100.0,1.5955
kitti_mini,000016,tz,0.02,tz_2cm,0,Car,44.41,far,24,100.0,0.3402
kitti_mini,000016,tz,0.02,tz_2cm,1,Truck,26.41,mid,1973,100.0,0.6511
kitti_mini,000016,tz,0.02,tz_2cm,2,Car,33.13,far,46,100.0,0.4629
kitti_mini,000016,tz,0.02,tz_2cm,4,Car,46.74,far,10,100.0,0.3192
kitti_mini,000016,tz,0.05,tz_5cm,0,Car,44.41,far,24,100.0,0.8504
kitti_mini,000016,tz,0.05,tz_5cm,1,Truck,26.41,mid,1973,100.0,1.6279
kitti_mini,000016,tz,0.05,tz_5cm,2,Car,33.13,far,46,100.0,1.1572
kitti_mini,000016,tz,0.05,tz_5cm,4,Car,46.74,far,10,100.0,0.798
kitti_mini,000016,tz,0.1,tz_10cm,0,Car,44.41,far,24,100.0,1.7008
kitti_mini,000016,tz,0.1,tz_10cm,1,Truck,26.41,mid,1973,100.0,3.2556
kitti_mini,000016,tz,0.1,tz_10cm,2,Car,33.13,far,46,100.0,2.3144
kitti_mini,000016,tz,0.1,tz_10cm,4,Car,46.74,far,10,100.0,1.596
kitti_mini,000019,baseline,0.0,baseline,1,Car,9.72,near,1064,100.0,0.0
kitti_mini,000019,baseline,0.0,baseline,2,Van,35.34,far,98,100.0,0.0
kitti_mini,000019,baseline,0.0,baseline,3,Car,59.59,far,19,100.0,0.0
kitti_mini,000019,yaw,0.5,yaw_0.5deg,1,Car,9.72,near,1064,100.0,7.0906
kitti_mini,000019,yaw,0.5,yaw_0.5deg,2,Van,35.34,far,98,93.8776,6.378
kitti_mini,000019,yaw,0.5,yaw_0.5deg,3,Car,59.59,far,19,68.4211,6.3601
kitti_mini,000019,yaw,1.0,yaw_1deg,1,Car,9.72,near,1064,99.0602,14.1433
kitti_mini,000019,yaw,1.0,yaw_1deg,2,Van,35.34,far,98,75.5102,12.749
kitti_mini,000019,yaw,1.0,yaw_1deg,3,Car,59.59,far,19,31.5789,12.7287
kitti_mini,000019,yaw,2.0,yaw_2deg,1,Car,9.72,near,1064,93.609,28.1414
kitti_mini,000019,yaw,2.0,yaw_2deg,2,Van,35.34,far,98,41.8367,25.4738
kitti_mini,000019,yaw,2.0,yaw_2deg,3,Car,59.59,far,19,0.0,25.4954
kitti_mini,000019,yaw,3.0,yaw_3deg,1,Car,9.72,near,1064,87.688,42.0061
kitti_mini,000019,yaw,3.0,yaw_3deg,2,Van,35.34,far,98,12.2449,38.1823
kitti_mini,000019,yaw,3.0,yaw_3deg,3,Car,59.59,far,19,0.0,38.3082
kitti_mini,000019,pitch,0.5,pitch_0.5deg,1,Car,9.72,near,1064,100.0,6.5851
kitti_mini,000019,pitch,0.5,pitch_0.5deg,2,Van,35.34,far,98,98.9796,6.3577
kitti_mini,000019,pitch,0.5,pitch_0.5deg,3,Car,59.59,far,19,78.9474,6.3324
kitti_mini,000019,pitch,1.0,pitch_1deg,1,Car,9.72,near,1064,100.0,13.1857
kitti_mini,000019,pitch,1.0,pitch_1deg,2,Van,35.34,far,98,66.3265,12.7203
kitti_mini,000019,pitch,1.0,pitch_1deg,3,Car,59.59,far,19,5.2632,12.6688
kitti_mini,000019,pitch,2.0,pitch_2deg,1,Car,9.72,near,1064,98.5902,26.4336
kitti_mini,000019,pitch,2.0,pitch_2deg,2,Van,35.34,far,98,12.2449,25.4644
kitti_mini,000019,pitch,2.0,pitch_2deg,3,Car,59.59,far,19,0.0,25.3576
kitti_mini,000019,pitch,3.0,pitch_3deg,1,Car,9.72,near,1064,90.5075,39.7569
kitti_mini,000019,pitch,3.0,pitch_3deg,2,Van,35.34,far,98,0.0,38.2402
kitti_mini,000019,pitch,3.0,pitch_3deg,3,Car,59.59,far,19,0.0,38.0742
kitti_mini,000019,roll,0.5,roll_0.5deg,1,Car,9.72,near,1064,100.0,2.0373
kitti_mini,000019,roll,0.5,roll_0.5deg,2,Van,35.34,far,98,100.0,0.4742
kitti_mini,000019,roll,0.5,roll_0.5deg,3,Car,59.59,far,19,100.0,0.4481
kitti_mini,000019,roll,1.0,roll_1deg,1,Car,9.72,near,1064,100.0,4.0747
kitti_mini,000019,roll,1.0,roll_1deg,2,Van,35.34,far,98,100.0,0.9483
kitti_mini,000019,roll,1.0,roll_1deg,3,Car,59.59,far,19,100.0,0.8962
kitti_mini,000019,roll,2.0,roll_2deg,1,Car,9.72,near,1064,100.0,8.1492
kitti_mini,000019,roll,2.0,roll_2deg,2,Van,35.34,far,98,100.0,1.8966
kitti_mini,000019,roll,2.0,roll_2deg,3,Car,59.59,far,19,100.0,1.7923
kitti_mini,000019,roll,3.0,roll_3deg,1,Car,9.72,near,1064,100.0,12.2234
kitti_mini,000019,roll,3.0,roll_3deg,2,Van,35.34,far,98,98.9796,2.8448
kitti_mini,000019,roll,3.0,roll_3deg,3,Car,59.59,far,19,100.0,2.6883
kitti_mini,000019,tx,0.02,tx_2cm,1,Car,9.72,near,1064,100.0,0.568
kitti_mini,000019,tx,0.02,tx_2cm,2,Van,35.34,far,98,100.0,0.0331
kitti_mini,000019,tx,0.02,tx_2cm,3,Car,59.59,far,19,100.0,0.0174
kitti_mini,000019,tx,0.05,tx_5cm,1,Car,9.72,near,1064,100.0,1.415
kitti_mini,000019,tx,0.05,tx_5cm,2,Van,35.34,far,98,100.0,0.0826
kitti_mini,000019,tx,0.05,tx_5cm,3,Car,59.59,far,19,100.0,0.0435
kitti_mini,000019,tx,0.1,tx_10cm,1,Car,9.72,near,1064,100.0,2.8134
kitti_mini,000019,tx,0.1,tx_10cm,2,Van,35.34,far,98,100.0,0.1649
kitti_mini,000019,tx,0.1,tx_10cm,3,Car,59.59,far,19,100.0,0.087
kitti_mini,000019,ty,0.02,ty_2cm,1,Car,9.72,near,1064,100.0,1.7622
kitti_mini,000019,ty,0.02,ty_2cm,2,Van,35.34,far,98,100.0,0.4328
kitti_mini,000019,ty,0.02,ty_2cm,3,Car,59.59,far,19,100.0,0.2497
kitti_mini,000019,ty,0.05,ty_5cm,1,Car,9.72,near,1064,100.0,4.4056
kitti_mini,000019,ty,0.05,ty_5cm,2,Van,35.34,far,98,100.0,1.082
kitti_mini,000019,ty,0.05,ty_5cm,3,Car,59.59,far,19,100.0,0.6243
kitti_mini,000019,ty,0.1,ty_10cm,1,Car,9.72,near,1064,100.0,8.8112
kitti_mini,000019,ty,0.1,ty_10cm,2,Van,35.34,far,98,100.0,2.164
kitti_mini,000019,ty,0.1,ty_10cm,3,Car,59.59,far,19,100.0,1.2485
kitti_mini,000019,tz,0.02,tz_2cm,1,Car,9.72,near,1064,100.0,1.7644
kitti_mini,000019,tz,0.02,tz_2cm,2,Van,35.34,far,98,100.0,0.4329
kitti_mini,000019,tz,0.02,tz_2cm,3,Car,59.59,far,19,100.0,0.2498
kitti_mini,000019,tz,0.05,tz_5cm,1,Car,9.72,near,1064,97.9323,4.4109
kitti_mini,000019,tz,0.05,tz_5cm,2,Van,35.34,far,98,100.0,1.0823
kitti_mini,000019,tz,0.05,tz_5cm,3,Car,59.59,far,19,100.0,0.6244
kitti_mini,000019,tz,0.1,tz_10cm,1,Car,9.72,near,1064,94.3609,8.8212
kitti_mini,000019,tz,0.1,tz_10cm,2,Van,35.34,far,98,100.0,2.1646
kitti_mini,000019,tz,0.1,tz_10cm,3,Car,59.59,far,19,100.0,1.2489
kitti_mini,000021,baseline,0.0,baseline,1,Car,13.3,near,778,100.0,0.0
kitti_mini,000021,baseline,0.0,baseline,2,Car,17.6,mid,204,100.0,0.0
kitti_mini,000021,baseline,0.0,baseline,3,Van,21.3,mid,933,100.0,0.0
kitti_mini,000021,baseline,0.0,baseline,4,Car,25.97,mid,146,100.0,0.0
kitti_mini,000021,baseline,0.0,baseline,5,Car,26.83,mid,107,100.0,0.0
kitti_mini,000021,baseline,0.0,baseline,6,Car,32.13,far,45,100.0,0.0
kitti_mini,000021,baseline,0.0,baseline,7,Car,31.78,far,26,100.0,0.0
kitti_mini,000021,yaw,0.5,yaw_0.5deg,1,Car,13.3,near,778,100.0,6.7814
kitti_mini,000021,yaw,0.5,yaw_0.5deg,2,Car,17.6,mid,204,100.0,6.5073
kitti_mini,000021,yaw,0.5,yaw_0.5deg,3,Van,21.3,mid,933,99.8928,7.9771
kitti_mini,000021,yaw,0.5,yaw_0.5deg,4,Car,25.97,mid,146,99.3151,6.6258
kitti_mini,000021,yaw,0.5,yaw_0.5deg,5,Car,26.83,mid,107,100.0,6.3888
kitti_mini,000021,yaw,0.5,yaw_0.5deg,6,Car,32.13,far,45,97.7778,6.5132
kitti_mini,000021,yaw,0.5,yaw_0.5deg,7,Car,31.78,far,26,100.0,6.3559
kitti_mini,000021,yaw,1.0,yaw_1deg,1,Car,13.3,near,778,100.0,13.5914
kitti_mini,000021,yaw,1.0,yaw_1deg,2,Car,17.6,mid,204,100.0,13.0307
kitti_mini,000021,yaw,1.0,yaw_1deg,3,Van,21.3,mid,933,95.6056,15.8848
kitti_mini,000021,yaw,1.0,yaw_1deg,4,Car,25.97,mid,146,91.0959,13.2286
kitti_mini,000021,yaw,1.0,yaw_1deg,5,Car,26.83,mid,107,100.0,12.7849
kitti_mini,000021,yaw,1.0,yaw_1deg,6,Car,32.13,far,45,88.8889,13.0089
kitti_mini,000021,yaw,1.0,yaw_1deg,7,Car,31.78,far,26,100.0,12.7154
kitti_mini,000021,yaw,2.0,yaw_2deg,1,Car,13.3,near,778,94.8586,27.302
kitti_mini,000021,yaw,2.0,yaw_2deg,2,Car,17.6,mid,204,100.0,26.1286
kitti_mini,000021,yaw,2.0,yaw_2deg,3,Van,21.3,mid,933,93.5691,31.5004
kitti_mini,000021,yaw,2.0,yaw_2deg,4,Car,25.97,mid,146,67.1233,26.3701
kitti_mini,000021,yaw,2.0,yaw_2deg,5,Car,26.83,mid,107,76.6355,25.6029
kitti_mini,000021,yaw,2.0,yaw_2deg,6,Car,32.13,far,45,31.1111,25.9517
kitti_mini,000021,yaw,2.0,yaw_2deg,7,Car,31.78,far,26,100.0,25.448
kitti_mini,000021,yaw,3.0,yaw_3deg,1,Car,13.3,near,778,87.7892,41.1401
kitti_mini,000021,yaw,3.0,yaw_3deg,2,Car,17.6,mid,204,98.5294,39.2999
kitti_mini,000021,yaw,3.0,yaw_3deg,3,Van,21.3,mid,933,85.7449,46.8628
kitti_mini,000021,yaw,3.0,yaw_3deg,4,Car,25.97,mid,146,41.0959,39.4333
kitti_mini,000021,yaw,3.0,yaw_3deg,5,Car,26.83,mid,107,42.0561,38.4616
kitti_mini,000021,yaw,3.0,yaw_3deg,6,Car,32.13,far,45,15.5556,38.8369
kitti_mini,000021,yaw,3.0,yaw_3deg,7,Car,31.78,far,26,11.5385,38.2074
kitti_mini,000021,pitch,0.5,pitch_0.5deg,1,Car,13.3,near,778,100.0,6.4738
kitti_mini,000021,pitch,0.5,pitch_0.5deg,2,Car,17.6,mid,204,100.0,6.3944
kitti_mini,000021,pitch,0.5,pitch_0.5deg,3,Van,21.3,mid,933,98.3923,6.3836
kitti_mini,000021,pitch,0.5,pitch_0.5deg,4,Car,25.97,mid,146,100.0,6.3763
kitti_mini,000021,pitch,0.5,pitch_0.5deg,5,Car,26.83,mid,107,100.0,6.3731
kitti_mini,000021,pitch,0.5,pitch_0.5deg,6,Car,32.13,far,45,93.3333,6.3549
kitti_mini,000021,pitch,0.5,pitch_0.5deg,7,Car,31.78,far,26,92.3077,6.3537
kitti_mini,000021,pitch,1.0,pitch_1deg,1,Car,13.3,near,778,94.8586,12.9571
kitti_mini,000021,pitch,1.0,pitch_1deg,2,Car,17.6,mid,204,97.549,12.792
kitti_mini,000021,pitch,1.0,pitch_1deg,3,Van,21.3,mid,933,91.9614,12.7684
kitti_mini,000021,pitch,1.0,pitch_1deg,4,Car,25.97,mid,146,75.3425,12.7576
kitti_mini,000021,pitch,1.0,pitch_1deg,5,Car,26.83,mid,107,67.2897,12.751
kitti_mini,000021,pitch,1.0,pitch_1deg,6,Car,32.13,far,45,80.0,12.7141
kitti_mini,000021,pitch,1.0,pitch_1deg,7,Car,31.78,far,26,84.6154,12.7099
kitti_mini,000021,pitch,2.0,pitch_2deg,1,Car,13.3,near,778,80.0771,25.9568
kitti_mini,000021,pitch,2.0,pitch_2deg,2,Car,17.6,mid,204,84.3137,25.6003
kitti_mini,000021,pitch,2.0,pitch_2deg,3,Van,21.3,mid,933,76.0986,25.5422
kitti_mini,000021,pitch,2.0,pitch_2deg,4,Car,25.97,mid,146,28.0822,25.5387
kitti_mini,000021,pitch,2.0,pitch_2deg,5,Car,26.83,mid,107,21.4953,25.5248
kitti_mini,000021,pitch,2.0,pitch_2deg,6,Car,32.13,far,45,48.8889,25.4448
kitti_mini,000021,pitch,2.0,pitch_2deg,7,Car,31.78,far,26,50.0,25.4338
kitti_mini,000021,pitch,3.0,pitch_3deg,1,Car,13.3,near,778,61.9537,39.0084
kitti_mini,000021,pitch,3.0,pitch_3deg,2,Car,17.6,mid,204,67.1569,38.4337
kitti_mini,000021,pitch,3.0,pitch_3deg,3,Van,21.3,mid,933,54.1265,38.341
kitti_mini,000021,pitch,3.0,pitch_3deg,4,Car,25.97,mid,146,9.589,38.3516
kitti_mini,000021,pitch,3.0,pitch_3deg,5,Car,26.83,mid,107,11.215,38.3297
kitti_mini,000021,pitch,3.0,pitch_3deg,6,Car,32.13,far,45,31.1111,38.1985
kitti_mini,000021,pitch,3.0,pitch_3deg,7,Car,31.78,far,26,0.0,38.1795
kitti_mini,000021,roll,0.5,roll_0.5deg,1,Car,13.3,near,778,100.0,1.5203
kitti_mini,000021,roll,0.5,roll_0.5deg,2,Car,17.6,mid,204,100.0,0.8539
kitti_mini,000021,roll,0.5,roll_0.5deg,3,Van,21.3,mid,933,100.0,3.2018
kitti_mini,000021,roll,0.5,roll_0.5deg,4,Car,25.97,mid,146,100.0,1.3027
kitti_mini,000021,roll,0.5,roll_0.5deg,5,Car,26.83,mid,107,100.0,0.4055
kitti_mini,000021,roll,0.5,roll_0.5deg,6,Car,32.13,far,45,100.0,1.0269
kitti_mini,000021,roll,0.5,roll_0.5deg,7,Car,31.78,far,26,100.0,0.1646
kitti_mini,000021,roll,1.0,roll_1deg,1,Car,13.3,near,778,100.0,3.0405
kitti_mini,000021,roll,1.0,roll_1deg,2,Car,17.6,mid,204,100.0,1.7078
kitti_mini,000021,roll,1.0,roll_1deg,3,Van,21.3,mid,933,98.821,6.4036
kitti_mini,000021,roll,1.0,roll_1deg,4,Car,25.97,mid,146,100.0,2.6053
kitti_mini,000021,roll,1.0,roll_1deg,5,Car,26.83,mid,107,100.0,0.8109
kitti_mini,000021,roll,1.0,roll_1deg,6,Car,32.13,far,45,100.0,2.0538
kitti_mini,000021,roll,1.0,roll_1deg,7,Car,31.78,far,26,100.0,0.3293
kitti_mini,000021,roll,2.0,roll_2deg,1,Car,13.3,near,778,96.9152,6.0807
kitti_mini,000021,roll,2.0,roll_2deg,2,Car,17.6,mid,204,96.0784,3.4154
kitti_mini,000021,roll,2.0,roll_2deg,3,Van,21.3,mid,933,91.4255,12.8074
kitti_mini,000021,roll,2.0,roll_2deg,4,Car,25.97,mid,146,100.0,5.2106
kitti_mini,000021,roll,2.0,roll_2deg,5,Car,26.83,mid,107,100.0,1.6218
kitti_mini,000021,roll,2.0,roll_2deg,6,Car,32.13,far,45,100.0,4.1075
kitti_mini,000021,roll,2.0,roll_2deg,7,Car,31.78,far,26,100.0,0.6586
kitti_mini,000021,roll,3.0,roll_3deg,1,Car,13.3,near,778,93.8303,9.1203
kitti_mini,000021,roll,3.0,roll_3deg,2,Car,17.6,mid,204,89.2157,5.1227
kitti_mini,000021,roll,3.0,roll_3deg,3,Van,21.3,mid,933,83.3869,19.2107
kitti_mini,000021,roll,3.0,roll_3deg,4,Car,25.97,mid,146,94.5205,7.8155
kitti_mini,000021,roll,3.0,roll_3deg,5,Car,26.83,mid,107,100.0,2.4326
kitti_mini,000021,roll,3.0,roll_3deg,6,Car,32.13,far,45,93.3333,6.1609
kitti_mini,000021,roll,3.0,roll_3deg,7,Car,31.78,far,26,100.0,0.9878
kitti_mini,000021,tx,0.02,tx_2cm,1,Car,13.3,near,778,100.0,0.2735
kitti_mini,000021,tx,0.02,tx_2cm,2,Car,17.6,mid,204,100.0,0.1068
kitti_mini,000021,tx,0.02,tx_2cm,3,Van,21.3,mid,933,100.0,0.3604
kitti_mini,000021,tx,0.02,tx_2cm,4,Car,25.97,mid,146,100.0,0.1234
kitti_mini,000021,tx,0.02,tx_2cm,5,Car,26.83,mid,107,100.0,0.0347
kitti_mini,000021,tx,0.02,tx_2cm,6,Car,32.13,far,45,100.0,0.079
kitti_mini,000021,tx,0.02,tx_2cm,7,Car,31.78,far,26,100.0,0.0112
kitti_mini,000021,tx,0.05,tx_5cm,1,Car,13.3,near,778,100.0,0.6822
kitti_mini,000021,tx,0.05,tx_5cm,2,Car,17.6,mid,204,100.0,0.2667
kitti_mini,000021,tx,0.05,tx_5cm,3,Van,21.3,mid,933,100.0,0.8997
kitti_mini,000021,tx,0.05,tx_5cm,4,Car,25.97,mid,146,100.0,0.3082
kitti_mini,000021,tx,0.05,tx_5cm,5,Car,26.83,mid,107,100.0,0.0867
kitti_mini,000021,tx,0.05,tx_5cm,6,Car,32.13,far,45,100.0,0.1972
kitti_mini,000021,tx,0.05,tx_5cm,7,Car,31.78,far,26,100.0,0.0279
kitti_mini,000021,tx,0.1,tx_10cm,1,Car,13.3,near,778,100.0,1.3591
kitti_mini,000021,tx,0.1,tx_10cm,2,Car,17.6,mid,204,100.0,0.5319
kitti_mini,000021,tx,0.1,tx_10cm,3,Van,21.3,mid,933,100.0,1.7951
kitti_mini,000021,tx,0.1,tx_10cm,4,Car,25.97,mid,146,100.0,0.6151
kitti_mini,000021,tx,0.1,tx_10cm,5,Car,26.83,mid,107,100.0,0.1731
kitti_mini,000021,tx,0.1,tx_10cm,6,Car,32.13,far,45,100.0,0.3938
kitti_mini,000021,tx,0.1,tx_10cm,7,Car,31.78,far,26,100.0,0.0557
kitti_mini,000021,ty,0.02,ty_2cm,1,Car,13.3,near,778,100.0,1.1765
kitti_mini,000021,ty,0.02,ty_2cm,2,Car,17.6,mid,204,100.0,0.819
kitti_mini,000021,ty,0.02,ty_2cm,3,Van,21.3,mid,933,100.0,0.707
kitti_mini,000021,ty,0.02,ty_2cm,4,Car,25.97,mid,146,100.0,0.5958
kitti_mini,000021,ty,0.02,ty_2cm,5,Car,26.83,mid,107,100.0,0.5722
kitti_mini,000021,ty,0.02,ty_2cm,6,Car,32.13,far,45,100.0,0.4785
kitti_mini,000021,ty,0.02,ty_2cm,7,Car,31.78,far,26,100.0,0.4639
kitti_mini,000021,ty,0.05,ty_5cm,1,Car,13.3,near,778,100.0,2.9412
kitti_mini,000021,ty,0.05,ty_5cm,2,Car,17.6,mid,204,100.0,2.0475
kitti_mini,000021,ty,0.05,ty_5cm,3,Van,21.3,mid,933,100.0,1.7675
kitti_mini,000021,ty,0.05,ty_5cm,4,Car,25.97,mid,146,100.0,1.4895
kitti_mini,000021,ty,0.05,ty_5cm,5,Car,26.83,mid,107,100.0,1.4306
kitti_mini,000021,ty,0.05,ty_5cm,6,Car,32.13,far,45,100.0,1.1963
kitti_mini,000021,ty,0.05,ty_5cm,7,Car,31.78,far,26,100.0,1.1597
kitti_mini,000021,ty,0.1,ty_10cm,1,Car,13.3,near,778,100.0,5.8824
kitti_mini,000021,ty,0.1,ty_10cm,2,Car,17.6,mid,204,100.0,4.095
kitti_mini,000021,ty,0.1,ty_10cm,3,Van,21.3,mid,933,100.0,3.5349
kitti_mini,000021,ty,0.1,ty_10cm,4,Car,25.97,mid,146,100.0,2.9789
kitti_mini,000021,ty,0.1,ty_10cm,5,Car,26.83,mid,107,100.0,2.8612
kitti_mini,000021,ty,0.1,ty_10cm,6,Car,32.13,far,45,100.0,2.3926
kitti_mini,000021,ty,0.1,ty_10cm,7,Car,31.78,far,26,100.0,2.3193
kitti_mini,000021,tz,0.02,tz_2cm,1,Car,13.3,near,778,100.0,1.1773
kitti_mini,000021,tz,0.02,tz_2cm,2,Car,17.6,mid,204,100.0,0.819
kitti_mini,000021,tz,0.02,tz_2cm,3,Van,21.3,mid,933,100.0,0.707
kitti_mini,000021,tz,0.02,tz_2cm,4,Car,25.97,mid,146,100.0,0.596
kitti_mini,000021,tz,0.02,tz_2cm,5,Car,26.83,mid,107,100.0,0.5725
kitti_mini,000021,tz,0.02,tz_2cm,6,Car,32.13,far,45,100.0,0.4785
kitti_mini,000021,tz,0.02,tz_2cm,7,Car,31.78,far,26,100.0,0.4639
kitti_mini,000021,tz,0.05,tz_5cm,1,Car,13.3,near,778,100.0,2.9432
kitti_mini,000021,tz,0.05,tz_5cm,2,Car,17.6,mid,204,100.0,2.0474
kitti_mini,000021,tz,0.05,tz_5cm,3,Van,21.3,mid,933,100.0,1.7675
kitti_mini,000021,tz,0.05,tz_5cm,4,Car,25.97,mid,146,98.6301,1.4899
kitti_mini,000021,tz,0.05,tz_5cm,5,Car,26.83,mid,107,100.0,1.4311
kitti_mini,000021,tz,0.05,tz_5cm,6,Car,32.13,far,45,100.0,1.1963
kitti_mini,000021,tz,0.05,tz_5cm,7,Car,31.78,far,26,100.0,1.1596
kitti_mini,000021,tz,0.1,tz_10cm,1,Car,13.3,near,778,96.9152,5.8862
kitti_mini,000021,tz,0.1,tz_10cm,2,Car,17.6,mid,204,90.1961,4.0947
kitti_mini,000021,tz,0.1,tz_10cm,3,Van,21.3,mid,933,100.0,3.5348
kitti_mini,000021,tz,0.1,tz_10cm,4,Car,25.97,mid,146,98.6301,2.9797
kitti_mini,000021,tz,0.1,tz_10cm,5,Car,26.83,mid,107,100.0,2.8622
kitti_mini,000021,tz,0.1,tz_10cm,6,Car,32.13,far,45,82.2222,2.3925
kitti_mini,000021,tz,0.1,tz_10cm,7,Car,31.78,far,26,100.0,2.3192
kitti_mini,000023,baseline,0.0,baseline,0,Truck,69.29,far,74,100.0,0.0
kitti_mini,000023,baseline,0.0,baseline,1,Car,55.08,far,13,100.0,0.0
kitti_mini,000023,baseline,0.0,baseline,2,Cyclist,44.76,far,18,100.0,0.0
kitti_mini,000023,yaw,0.5,yaw_0.5deg,0,Truck,69.29,far,74,82.4324,6.3239
kitti_mini,000023,yaw,0.5,yaw_0.5deg,1,Car,55.08,far,13,84.6154,6.9496
kitti_mini,000023,yaw,0.5,yaw_0.5deg,2,Cyclist,44.76,far,18,55.5556,6.3973
kitti_mini,000023,yaw,1.0,yaw_1deg,0,Truck,69.29,far,74,58.1081,12.6479
kitti_mini,000023,yaw,1.0,yaw_1deg,1,Car,55.08,far,13,53.8462,13.938
kitti_mini,000023,yaw,1.0,yaw_1deg,2,Cyclist,44.76,far,18,0.0,12.784
kitti_mini,000023,yaw,2.0,yaw_2deg,0,Truck,69.29,far,74,13.5135,25.2989
kitti_mini,000023,yaw,2.0,yaw_2deg,1,Car,55.08,far,13,0.0,28.037
kitti_mini,000023,yaw,2.0,yaw_2deg,2,Cyclist,44.76,far,18,0.0,25.5292
kitti_mini,000023,yaw,3.0,yaw_3deg,0,Truck,69.29,far,74,0.0,37.9644
kitti_mini,000023,yaw,3.0,yaw_3deg,1,Car,55.08,far,13,0.0,42.3086
kitti_mini,000023,yaw,3.0,yaw_3deg,2,Cyclist,44.76,far,18,0.0,38.2437
kitti_mini,000023,pitch,0.5,pitch_0.5deg,0,Truck,69.29,far,74,93.2432,6.3239
kitti_mini,000023,pitch,0.5,pitch_0.5deg,1,Car,55.08,far,13,100.0,6.3351
kitti_mini,000023,pitch,0.5,pitch_0.5deg,2,Cyclist,44.76,far,18,88.8889,6.3361
kitti_mini,000023,pitch,1.0,pitch_1deg,0,Truck,69.29,far,74,66.2162,12.6484
kitti_mini,000023,pitch,1.0,pitch_1deg,1,Car,55.08,far,13,0.0,12.6745
kitti_mini,000023,pitch,1.0,pitch_1deg,2,Cyclist,44.76,far,18,66.6667,12.6742
kitti_mini,000023,pitch,2.0,pitch_2deg,0,Truck,69.29,far,74,13.5135,25.3043
kitti_mini,000023,pitch,2.0,pitch_2deg,1,Car,55.08,far,13,0.0,25.3701
kitti_mini,000023,pitch,2.0,pitch_2deg,2,Cyclist,44.76,far,18,11.1111,25.3606
kitti_mini,000023,pitch,3.0,pitch_3deg,0,Truck,69.29,far,74,0.0,37.9759
kitti_mini,000023,pitch,3.0,pitch_3deg,1,Car,55.08,far,13,0.0,38.095
kitti_mini,000023,pitch,3.0,pitch_3deg,2,Cyclist,44.76,far,18,0.0,38.0672
kitti_mini,000023,roll,0.5,roll_0.5deg,0,Truck,69.29,far,74,100.0,0.1095
kitti_mini,000023,roll,0.5,roll_0.5deg,1,Car,55.08,far,13,100.0,1.9524
kitti_mini,000023,roll,0.5,roll_0.5deg,2,Cyclist,44.76,far,18,100.0,0.6552
kitti_mini,000023,roll,1.0,roll_1deg,0,Truck,69.29,far,74,100.0,0.2189
kitti_mini,000023,roll,1.0,roll_1deg,1,Car,55.08,far,13,100.0,3.9047
kitti_mini,000023,roll,1.0,roll_1deg,2,Cyclist,44.76,far,18,100.0,1.3104
kitti_mini,000023,roll,2.0,roll_2deg,0,Truck,69.29,far,74,100.0,0.4378
kitti_mini,000023,roll,2.0,roll_2deg,1,Car,55.08,far,13,100.0,7.809
kitti_mini,000023,roll,2.0,roll_2deg,2,Cyclist,44.76,far,18,100.0,2.6208
kitti_mini,000023,roll,3.0,roll_3deg,0,Truck,69.29,far,74,100.0,0.6567
kitti_mini,000023,roll,3.0,roll_3deg,1,Car,55.08,far,13,100.0,11.7124
kitti_mini,000023,roll,3.0,roll_3deg,2,Cyclist,44.76,far,18,100.0,3.931
kitti_mini,000023,tx,0.02,tx_2cm,0,Truck,69.29,far,74,100.0,0.0042
kitti_mini,000023,tx,0.02,tx_2cm,1,Car,55.08,far,13,100.0,0.0834
kitti_mini,000023,tx,0.02,tx_2cm,2,Cyclist,44.76,far,18,100.0,0.034
kitti_mini,000023,tx,0.05,tx_5cm,0,Truck,69.29,far,74,100.0,0.0105
kitti_mini,000023,tx,0.05,tx_5cm,1,Car,55.08,far,13,100.0,0.2084
kitti_mini,000023,tx,0.05,tx_5cm,2,Cyclist,44.76,far,18,100.0,0.0851
kitti_mini,000023,tx,0.1,tx_10cm,0,Truck,69.29,far,74,100.0,0.0211
kitti_mini,000023,tx,0.1,tx_10cm,1,Car,55.08,far,13,100.0,0.4163
kitti_mini,000023,tx,0.1,tx_10cm,2,Cyclist,44.76,far,18,100.0,0.1699
kitti_mini,000023,ty,0.02,ty_2cm,0,Truck,69.29,far,74,100.0,0.2282
kitti_mini,000023,ty,0.02,ty_2cm,1,Car,55.08,far,13,100.0,0.2701
kitti_mini,000023,ty,0.02,ty_2cm,2,Cyclist,44.76,far,18,100.0,0.3229
kitti_mini,000023,ty,0.05,ty_5cm,0,Truck,69.29,far,74,100.0,0.5706
kitti_mini,000023,ty,0.05,ty_5cm,1,Car,55.08,far,13,100.0,0.6751
kitti_mini,000023,ty,0.05,ty_5cm,2,Cyclist,44.76,far,18,100.0,0.8072
kitti_mini,000023,ty,0.1,ty_10cm,0,Truck,69.29,far,74,97.2973,1.1412
kitti_mini,000023,ty,0.1,ty_10cm,1,Car,55.08,far,13,100.0,1.3503
kitti_mini,000023,ty,0.1,ty_10cm,2,Cyclist,44.76,far,18,100.0,1.6144
kitti_mini,000023,tz,0.02,tz_2cm,0,Truck,69.29,far,74,100.0,0.2282
kitti_mini,000023,tz,0.02,tz_2cm,1,Car,55.08,far,13,100.0,0.2701
kitti_mini,000023,tz,0.02,tz_2cm,2,Cyclist,44.76,far,18,100.0,0.3229
kitti_mini,000023,tz,0.05,tz_5cm,0,Truck,69.29,far,74,100.0,0.5705
kitti_mini,000023,tz,0.05,tz_5cm,1,Car,55.08,far,13,100.0,0.6753
kitti_mini,000023,tz,0.05,tz_5cm,2,Cyclist,44.76,far,18,100.0,0.8072
kitti_mini,000023,tz,0.1,tz_10cm,0,Truck,69.29,far,74,100.0,1.141
kitti_mini,000023,tz,0.1,tz_10cm,1,Car,55.08,far,13,100.0,1.3506
kitti_mini,000023,tz,0.1,tz_10cm,2,Cyclist,44.76,far,18,100.0,1.6145
kitti_mini,000025,baseline,0.0,baseline,1,Car,10.42,near,1088,100.0,0.0
kitti_mini,000025,baseline,0.0,baseline,2,Car,30.18,far,54,100.0,0.0
kitti_mini,000025,baseline,0.0,baseline,3,Car,17.48,mid,311,100.0,0.0
kitti_mini,000025,baseline,0.0,baseline,4,Cyclist,44.63,far,17,100.0,0.0
kitti_mini,000025,baseline,0.0,baseline,5,Car,22.3,mid,27,100.0,0.0
kitti_mini,000025,yaw,0.5,yaw_0.5deg,1,Car,10.42,near,1088,99.9081,6.8473
kitti_mini,000025,yaw,0.5,yaw_0.5deg,2,Car,30.18,far,54,90.7407,6.3687
kitti_mini,000025,yaw,0.5,yaw_0.5deg,3,Car,17.48,mid,311,98.7138,6.6786
kitti_mini,000025,yaw,0.5,yaw_0.5deg,4,Cyclist,44.63,far,17,17.6471,6.3562
kitti_mini,000025,yaw,0.5,yaw_0.5deg,5,Car,22.3,mid,27,51.8519,6.5371
kitti_mini,000025,yaw,1.0,yaw_1deg,1,Car,10.42,near,1088,98.0699,13.7242
kitti_mini,000025,yaw,1.0,yaw_1deg,2,Car,30.18,far,54,81.4815,12.7422
kitti_mini,000025,yaw,1.0,yaw_1deg,3,Car,17.48,mid,311,92.926,13.3332
kitti_mini,000025,yaw,1.0,yaw_1deg,4,Cyclist,44.63,far,17,0.0,12.7066
kitti_mini,000025,yaw,1.0,yaw_1deg,5,Car,22.3,mid,27,7.4074,13.0568
kitti_mini,000025,yaw,2.0,yaw_2deg,1,Car,10.42,near,1088,90.9926,27.5719
kitti_mini,000025,yaw,2.0,yaw_2deg,2,Car,30.18,far,54,42.5926,25.5076
kitti_mini,000025,yaw,2.0,yaw_2deg,3,Car,17.48,mid,311,73.955,26.5755
kitti_mini,000025,yaw,2.0,yaw_2deg,4,Cyclist,44.63,far,17,0.0,25.3935
kitti_mini,000025,yaw,2.0,yaw_2deg,5,Car,22.3,mid,27,0.0,26.048
kitti_mini,000025,yaw,3.0,yaw_3deg,1,Car,10.42,near,1088,83.364,41.5535
kitti_mini,000025,yaw,3.0,yaw_3deg,2,Car,30.18,far,54,11.1111,38.3042
kitti_mini,000025,yaw,3.0,yaw_3deg,3,Car,17.48,mid,311,52.09,39.7355
kitti_mini,000025,yaw,3.0,yaw_3deg,4,Cyclist,44.63,far,17,0.0,38.0685
kitti_mini,000025,yaw,3.0,yaw_3deg,5,Car,22.3,mid,27,0.0,38.9822
kitti_mini,000025,pitch,0.5,pitch_0.5deg,1,Car,10.42,near,1088,100.0,6.5566
kitti_mini,000025,pitch,0.5,pitch_0.5deg,2,Car,30.18,far,54,100.0,6.3696
kitti_mini,000025,pitch,0.5,pitch_0.5deg,3,Car,17.48,mid,311,97.7492,6.4354
kitti_mini,000025,pitch,0.5,pitch_0.5deg,4,Cyclist,44.63,far,17,100.0,6.3382
kitti_mini,000025,pitch,0.5,pitch_0.5deg,5,Car,22.3,mid,27,100.0,6.393
kitti_mini,000025,pitch,1.0,pitch_1deg,1,Car,10.42,near,1088,100.0,13.126
kitti_mini,000025,pitch,1.0,pitch_1deg,2,Car,30.18,far,54,61.1111,12.7447
kitti_mini,000025,pitch,1.0,pitch_1deg,3,Car,17.48,mid,311,89.0675,12.8797
kitti_mini,000025,pitch,1.0,pitch_1deg,4,Cyclist,44.63,far,17,76.4706,12.6795
kitti_mini,000025,pitch,1.0,pitch_1deg,5,Car,22.3,mid,27,85.1852,12.7921
kitti_mini,000025,pitch,2.0,pitch_2deg,1,Car,10.42,near,1088,97.2426,26.3122
kitti_mini,000025,pitch,2.0,pitch_2deg,2,Car,30.18,far,54,7.4074,25.5157
kitti_mini,000025,pitch,2.0,pitch_2deg,3,Car,17.48,mid,311,58.8424,25.8004
kitti_mini,000025,pitch,2.0,pitch_2deg,4,Cyclist,44.63,far,17,17.6471,25.3754
kitti_mini,000025,pitch,2.0,pitch_2deg,5,Car,22.3,mid,27,51.8519,25.6127
kitti_mini,000025,pitch,3.0,pitch_3deg,1,Car,10.42,near,1088,83.0882,39.5611
kitti_mini,000025,pitch,3.0,pitch_3deg,2,Car,30.18,far,54,0.0,38.3209
kitti_mini,000025,pitch,3.0,pitch_3deg,3,Car,17.48,mid,311,33.119,38.7766
kitti_mini,000025,pitch,3.0,pitch_3deg,4,Cyclist,44.63,far,17,0.0,38.0956
kitti_mini,000025,pitch,3.0,pitch_3deg,5,Car,22.3,mid,27,33.3333,38.47
kitti_mini,000025,roll,0.5,roll_0.5deg,1,Car,10.42,near,1088,100.0,1.609
kitti_mini,000025,roll,0.5,roll_0.5deg,2,Car,30.18,far,54,100.0,0.3168
kitti_mini,000025,roll,0.5,roll_0.5deg,3,Car,17.48,mid,311,100.0,1.3922
kitti_mini,000025,roll,0.5,roll_0.5deg,4,Cyclist,44.63,far,17,100.0,0.3884
kitti_mini,000025,roll,0.5,roll_0.5deg,5,Car,22.3,mid,27,100.0,1.0628
kitti_mini,000025,roll,1.0,roll_1deg,1,Car,10.42,near,1088,100.0,3.2179
kitti_mini,000025,roll,1.0,roll_1deg,2,Car,30.18,far,54,100.0,0.6337
kitti_mini,000025,roll,1.0,roll_1deg,3,Car,17.48,mid,311,100.0,2.7843
kitti_mini,000025,roll,1.0,roll_1deg,4,Cyclist,44.63,far,17,100.0,0.7768
kitti_mini,000025,roll,1.0,roll_1deg,5,Car,22.3,mid,27,100.0,2.1256
kitti_mini,000025,roll,2.0,roll_2deg,1,Car,10.42,near,1088,100.0,6.4355
kitti_mini,000025,roll,2.0,roll_2deg,2,Car,30.18,far,54,100.0,1.2673
kitti_mini,000025,roll,2.0,roll_2deg,3,Car,17.48,mid,311,99.0354,5.5685
kitti_mini,000025,roll,2.0,roll_2deg,4,Cyclist,44.63,far,17,100.0,1.5535
kitti_mini,000025,roll,2.0,roll_2deg,5,Car,22.3,mid,27,100.0,4.2511
kitti_mini,000025,roll,3.0,roll_3deg,1,Car,10.42,near,1088,98.0699,9.6524
kitti_mini,000025,roll,3.0,roll_3deg,2,Car,30.18,far,54,100.0,1.9008
kitti_mini,000025,roll,3.0,roll_3deg,3,Car,17.48,mid,311,96.463,8.3524
kitti_mini,000025,roll,3.0,roll_3deg,4,Cyclist,44.63,far,17,100.0,2.3302
kitti_mini,000025,roll,3.0,roll_3deg,5,Car,22.3,mid,27,100.0,6.3764
kitti_mini,000025,tx,0.02,tx_2cm,1,Car,10.42,near,1088,100.0,0.3942
kitti_mini,000025,tx,0.02,tx_2cm,2,Car,30.18,far,54,100.0,0.024
kitti_mini,000025,tx,0.02,tx_2cm,3,Car,17.48,mid,311,100.0,0.1952
kitti_mini,000025,tx,0.02,tx_2cm,4,Cyclist,44.63,far,17,100.0,0.0203
kitti_mini,000025,tx,0.02,tx_2cm,5,Car,22.3,mid,27,100.0,0.116
kitti_mini,000025,tx,0.05,tx_5cm,1,Car,10.42,near,1088,100.0,0.9822
kitti_mini,000025,tx,0.05,tx_5cm,2,Car,30.18,far,54,100.0,0.0599
kitti_mini,000025,tx,0.05,tx_5cm,3,Car,17.48,mid,311,100.0,0.487
kitti_mini,000025,tx,0.05,tx_5cm,4,Cyclist,44.63,far,17,100.0,0.0507
kitti_mini,000025,tx,0.05,tx_5cm,5,Car,22.3,mid,27,100.0,0.2897
kitti_mini,000025,tx,0.1,tx_10cm,1,Car,10.42,near,1088,100.0,1.9539
kitti_mini,000025,tx,0.1,tx_10cm,2,Car,30.18,far,54,100.0,0.1197
kitti_mini,000025,tx,0.1,tx_10cm,3,Car,17.48,mid,311,100.0,0.9711
kitti_mini,000025,tx,0.1,tx_10cm,4,Cyclist,44.63,far,17,100.0,0.1014
kitti_mini,000025,tx,0.1,tx_10cm,5,Car,22.3,mid,27,100.0,0.578
kitti_mini,000025,ty,0.02,ty_2cm,1,Car,10.42,near,1088,100.0,1.634
kitti_mini,000025,ty,0.02,ty_2cm,2,Car,30.18,far,54,100.0,0.5089
kitti_mini,000025,ty,0.02,ty_2cm,3,Car,17.48,mid,311,100.0,0.8808
kitti_mini,000025,ty,0.02,ty_2cm,4,Cyclist,44.63,far,17,100.0,0.3233
kitti_mini,000025,ty,0.02,ty_2cm,5,Car,22.3,mid,27,100.0,0.6839
kitti_mini,000025,ty,0.05,ty_5cm,1,Car,10.42,near,1088,100.0,4.085
kitti_mini,000025,ty,0.05,ty_5cm,2,Car,30.18,far,54,100.0,1.2721
kitti_mini,000025,ty,0.05,ty_5cm,3,Car,17.48,mid,311,100.0,2.2021
kitti_mini,000025,ty,0.05,ty_5cm,4,Cyclist,44.63,far,17,100.0,0.8081
kitti_mini,000025,ty,0.05,ty_5cm,5,Car,22.3,mid,27,100.0,1.7097
kitti_mini,000025,ty,0.1,ty_10cm,1,Car,10.42,near,1088,99.8162,8.17
kitti_mini,000025,ty,0.1,ty_10cm,2,Car,30.18,far,54,100.0,2.5443
kitti_mini,000025,ty,0.1,ty_10cm,3,Car,17.48,mid,311,100.0,4.4042
kitti_mini,000025,ty,0.1,ty_10cm,4,Cyclist,44.63,far,17,94.1176,1.6163
kitti_mini,000025,ty,0.1,ty_10cm,5,Car,22.3,mid,27,96.2963,3.4195
kitti_mini,000025,tz,0.02,tz_2cm,1,Car,10.42,near,1088,100.0,1.6356
kitti_mini,000025,tz,0.02,tz_2cm,2,Car,30.18,far,54,100.0,0.5091
kitti_mini,000025,tz,0.02,tz_2cm,3,Car,17.48,mid,311,100.0,0.8814
kitti_mini,000025,tz,0.02,tz_2cm,4,Cyclist,44.63,far,17,100.0,0.3234
kitti_mini,000025,tz,0.02,tz_2cm,5,Car,22.3,mid,27,100.0,0.6842
kitti_mini,000025,tz,0.05,tz_5cm,1,Car,10.42,near,1088,100.0,4.0888
kitti_mini,000025,tz,0.05,tz_5cm,2,Car,30.18,far,54,100.0,1.2726
kitti_mini,000025,tz,0.05,tz_5cm,3,Car,17.48,mid,311,100.0,2.2035
kitti_mini,000025,tz,0.05,tz_5cm,4,Cyclist,44.63,far,17,100.0,0.8084
kitti_mini,000025,tz,0.05,tz_5cm,5,Car,22.3,mid,27,100.0,1.7104
kitti_mini,000025,tz,0.1,tz_10cm,1,Car,10.42,near,1088,100.0,8.1771
kitti_mini,000025,tz,0.1,tz_10cm,2,Car,30.18,far,54,100.0,2.5452
kitti_mini,000025,tz,0.1,tz_10cm,3,Car,17.48,mid,311,100.0,4.4069
kitti_mini,000025,tz,0.1,tz_10cm,4,Cyclist,44.63,far,17,82.3529,1.6167
kitti_mini,000025,tz,0.1,tz_10cm,5,Car,22.3,mid,27,74.0741,3.4206
kitti_mini,000031,baseline,0.0,baseline,0,Car,12.2,near,984,100.0,0.0
kitti_mini,000031,baseline,0.0,baseline,1,Car,8.46,near,932,100.0,0.0
kitti_mini,000031,baseline,0.0,baseline,2,Car,13.14,near,501,100.0,0.0
kitti_mini,000031,baseline,0.0,baseline,3,Truck,22.27,mid,323,100.0,0.0
kitti_mini,000031,baseline,0.0,baseline,4,Car,26.41,mid,141,100.0,0.0
kitti_mini,000031,baseline,0.0,baseline,5,Van,51.9,far,31,100.0,0.0
kitti_mini,000031,yaw,0.5,yaw_0.5deg,0,Car,12.2,near,984,99.6951,6.9592
kitti_mini,000031,yaw,0.5,yaw_0.5deg,1,Car,8.46,near,932,100.0,7.6392
kitti_mini,000031,yaw,0.5,yaw_0.5deg,2,Car,13.14,near,501,98.4032,6.719
kitti_mini,000031,yaw,0.5,yaw_0.5deg,3,Truck,22.27,mid,323,97.5232,6.5418
kitti_mini,000031,yaw,0.5,yaw_0.5deg,4,Car,26.41,mid,141,92.9078,6.4302
kitti_mini,000031,yaw,0.5,yaw_0.5deg,5,Van,51.9,far,31,90.3226,6.3382
kitti_mini,000031,yaw,1.0,yaw_1deg,0,Car,12.2,near,984,97.1545,13.9538
kitti_mini,000031,yaw,1.0,yaw_1deg,1,Car,8.46,near,932,98.927,15.2228
kitti_mini,000031,yaw,1.0,yaw_1deg,2,Car,13.14,near,501,95.2096,13.414
kitti_mini,000031,yaw,1.0,yaw_1deg,3,Truck,22.27,mid,323,92.5697,13.1024
kitti_mini,000031,yaw,1.0,yaw_1deg,4,Car,26.41,mid,141,78.0142,12.8496
kitti_mini,000031,yaw,1.0,yaw_1deg,5,Van,51.9,far,31,61.2903,12.6736
kitti_mini,000031,yaw,2.0,yaw_2deg,0,Car,12.2,near,984,87.8049,28.0546
kitti_mini,000031,yaw,2.0,yaw_2deg,1,Car,8.46,near,932,95.1717,30.2304
kitti_mini,000031,yaw,2.0,yaw_2deg,2,Car,13.14,near,501,83.4331,26.7363
kitti_mini,000031,yaw,2.0,yaw_2deg,3,Truck,22.27,mid,323,77.3994,26.2839
kitti_mini,000031,yaw,2.0,yaw_2deg,4,Car,26.41,mid,141,48.227,25.6604
kitti_mini,000031,yaw,2.0,yaw_2deg,5,Van,51.9,far,31,9.6774,25.3397
kitti_mini,000031,yaw,3.0,yaw_3deg,0,Car,12.2,near,984,77.5407,42.3132
kitti_mini,000031,yaw,3.0,yaw_3deg,1,Car,8.46,near,932,92.5966,45.0368
kitti_mini,000031,yaw,3.0,yaw_3deg,2,Car,13.14,near,501,68.4631,39.9763
kitti_mini,000031,yaw,3.0,yaw_3deg,3,Truck,22.27,mid,323,63.1579,39.5567
kitti_mini,000031,yaw,3.0,yaw_3deg,4,Car,26.41,mid,141,20.5674,38.4403
kitti_mini,000031,yaw,3.0,yaw_3deg,5,Van,51.9,far,31,0.0,38.006
kitti_mini,000031,pitch,0.5,pitch_0.5deg,0,Car,12.2,near,984,100.0,6.514
kitti_mini,000031,pitch,0.5,pitch_0.5deg,1,Car,8.46,near,932,100.0,6.6653
kitti_mini,000031,pitch,0.5,pitch_0.5deg,2,Car,13.14,near,501,100.0,6.4835
kitti_mini,000031,pitch,0.5,pitch_0.5deg,3,Truck,22.27,mid,323,98.7616,6.381
kitti_mini,000031,pitch,0.5,pitch_0.5deg,4,Car,26.41,mid,141,87.9433,6.3816
kitti_mini,000031,pitch,0.5,pitch_0.5deg,5,Van,51.9,far,31,74.1935,6.3368
kitti_mini,000031,pitch,1.0,pitch_1deg,0,Car,12.2,near,984,100.0,13.0401
kitti_mini,000031,pitch,1.0,pitch_1deg,1,Car,8.46,near,932,100.0,13.3491
kitti_mini,000031,pitch,1.0,pitch_1deg,2,Car,13.14,near,501,100.0,12.9769
kitti_mini,000031,pitch,1.0,pitch_1deg,3,Truck,22.27,mid,323,94.1176,12.7604
kitti_mini,000031,pitch,1.0,pitch_1deg,4,Car,26.41,mid,141,71.6312,12.7694
kitti_mini,000031,pitch,1.0,pitch_1deg,5,Van,51.9,far,31,45.1613,12.6775
kitti_mini,000031,pitch,2.0,pitch_2deg,0,Car,12.2,near,984,89.7358,26.1327
kitti_mini,000031,pitch,2.0,pitch_2deg,1,Car,8.46,near,932,98.0687,26.7784
kitti_mini,000031,pitch,2.0,pitch_2deg,2,Car,13.14,near,501,87.8244,25.9979
kitti_mini,000031,pitch,2.0,pitch_2deg,3,Truck,22.27,mid,323,90.0929,25.517
kitti_mini,000031,pitch,2.0,pitch_2deg,4,Car,26.41,mid,141,28.3688,25.5675
kitti_mini,000031,pitch,2.0,pitch_2deg,5,Van,51.9,far,31,3.2258,25.3746
kitti_mini,000031,pitch,3.0,pitch_3deg,0,Car,12.2,near,984,75.3049,39.2864
kitti_mini,000031,pitch,3.0,pitch_3deg,1,Car,8.46,near,932,85.7296,40.2956
kitti_mini,000031,pitch,3.0,pitch_3deg,2,Car,13.14,near,501,68.0639,39.0733
kitti_mini,000031,pitch,3.0,pitch_3deg,3,Truck,22.27,mid,323,86.9969,38.2895
kitti_mini,000031,pitch,3.0,pitch_3deg,4,Car,26.41,mid,141,4.9645,38.4025
kitti_mini,000031,pitch,3.0,pitch_3deg,5,Van,51.9,far,31,0.0,38.0993
kitti_mini,000031,roll,0.5,roll_0.5deg,0,Car,12.2,near,984,100.0,1.8374
kitti_mini,000031,roll,0.5,roll_0.5deg,1,Car,8.46,near,932,100.0,2.7617
kitti_mini,000031,roll,0.5,roll_0.5deg,2,Car,13.14,near,501,100.0,1.418
kitti_mini,000031,roll,0.5,roll_0.5deg,3,Truck,22.27,mid,323,100.0,1.019
kitti_mini,000031,roll,0.5,roll_0.5deg,4,Car,26.41,mid,141,100.0,0.6908
kitti_mini,000031,roll,0.5,roll_0.5deg,5,Van,51.9,far,31,100.0,0.2549
kitti_mini,000031,roll,1.0,roll_1deg,0,Car,12.2,near,984,100.0,3.6748
kitti_mini,000031,roll,1.0,roll_1deg,1,Car,8.46,near,932,100.0,5.5235
kitti_mini,000031,roll,1.0,roll_1deg,2,Car,13.14,near,501,100.0,2.836
kitti_mini,000031,roll,1.0,roll_1deg,3,Truck,22.27,mid,323,100.0,2.038
kitti_mini,000031,roll,1.0,roll_1deg,4,Car,26.41,mid,141,100.0,1.3816
kitti_mini,000031,roll,1.0,roll_1deg,5,Van,51.9,far,31,100.0,0.5097
kitti_mini,000031,roll,2.0,roll_2deg,0,Car,12.2,near,984,97.0528,7.3491
kitti_mini,000031,roll,2.0,roll_2deg,1,Car,8.46,near,932,100.0,11.047
kitti_mini,000031,roll,2.0,roll_2deg,2,Car,13.14,near,501,100.0,5.672
kitti_mini,000031,roll,2.0,roll_2deg,3,Truck,22.27,mid,323,100.0,4.0759
kitti_mini,000031,roll,2.0,roll_2deg,4,Car,26.41,mid,141,100.0,2.7631
kitti_mini,000031,roll,2.0,roll_2deg,5,Van,51.9,far,31,100.0,1.0194
kitti_mini,000031,roll,3.0,roll_3deg,0,Car,12.2,near,984,93.4959,11.0226
kitti_mini,000031,roll,3.0,roll_3deg,1,Car,8.46,near,932,99.7854,16.5701
kitti_mini,000031,roll,3.0,roll_3deg,2,Car,13.14,near,501,99.6008,8.5075
kitti_mini,000031,roll,3.0,roll_3deg,3,Truck,22.27,mid,323,100.0,6.1133
kitti_mini,000031,roll,3.0,roll_3deg,4,Car,26.41,mid,141,99.2908,4.1444
kitti_mini,000031,roll,3.0,roll_3deg,5,Van,51.9,far,31,100.0,1.5289
kitti_mini,000031,tx,0.02,tx_2cm,0,Car,12.2,near,984,100.0,0.3873
kitti_mini,000031,tx,0.02,tx_2cm,1,Car,8.46,near,932,100.0,0.8963
kitti_mini,000031,tx,0.02,tx_2cm,2,Car,13.14,near,501,100.0,0.2787
kitti_mini,000031,tx,0.02,tx_2cm,3,Truck,22.27,mid,323,100.0,0.1112
kitti_mini,000031,tx,0.02,tx_2cm,4,Car,26.41,mid,141,100.0,0.064
kitti_mini,000031,tx,0.02,tx_2cm,5,Van,51.9,far,31,100.0,0.0118
kitti_mini,000031,tx,0.05,tx_5cm,0,Car,12.2,near,984,100.0,0.9654
kitti_mini,000031,tx,0.05,tx_5cm,1,Car,8.46,near,932,100.0,2.2312
kitti_mini,000031,tx,0.05,tx_5cm,2,Car,13.14,near,501,100.0,0.695
kitti_mini,000031,tx,0.05,tx_5cm,3,Truck,22.27,mid,323,100.0,0.2775
kitti_mini,000031,tx,0.05,tx_5cm,4,Car,26.41,mid,141,100.0,0.1599
kitti_mini,000031,tx,0.05,tx_5cm,5,Van,51.9,far,31,100.0,0.0294
kitti_mini,000031,tx,0.1,tx_10cm,0,Car,12.2,near,984,100.0,1.9218
kitti_mini,000031,tx,0.1,tx_10cm,1,Car,8.46,near,932,100.0,4.431
kitti_mini,000031,tx,0.1,tx_10cm,2,Car,13.14,near,501,100.0,1.3841
kitti_mini,000031,tx,0.1,tx_10cm,3,Truck,22.27,mid,323,100.0,0.5536
kitti_mini,000031,tx,0.1,tx_10cm,4,Car,26.41,mid,141,100.0,0.3191
kitti_mini,000031,tx,0.1,tx_10cm,5,Van,51.9,far,31,100.0,0.0588
kitti_mini,000031,ty,0.02,ty_2cm,0,Car,12.2,near,984,100.0,1.3602
kitti_mini,000031,ty,0.02,ty_2cm,1,Car,8.46,near,932,100.0,2.0324
kitti_mini,000031,ty,0.02,ty_2cm,2,Car,13.14,near,501,100.0,1.2193
kitti_mini,000031,ty,0.02,ty_2cm,3,Truck,22.27,mid,323,100.0,0.6835
kitti_mini,000031,ty,0.02,ty_2cm,4,Car,26.41,mid,141,100.0,0.5839
kitti_mini,000031,ty,0.02,ty_2cm,5,Van,51.9,far,31,100.0,0.2894
kitti_mini,000031,ty,0.05,ty_5cm,0,Car,12.2,near,984,100.0,3.4005
kitti_mini,000031,ty,0.05,ty_5cm,1,Car,8.46,near,932,100.0,5.0809
kitti_mini,000031,ty,0.05,ty_5cm,2,Car,13.14,near,501,99.8004,3.0483
kitti_mini,000031,ty,0.05,ty_5cm,3,Truck,22.27,mid,323,100.0,1.7088
kitti_mini,000031,ty,0.05,ty_5cm,4,Car,26.41,mid,141,100.0,1.4599
kitti_mini,000031,ty,0.05,ty_5cm,5,Van,51.9,far,31,100.0,0.7235
kitti_mini,000031,ty,0.1,ty_10cm,0,Car,12.2,near,984,99.6951,6.8011
kitti_mini,000031,ty,0.1,ty_10cm,1,Car,8.46,near,932,100.0,10.1618
kitti_mini,000031,ty,0.1,ty_10cm,2,Car,13.14,near,501,98.8024,6.0966
kitti_mini,000031,ty,0.1,ty_10cm,3,Truck,22.27,mid,323,99.6904,3.4177
kitti_mini,000031,ty,0.1,ty_10cm,4,Car,26.41,mid,141,99.2908,2.9197
kitti_mini,000031,ty,0.1,ty_10cm,5,Van,51.9,far,31,100.0,1.4471
kitti_mini,000031,tz,0.02,tz_2cm,0,Car,12.2,near,984,100.0,1.3611
kitti_mini,000031,tz,0.02,tz_2cm,1,Car,8.46,near,932,100.0,2.0345
kitti_mini,000031,tz,0.02,tz_2cm,2,Car,13.14,near,501,100.0,1.2207
kitti_mini,000031,tz,0.02,tz_2cm,3,Truck,22.27,mid,323,100.0,0.6834
kitti_mini,000031,tz,0.02,tz_2cm,4,Car,26.41,mid,141,100.0,0.5841
kitti_mini,000031,tz,0.02,tz_2cm,5,Van,51.9,far,31,100.0,0.2895
kitti_mini,000031,tz,0.05,tz_5cm,0,Car,12.2,near,984,100.0,3.4026
kitti_mini,000031,tz,0.05,tz_5cm,1,Car,8.46,near,932,95.8155,5.086
kitti_mini,000031,tz,0.05,tz_5cm,2,Car,13.14,near,501,100.0,3.0517
kitti_mini,000031,tz,0.05,tz_5cm,3,Truck,22.27,mid,323,100.0,1.7085
kitti_mini,000031,tz,0.05,tz_5cm,4,Car,26.41,mid,141,100.0,1.4603
kitti_mini,000031,tz,0.05,tz_5cm,5,Van,51.9,far,31,100.0,0.7236
kitti_mini,000031,tz,0.1,tz_10cm,0,Car,12.2,near,984,97.0528,6.8049
kitti_mini,000031,tz,0.1,tz_10cm,1,Car,8.46,near,932,90.5579,10.1713
kitti_mini,000031,tz,0.1,tz_10cm,2,Car,13.14,near,501,100.0,6.1032
kitti_mini,000031,tz,0.1,tz_10cm,3,Truck,22.27,mid,323,100.0,3.4169
kitti_mini,000031,tz,0.1,tz_10cm,4,Car,26.41,mid,141,100.0,2.9206
kitti_mini,000031,tz,0.1,tz_10cm,5,Van,51.9,far,31,100.0,1.4472
kitti_mini,000032,baseline,0.0,baseline,0,Car,9.0,near,1409,100.0,0.0
kitti_mini,000032,baseline,0.0,baseline,1,Car,8.6,near,1273,100.0,0.0
kitti_mini,000032,baseline,0.0,baseline,2,Van,14.34,near,790,100.0,0.0
kitti_mini,000032,baseline,0.0,baseline,3,Car,13.47,near,401,100.0,0.0
kitti_mini,000032,baseline,0.0,baseline,4,Car,19.85,mid,68,100.0,0.0
kitti_mini,000032,baseline,0.0,baseline,5,Van,22.71,mid,584,100.0,0.0
kitti_mini,000032,baseline,0.0,baseline,6,Car,25.25,mid,75,100.0,0.0
kitti_mini,000032,baseline,0.0,baseline,7,Van,44.71,far,62,100.0,0.0
kitti_mini,000032,baseline,0.0,baseline,8,Van,39.04,far,154,100.0,0.0
kitti_mini,000032,baseline,0.0,baseline,9,Car,44.75,far,38,100.0,0.0
kitti_mini,000032,yaw,0.5,yaw_0.5deg,0,Car,9.0,near,1409,100.0,7.5083
kitti_mini,000032,yaw,0.5,yaw_0.5deg,1,Car,8.6,near,1273,100.0,7.4537
kitti_mini,000032,yaw,0.5,yaw_0.5deg,2,Van,14.34,near,790,100.0,6.8251
kitti_mini,000032,yaw,0.5,yaw_0.5deg,3,Car,13.47,near,401,100.0,6.728
kitti_mini,000032,yaw,0.5,yaw_0.5deg,4,Car,19.85,mid,68,85.2941,6.5452
kitti_mini,000032,yaw,0.5,yaw_0.5deg,5,Van,22.71,mid,584,100.0,7.6814
kitti_mini,000032,yaw,0.5,yaw_0.5deg,6,Car,25.25,mid,75,100.0,6.6525
kitti_mini,000032,yaw,0.5,yaw_0.5deg,7,Van,44.71,far,62,90.3226,6.3402
kitti_mini,000032,yaw,0.5,yaw_0.5deg,8,Van,39.04,far,154,99.3506,6.8691
kitti_mini,000032,yaw,0.5,yaw_0.5deg,9,Car,44.75,far,38,86.8421,6.4651
kitti_mini,000032,yaw,1.0,yaw_1deg,0,Car,9.0,near,1409,100.0,15.0702
kitti_mini,000032,yaw,1.0,yaw_1deg,1,Car,8.6,near,1273,98.6646,14.8579
kitti_mini,000032,yaw,1.0,yaw_1deg,2,Van,14.34,near,790,100.0,13.681
kitti_mini,000032,yaw,1.0,yaw_1deg,3,Car,13.47,near,401,96.5087,13.4316
kitti_mini,000032,yaw,1.0,yaw_1deg,4,Car,19.85,mid,68,67.6471,13.073
kitti_mini,000032,yaw,1.0,yaw_1deg,5,Van,22.71,mid,584,100.0,15.4252
kitti_mini,000032,yaw,1.0,yaw_1deg,6,Car,25.25,mid,75,97.3333,13.2808
kitti_mini,000032,yaw,1.0,yaw_1deg,7,Van,44.71,far,62,66.129,12.6782
kitti_mini,000032,yaw,1.0,yaw_1deg,8,Van,39.04,far,154,87.6623,13.7039
kitti_mini,000032,yaw,1.0,yaw_1deg,9,Car,44.75,far,38,63.1579,12.9469
kitti_mini,000032,yaw,2.0,yaw_2deg,0,Car,9.0,near,1409,98.9354,30.3624
kitti_mini,000032,yaw,2.0,yaw_2deg,1,Car,8.6,near,1273,94.2655,29.5218
kitti_mini,000032,yaw,2.0,yaw_2deg,2,Van,14.34,near,790,98.1013,27.4906
kitti_mini,000032,yaw,2.0,yaw_2deg,3,Car,13.47,near,401,86.5337,26.7706
kitti_mini,000032,yaw,2.0,yaw_2deg,4,Car,19.85,mid,68,26.4706,26.08
kitti_mini,000032,yaw,2.0,yaw_2deg,5,Van,22.71,mid,584,100.0,31.108
kitti_mini,000032,yaw,2.0,yaw_2deg,6,Car,25.25,mid,75,74.6667,26.4694
kitti_mini,000032,yaw,2.0,yaw_2deg,7,Van,44.71,far,62,24.1935,25.3539
kitti_mini,000032,yaw,2.0,yaw_2deg,8,Van,39.04,far,154,71.4286,27.2764
kitti_mini,000032,yaw,2.0,yaw_2deg,9,Car,44.75,far,38,18.4211,25.9645
kitti_mini,000032,yaw,3.0,yaw_3deg,0,Car,9.0,near,1409,95.1739,45.8916
kitti_mini,000032,yaw,3.0,yaw_3deg,1,Car,8.6,near,1273,89.6308,44.0037
kitti_mini,000032,yaw,3.0,yaw_3deg,2,Van,14.34,near,790,93.7975,41.4396
kitti_mini,000032,yaw,3.0,yaw_3deg,3,Car,13.47,near,401,73.3167,40.0263
kitti_mini,000032,yaw,3.0,yaw_3deg,4,Car,19.85,mid,68,11.7647,39.0296
kitti_mini,000032,yaw,3.0,yaw_3deg,5,Van,22.71,mid,584,100.0,47.0649
kitti_mini,000032,yaw,3.0,yaw_3deg,6,Car,25.25,mid,75,56.0,39.5748
kitti_mini,000032,yaw,3.0,yaw_3deg,7,Van,44.71,far,62,0.0,38.0342
kitti_mini,000032,yaw,3.0,yaw_3deg,8,Van,39.04,far,154,52.5974,40.7275
kitti_mini,000032,yaw,3.0,yaw_3deg,9,Car,44.75,far,38,0.0,39.0615
kitti_mini,000032,pitch,0.5,pitch_0.5deg,0,Car,9.0,near,1409,100.0,6.605
kitti_mini,000032,pitch,0.5,pitch_0.5deg,1,Car,8.6,near,1273,100.0,6.6351
kitti_mini,000032,pitch,0.5,pitch_0.5deg,2,Van,14.34,near,790,100.0,6.4364
kitti_mini,000032,pitch,0.5,pitch_0.5deg,3,Car,13.47,near,401,100.0,6.475
kitti_mini,000032,pitch,0.5,pitch_0.5deg,4,Car,19.85,mid,68,95.5882,6.4003
kitti_mini,000032,pitch,0.5,pitch_0.5deg,5,Van,22.71,mid,584,100.0,6.3759
kitti_mini,000032,pitch,0.5,pitch_0.5deg,6,Car,25.25,mid,75,100.0,6.3701
kitti_mini,000032,pitch,0.5,pitch_0.5deg,7,Van,44.71,far,62,82.2581,6.3384
kitti_mini,000032,pitch,0.5,pitch_0.5deg,8,Van,39.04,far,154,100.0,6.3417
kitti_mini,000032,pitch,0.5,pitch_0.5deg,9,Car,44.75,far,38,68.4211,6.3423
kitti_mini,000032,pitch,1.0,pitch_1deg,0,Car,9.0,near,1409,100.0,13.2255
kitti_mini,000032,pitch,1.0,pitch_1deg,1,Car,8.6,near,1273,100.0,13.2866
kitti_mini,000032,pitch,1.0,pitch_1deg,2,Van,14.34,near,790,100.0,12.8785
kitti_mini,000032,pitch,1.0,pitch_1deg,3,Car,13.47,near,401,100.0,12.9592
kitti_mini,000032,pitch,1.0,pitch_1deg,4,Car,19.85,mid,68,95.5882,12.8058
kitti_mini,000032,pitch,1.0,pitch_1deg,5,Van,22.71,mid,584,100.0,12.753
kitti_mini,000032,pitch,1.0,pitch_1deg,6,Car,25.25,mid,75,100.0,12.7428
kitti_mini,000032,pitch,1.0,pitch_1deg,7,Van,44.71,far,62,53.2258,12.6792
kitti_mini,000032,pitch,1.0,pitch_1deg,8,Van,39.04,far,154,100.0,12.6843
kitti_mini,000032,pitch,1.0,pitch_1deg,9,Car,44.75,far,38,2.6316,12.6885
kitti_mini,000032,pitch,2.0,pitch_2deg,0,Car,9.0,near,1409,98.2257,26.5203
kitti_mini,000032,pitch,2.0,pitch_2deg,1,Car,8.6,near,1273,96.9364,26.6452
kitti_mini,000032,pitch,2.0,pitch_2deg,2,Van,14.34,near,790,95.6962,25.7852
kitti_mini,000032,pitch,2.0,pitch_2deg,3,Car,13.47,near,401,86.5337,25.9568
kitti_mini,000032,pitch,2.0,pitch_2deg,4,Car,19.85,mid,68,82.3529,25.6365
kitti_mini,000032,pitch,2.0,pitch_2deg,5,Van,22.71,mid,584,99.4863,25.5066
kitti_mini,000032,pitch,2.0,pitch_2deg,6,Car,25.25,mid,75,97.3333,25.5004
kitti_mini,000032,pitch,2.0,pitch_2deg,7,Van,44.71,far,62,17.7419,25.3718
kitti_mini,000032,pitch,2.0,pitch_2deg,8,Van,39.04,far,154,86.3636,25.3712
kitti_mini,000032,pitch,2.0,pitch_2deg,9,Car,44.75,far,38,0.0,25.3966
kitti_mini,000032,pitch,3.0,pitch_3deg,0,Car,9.0,near,1409,90.2768,39.8919
kitti_mini,000032,pitch,3.0,pitch_3deg,1,Car,8.6,near,1273,87.117,40.085
kitti_mini,000032,pitch,3.0,pitch_3deg,2,Van,14.34,near,790,85.6962,38.7218
kitti_mini,000032,pitch,3.0,pitch_3deg,3,Car,13.47,near,401,69.3267,39.004
kitti_mini,000032,pitch,3.0,pitch_3deg,4,Car,19.85,mid,68,44.1176,38.5004
kitti_mini,000032,pitch,3.0,pitch_3deg,5,Van,22.71,mid,584,88.3562,38.2667
kitti_mini,000032,pitch,3.0,pitch_3deg,6,Car,25.25,mid,75,52.0,38.2813
kitti_mini,000032,pitch,3.0,pitch_3deg,7,Van,44.71,far,62,0.0,38.0858
kitti_mini,000032,pitch,3.0,pitch_3deg,8,Van,39.04,far,154,33.7662,38.0724
kitti_mini,000032,pitch,3.0,pitch_3deg,9,Car,44.75,far,38,0.0,38.1322
kitti_mini,000032,roll,0.5,roll_0.5deg,0,Car,9.0,near,1409,100.0,2.5899
kitti_mini,000032,roll,0.5,roll_0.5deg,1,Car,8.6,near,1273,100.0,2.5416
kitti_mini,000032,roll,0.5,roll_0.5deg,2,Van,14.34,near,790,100.0,1.6024
kitti_mini,000032,roll,0.5,roll_0.5deg,3,Car,13.47,near,401,100.0,1.4249
kitti_mini,000032,roll,0.5,roll_0.5deg,4,Car,19.85,mid,68,100.0,1.0276
kitti_mini,000032,roll,0.5,roll_0.5deg,5,Van,22.71,mid,584,100.0,2.8508
kitti_mini,000032,roll,0.5,roll_0.5deg,6,Car,25.25,mid,75,100.0,1.3593
kitti_mini,000032,roll,0.5,roll_0.5deg,7,Van,44.71,far,62,100.0,0.1772
kitti_mini,000032,roll,0.5,roll_0.5deg,8,Van,39.04,far,154,100.0,1.8505
kitti_mini,000032,roll,0.5,roll_0.5deg,9,Car,44.75,far,38,100.0,0.8787
kitti_mini,000032,roll,1.0,roll_1deg,0,Car,9.0,near,1409,98.5806,5.1797
kitti_mini,000032,roll,1.0,roll_1deg,1,Car,8.6,near,1273,100.0,5.0831
kitti_mini,000032,roll,1.0,roll_1deg,2,Van,14.34,near,790,100.0,3.2047
kitti_mini,000032,roll,1.0,roll_1deg,3,Car,13.47,near,401,100.0,2.8498
kitti_mini,000032,roll,1.0,roll_1deg,4,Car,19.85,mid,68,100.0,2.0551
kitti_mini,000032,roll,1.0,roll_1deg,5,Van,22.71,mid,584,96.0616,5.7015
kitti_mini,000032,roll,1.0,roll_1deg,6,Car,25.25,mid,75,100.0,2.7187
kitti_mini,000032,roll,1.0,roll_1deg,7,Van,44.71,far,62,100.0,0.3544
kitti_mini,000032,roll,1.0,roll_1deg,8,Van,39.04,far,154,100.0,3.701
kitti_mini,000032,roll,1.0,roll_1deg,9,Car,44.75,far,38,100.0,1.7575
kitti_mini,000032,roll,2.0,roll_2deg,0,Car,9.0,near,1409,96.0256,10.3587
kitti_mini,000032,roll,2.0,roll_2deg,1,Car,8.6,near,1273,100.0,10.1662
kitti_mini,000032,roll,2.0,roll_2deg,2,Van,14.34,near,790,97.5949,6.4091
kitti_mini,000032,roll,2.0,roll_2deg,3,Car,13.47,near,401,100.0,5.6995
kitti_mini,000032,roll,2.0,roll_2deg,4,Car,19.85,mid,68,100.0,4.1102
kitti_mini,000032,roll,2.0,roll_2deg,5,Van,22.71,mid,584,84.0753,11.4021
kitti_mini,000032,roll,2.0,roll_2deg,6,Car,25.25,mid,75,100.0,5.4373
kitti_mini,000032,roll,2.0,roll_2deg,7,Van,44.71,far,62,100.0,0.7087
kitti_mini,000032,roll,2.0,roll_2deg,8,Van,39.04,far,154,100.0,7.4018
kitti_mini,000032,roll,2.0,roll_2deg,9,Car,44.75,far,38,100.0,3.5147
kitti_mini,000032,roll,3.0,roll_3deg,0,Car,9.0,near,1409,93.1157,15.5364
kitti_mini,000032,roll,3.0,roll_3deg,1,Car,8.6,near,1273,99.6858,15.2489
kitti_mini,000032,roll,3.0,roll_3deg,2,Van,14.34,near,790,93.6709,9.6128
kitti_mini,000032,roll,3.0,roll_3deg,3,Car,13.47,near,401,100.0,8.5489
kitti_mini,000032,roll,3.0,roll_3deg,4,Car,19.85,mid,68,100.0,6.1649
kitti_mini,000032,roll,3.0,roll_3deg,5,Van,22.71,mid,584,72.2603,17.1013
kitti_mini,000032,roll,3.0,roll_3deg,6,Car,25.25,mid,75,100.0,8.1555
kitti_mini,000032,roll,3.0,roll_3deg,7,Van,44.71,far,62,100.0,1.063
kitti_mini,000032,roll,3.0,roll_3deg,8,Van,39.04,far,154,100.0,11.1023
kitti_mini,000032,roll,3.0,roll_3deg,9,Car,44.75,far,38,100.0,5.2717
kitti_mini,000032,tx,0.02,tx_2cm,0,Car,9.0,near,1409,100.0,0.7148
kitti_mini,000032,tx,0.02,tx_2cm,1,Car,8.6,near,1273,100.0,0.8102
kitti_mini,000032,tx,0.02,tx_2cm,2,Van,14.34,near,790,100.0,0.2763
kitti_mini,000032,tx,0.02,tx_2cm,3,Car,13.47,near,401,100.0,0.282
kitti_mini,000032,tx,0.02,tx_2cm,4,Car,19.85,mid,68,100.0,0.1282
kitti_mini,000032,tx,0.02,tx_2cm,5,Van,22.71,mid,584,100.0,0.2991
kitti_mini,000032,tx,0.02,tx_2cm,6,Car,25.25,mid,75,100.0,0.1333
kitti_mini,000032,tx,0.02,tx_2cm,7,Van,44.71,far,62,100.0,0.0101
kitti_mini,000032,tx,0.02,tx_2cm,8,Van,39.04,far,154,100.0,0.1118
kitti_mini,000032,tx,0.02,tx_2cm,9,Car,44.75,far,38,100.0,0.0468
kitti_mini,000032,tx,0.05,tx_5cm,0,Car,9.0,near,1409,100.0,1.7805
kitti_mini,000032,tx,0.05,tx_5cm,1,Car,8.6,near,1273,100.0,2.017
kitti_mini,000032,tx,0.05,tx_5cm,2,Van,14.34,near,790,100.0,0.689
kitti_mini,000032,tx,0.05,tx_5cm,3,Car,13.47,near,401,100.0,0.7032
kitti_mini,000032,tx,0.05,tx_5cm,4,Car,19.85,mid,68,100.0,0.3199
kitti_mini,000032,tx,0.05,tx_5cm,5,Van,22.71,mid,584,100.0,0.7466
kitti_mini,000032,tx,0.05,tx_5cm,6,Car,25.25,mid,75,100.0,0.3327
kitti_mini,000032,tx,0.05,tx_5cm,7,Van,44.71,far,62,100.0,0.0251
kitti_mini,000032,tx,0.05,tx_5cm,8,Van,39.04,far,154,100.0,0.2792
kitti_mini,000032,tx,0.05,tx_5cm,9,Car,44.75,far,38,100.0,0.1169
kitti_mini,000032,tx,0.1,tx_10cm,0,Car,9.0,near,1409,100.0,3.5389
kitti_mini,000032,tx,0.1,tx_10cm,1,Car,8.6,near,1273,100.0,4.0058
kitti_mini,000032,tx,0.1,tx_10cm,2,Van,14.34,near,790,100.0,1.3724
kitti_mini,000032,tx,0.1,tx_10cm,3,Car,13.47,near,401,100.0,1.4003
kitti_mini,000032,tx,0.1,tx_10cm,4,Car,19.85,mid,68,100.0,0.6381
kitti_mini,000032,tx,0.1,tx_10cm,5,Van,22.71,mid,584,100.0,1.4899
kitti_mini,000032,tx,0.1,tx_10cm,6,Car,25.25,mid,75,100.0,0.6641
kitti_mini,000032,tx,0.1,tx_10cm,7,Van,44.71,far,62,100.0,0.0502
kitti_mini,000032,tx,0.1,tx_10cm,8,Van,39.04,far,154,100.0,0.5576
kitti_mini,000032,tx,0.1,tx_10cm,9,Car,44.75,far,38,100.0,0.2334
kitti_mini,000032,ty,0.02,ty_2cm,0,Car,9.0,near,1409,100.0,1.7842
kitti_mini,000032,ty,0.02,ty_2cm,1,Car,8.6,near,1273,100.0,1.9993
kitti_mini,000032,ty,0.02,ty_2cm,2,Van,14.34,near,790,100.0,1.1116
kitti_mini,000032,ty,0.02,ty_2cm,3,Car,13.47,near,401,100.0,1.2273
kitti_mini,000032,ty,0.02,ty_2cm,4,Car,19.85,mid,68,100.0,0.7826
kitti_mini,000032,ty,0.02,ty_2cm,5,Van,22.71,mid,584,100.0,0.6637
kitti_mini,000032,ty,0.02,ty_2cm,6,Car,25.25,mid,75,100.0,0.6091
kitti_mini,000032,ty,0.02,ty_2cm,7,Van,44.71,far,62,100.0,0.3375
kitti_mini,000032,ty,0.02,ty_2cm,8,Van,39.04,far,154,100.0,0.3784
kitti_mini,000032,ty,0.02,ty_2cm,9,Car,44.75,far,38,100.0,0.3389
kitti_mini,000032,ty,0.05,ty_5cm,0,Car,9.0,near,1409,100.0,4.4605
kitti_mini,000032,ty,0.05,ty_5cm,1,Car,8.6,near,1273,100.0,4.9983
kitti_mini,000032,ty,0.05,ty_5cm,2,Van,14.34,near,790,100.0,2.779
kitti_mini,000032,ty,0.05,ty_5cm,3,Car,13.47,near,401,100.0,3.0683
kitti_mini,000032,ty,0.05,ty_5cm,4,Car,19.85,mid,68,100.0,1.9566
kitti_mini,000032,ty,0.05,ty_5cm,5,Van,22.71,mid,584,100.0,1.6593
kitti_mini,000032,ty,0.05,ty_5cm,6,Car,25.25,mid,75,100.0,1.5226
kitti_mini,000032,ty,0.05,ty_5cm,7,Van,44.71,far,62,100.0,0.8437
kitti_mini,000032,ty,0.05,ty_5cm,8,Van,39.04,far,154,100.0,0.9459
kitti_mini,000032,ty,0.05,ty_5cm,9,Car,44.75,far,38,100.0,0.8473
kitti_mini,000032,ty,0.1,ty_10cm,0,Car,9.0,near,1409,100.0,8.921
kitti_mini,000032,ty,0.1,ty_10cm,1,Car,8.6,near,1273,100.0,9.9967
kitti_mini,000032,ty,0.1,ty_10cm,2,Van,14.34,near,790,100.0,5.558
kitti_mini,000032,ty,0.1,ty_10cm,3,Car,13.47,near,401,100.0,6.1367
kitti_mini,000032,ty,0.1,ty_10cm,4,Car,19.85,mid,68,97.0588,3.9132
kitti_mini,000032,ty,0.1,ty_10cm,5,Van,22.71,mid,584,100.0,3.3185
kitti_mini,000032,ty,0.1,ty_10cm,6,Car,25.25,mid,75,100.0,3.0453
kitti_mini,000032,ty,0.1,ty_10cm,7,Van,44.71,far,62,100.0,1.6874
kitti_mini,000032,ty,0.1,ty_10cm,8,Van,39.04,far,154,100.0,1.8919
kitti_mini,000032,ty,0.1,ty_10cm,9,Car,44.75,far,38,100.0,1.6945
kitti_mini,000032,tz,0.02,tz_2cm,0,Car,9.0,near,1409,100.0,1.7861
kitti_mini,000032,tz,0.02,tz_2cm,1,Car,8.6,near,1273,100.0,2.002
kitti_mini,000032,tz,0.02,tz_2cm,2,Van,14.34,near,790,100.0,1.1115
kitti_mini,000032,tz,0.02,tz_2cm,3,Car,13.47,near,401,100.0,1.2277
kitti_mini,000032,tz,0.02,tz_2cm,4,Car,19.85,mid,68,100.0,0.7828
kitti_mini,000032,tz,0.02,tz_2cm,5,Van,22.71,mid,584,100.0,0.6636
kitti_mini,000032,tz,0.02,tz_2cm,6,Car,25.25,mid,75,100.0,0.609
kitti_mini,000032,tz,0.02,tz_2cm,7,Van,44.71,far,62,100.0,0.3374
kitti_mini,000032,tz,0.02,tz_2cm,8,Van,39.04,far,154,100.0,0.3784
kitti_mini,000032,tz,0.02,tz_2cm,9,Car,44.75,far,38,100.0,0.339
kitti_mini,000032,tz,0.05,tz_5cm,0,Car,9.0,near,1409,98.5806,4.4651
kitti_mini,000032,tz,0.05,tz_5cm,1,Car,8.6,near,1273,100.0,5.0047
kitti_mini,000032,tz,0.05,tz_5cm,2,Van,14.34,near,790,100.0,2.7787
kitti_mini,000032,tz,0.05,tz_5cm,3,Car,13.47,near,401,99.0025,3.069
kitti_mini,000032,tz,0.05,tz_5cm,4,Car,19.85,mid,68,100.0,1.9569
kitti_mini,000032,tz,0.05,tz_5cm,5,Van,22.71,mid,584,100.0,1.6591
kitti_mini,000032,tz,0.05,tz_5cm,6,Car,25.25,mid,75,100.0,1.5225
kitti_mini,000032,tz,0.05,tz_5cm,7,Van,44.71,far,62,100.0,0.8436
kitti_mini,000032,tz,0.05,tz_5cm,8,Van,39.04,far,154,100.0,0.9459
kitti_mini,000032,tz,0.05,tz_5cm,9,Car,44.75,far,38,100.0,0.8474
kitti_mini,000032,tz,0.1,tz_10cm,0,Car,9.0,near,1409,96.0965,8.9296
kitti_mini,000032,tz,0.1,tz_10cm,1,Car,8.6,near,1273,95.9937,10.0087
kitti_mini,000032,tz,0.1,tz_10cm,2,Van,14.34,near,790,98.6076,5.5572
kitti_mini,000032,tz,0.1,tz_10cm,3,Car,13.47,near,401,92.5187,6.1378
kitti_mini,000032,tz,0.1,tz_10cm,4,Car,19.85,mid,68,100.0,3.9137
kitti_mini,000032,tz,0.1,tz_10cm,5,Van,22.71,mid,584,100.0,3.318
kitti_mini,000032,tz,0.1,tz_10cm,6,Car,25.25,mid,75,100.0,3.0449
kitti_mini,000032,tz,0.1,tz_10cm,7,Van,44.71,far,62,100.0,1.6871
kitti_mini,000032,tz,0.1,tz_10cm,8,Van,39.04,far,154,100.0,1.8917
kitti_mini,000032,tz,0.1,tz_10cm,9,Car,44.75,far,38,100.0,1.6949
kitti_mini,000043,baseline,0.0,baseline,0,Pedestrian,12.56,near,148,95.2703,0.0
kitti_mini,000043,baseline,0.0,baseline,1,Pedestrian,12.34,near,170,100.0,0.0
kitti_mini,000043,baseline,0.0,baseline,2,Pedestrian,20.51,mid,84,100.0,0.0
kitti_mini,000043,baseline,0.0,baseline,3,Pedestrian,20.3,mid,88,97.7273,0.0
kitti_mini,000043,yaw,0.5,yaw_0.5deg,0,Pedestrian,12.56,near,148,87.8378,6.6367
kitti_mini,000043,yaw,0.5,yaw_0.5deg,1,Pedestrian,12.34,near,170,81.7647,6.746
kitti_mini,000043,yaw,0.5,yaw_0.5deg,2,Pedestrian,20.51,mid,84,78.5714,6.4627
kitti_mini,000043,yaw,0.5,yaw_0.5deg,3,Pedestrian,20.3,mid,88,75.0,6.5441
kitti_mini,000043,yaw,1.0,yaw_1deg,0,Pedestrian,12.56,near,148,55.4054,13.2949
kitti_mini,000043,yaw,1.0,yaw_1deg,1,Pedestrian,12.34,near,170,56.4706,13.519
kitti_mini,000043,yaw,1.0,yaw_1deg,2,Pedestrian,20.51,mid,84,41.6667,12.9129
kitti_mini,000043,yaw,1.0,yaw_1deg,3,Pedestrian,20.3,mid,88,27.2727,13.0703
kitti_mini,000043,yaw,2.0,yaw_2deg,0,Pedestrian,12.56,near,148,6.7568,26.6806
kitti_mini,000043,yaw,2.0,yaw_2deg,1,Pedestrian,12.34,near,170,2.9412,27.1505
kitti_mini,000043,yaw,2.0,yaw_2deg,2,Pedestrian,20.51,mid,84,0.0,25.7801
kitti_mini,000043,yaw,2.0,yaw_2deg,3,Pedestrian,20.3,mid,88,1.1364,26.073
kitti_mini,000043,yaw,3.0,yaw_3deg,0,Pedestrian,12.56,near,148,0.0,40.1665
kitti_mini,000043,yaw,3.0,yaw_3deg,1,Pedestrian,12.34,near,170,0.0,40.9046
kitti_mini,000043,yaw,3.0,yaw_3deg,2,Pedestrian,20.51,mid,84,0.0,38.6098
kitti_mini,000043,yaw,3.0,yaw_3deg,3,Pedestrian,20.3,mid,88,0.0,39.017
kitti_mini,000043,pitch,0.5,pitch_0.5deg,0,Pedestrian,12.56,near,148,95.2703,6.4556
kitti_mini,000043,pitch,0.5,pitch_0.5deg,1,Pedestrian,12.34,near,170,100.0,6.4562
kitti_mini,000043,pitch,0.5,pitch_0.5deg,2,Pedestrian,20.51,mid,84,95.2381,6.388
kitti_mini,000043,pitch,0.5,pitch_0.5deg,3,Pedestrian,20.3,mid,88,93.1818,6.3889
kitti_mini,000043,pitch,1.0,pitch_1deg,0,Pedestrian,12.56,near,148,92.5676,12.9187
kitti_mini,000043,pitch,1.0,pitch_1deg,1,Pedestrian,12.34,near,170,98.2353,12.9195
kitti_mini,000043,pitch,1.0,pitch_1deg,2,Pedestrian,20.51,mid,84,91.6667,12.7805
kitti_mini,000043,pitch,1.0,pitch_1deg,3,Pedestrian,20.3,mid,88,88.6364,12.7823
kitti_mini,000043,pitch,2.0,pitch_2deg,0,Pedestrian,12.56,near,148,85.1351,25.8714
kitti_mini,000043,pitch,2.0,pitch_2deg,1,Pedestrian,12.34,near,170,87.0588,25.872
kitti_mini,000043,pitch,2.0,pitch_2deg,2,Pedestrian,20.51,mid,84,73.8095,25.5833
kitti_mini,000043,pitch,2.0,pitch_2deg,3,Pedestrian,20.3,mid,88,72.7273,25.587
kitti_mini,000043,pitch,3.0,pitch_3deg,0,Pedestrian,12.56,near,148,72.973,38.8664
kitti_mini,000043,pitch,3.0,pitch_3deg,1,Pedestrian,12.34,near,170,74.1176,38.866
kitti_mini,000043,pitch,3.0,pitch_3deg,2,Pedestrian,20.51,mid,84,44.0476,38.4163
kitti_mini,000043,pitch,3.0,pitch_3deg,3,Pedestrian,20.3,mid,88,47.7273,38.4223
kitti_mini,000043,roll,0.5,roll_0.5deg,0,Pedestrian,12.56,near,148,95.9459,1.164
kitti_mini,000043,roll,0.5,roll_0.5deg,1,Pedestrian,12.34,near,170,100.0,1.4292
kitti_mini,000043,roll,0.5,roll_0.5deg,2,Pedestrian,20.51,mid,84,100.0,0.7615
kitti_mini,000043,roll,0.5,roll_0.5deg,3,Pedestrian,20.3,mid,88,97.7273,1.0516
kitti_mini,000043,roll,1.0,roll_1deg,0,Pedestrian,12.56,near,148,95.2703,2.3279
kitti_mini,000043,roll,1.0,roll_1deg,1,Pedestrian,12.34,near,170,97.6471,2.8583
kitti_mini,000043,roll,1.0,roll_1deg,2,Pedestrian,20.51,mid,84,100.0,1.523
kitti_mini,000043,roll,1.0,roll_1deg,3,Pedestrian,20.3,mid,88,97.7273,2.1033
kitti_mini,000043,roll,2.0,roll_2deg,0,Pedestrian,12.56,near,148,95.2703,4.6555
kitti_mini,000043,roll,2.0,roll_2deg,1,Pedestrian,12.34,near,170,97.0588,5.7162
kitti_mini,000043,roll,2.0,roll_2deg,2,Pedestrian,20.51,mid,84,100.0,3.046
kitti_mini,000043,roll,2.0,roll_2deg,3,Pedestrian,20.3,mid,88,98.8636,4.2064
kitti_mini,000043,roll,3.0,roll_3deg,0,Pedestrian,12.56,near,148,93.9189,6.9827
kitti_mini,000043,roll,3.0,roll_3deg,1,Pedestrian,12.34,near,170,92.9412,8.5735
kitti_mini,000043,roll,3.0,roll_3deg,2,Pedestrian,20.51,mid,84,100.0,4.5687
kitti_mini,000043,roll,3.0,roll_3deg,3,Pedestrian,20.3,mid,88,94.3182,6.3093
kitti_mini,000043,tx,0.02,tx_2cm,0,Pedestrian,12.56,near,148,95.2703,0.2068
kitti_mini,000043,tx,0.02,tx_2cm,1,Pedestrian,12.34,near,170,100.0,0.2592
kitti_mini,000043,tx,0.02,tx_2cm,2,Pedestrian,20.51,mid,84,100.0,0.0864
kitti_mini,000043,tx,0.02,tx_2cm,3,Pedestrian,20.3,mid,88,97.7273,0.1212
kitti_mini,000043,tx,0.05,tx_5cm,0,Pedestrian,12.56,near,148,95.9459,0.5159
kitti_mini,000043,tx,0.05,tx_5cm,1,Pedestrian,12.34,near,170,100.0,0.6465
kitti_mini,000043,tx,0.05,tx_5cm,2,Pedestrian,20.51,mid,84,100.0,0.2156
kitti_mini,000043,tx,0.05,tx_5cm,3,Pedestrian,20.3,mid,88,97.7273,0.3025
kitti_mini,000043,tx,0.1,tx_10cm,0,Pedestrian,12.56,near,148,95.2703,1.0276
kitti_mini,000043,tx,0.1,tx_10cm,1,Pedestrian,12.34,near,170,100.0,1.2878
kitti_mini,000043,tx,0.1,tx_10cm,2,Pedestrian,20.51,mid,84,100.0,0.4301
kitti_mini,000043,tx,0.1,tx_10cm,3,Pedestrian,20.3,mid,88,98.8636,0.6035
kitti_mini,000043,ty,0.02,ty_2cm,0,Pedestrian,12.56,near,148,96.6216,1.1566
kitti_mini,000043,ty,0.02,ty_2cm,1,Pedestrian,12.34,near,170,98.2353,1.1691
kitti_mini,000043,ty,0.02,ty_2cm,2,Pedestrian,20.51,mid,84,100.0,0.7058
kitti_mini,000043,ty,0.02,ty_2cm,3,Pedestrian,20.3,mid,88,98.8636,0.7134
kitti_mini,000043,ty,0.05,ty_5cm,0,Pedestrian,12.56,near,148,95.2703,2.8915
kitti_mini,000043,ty,0.05,ty_5cm,1,Pedestrian,12.34,near,170,94.7059,2.9227
kitti_mini,000043,ty,0.05,ty_5cm,2,Pedestrian,20.51,mid,84,100.0,1.7645
kitti_mini,000043,ty,0.05,ty_5cm,3,Pedestrian,20.3,mid,88,95.4545,1.7835
kitti_mini,000043,ty,0.1,ty_10cm,0,Pedestrian,12.56,near,148,91.8919,5.7831
kitti_mini,000043,ty,0.1,ty_10cm,1,Pedestrian,12.34,near,170,85.8824,5.8454
kitti_mini,000043,ty,0.1,ty_10cm,2,Pedestrian,20.51,mid,84,95.2381,3.5291
kitti_mini,000043,ty,0.1,ty_10cm,3,Pedestrian,20.3,mid,88,89.7727,3.5669
kitti_mini,000043,tz,0.02,tz_2cm,0,Pedestrian,12.56,near,148,95.2703,1.1571
kitti_mini,000043,tz,0.02,tz_2cm,1,Pedestrian,12.34,near,170,100.0,1.1696
kitti_mini,000043,tz,0.02,tz_2cm,2,Pedestrian,20.51,mid,84,100.0,0.706
kitti_mini,000043,tz,0.02,tz_2cm,3,Pedestrian,20.3,mid,88,97.7273,0.7135
kitti_mini,000043,tz,0.05,tz_5cm,0,Pedestrian,12.56,near,148,93.9189,2.8927
kitti_mini,000043,tz,0.05,tz_5cm,1,Pedestrian,12.34,near,170,98.8235,2.924
kitti_mini,000043,tz,0.05,tz_5cm,2,Pedestrian,20.51,mid,84,100.0,1.7649
kitti_mini,000043,tz,0.05,tz_5cm,3,Pedestrian,20.3,mid,88,96.5909,1.7837
kitti_mini,000043,tz,0.1,tz_10cm,0,Pedestrian,12.56,near,148,93.9189,5.7853
kitti_mini,000043,tz,0.1,tz_10cm,1,Pedestrian,12.34,near,170,98.8235,5.8477
kitti_mini,000043,tz,0.1,tz_10cm,2,Pedestrian,20.51,mid,84,100.0,3.5297
kitti_mini,000043,tz,0.1,tz_10cm,3,Pedestrian,20.3,mid,88,96.5909,3.5673
kitti_mini,000048,baseline,0.0,baseline,0,Pedestrian,16.82,mid,109,95.4128,0.0
kitti_mini,000048,baseline,0.0,baseline,1,Pedestrian,17.03,mid,127,94.4882,0.0
kitti_mini,000048,baseline,0.0,baseline,2,Pedestrian,16.26,mid,113,82.3009,0.0
kitti_mini,000048,baseline,0.0,baseline,3,Cyclist,30.42,far,39,100.0,0.0
kitti_mini,000048,yaw,0.5,yaw_0.5deg,0,Pedestrian,16.82,mid,109,72.4771,6.4187
kitti_mini,000048,yaw,0.5,yaw_0.5deg,1,Pedestrian,17.03,mid,127,78.7402,6.4609
kitti_mini,000048,yaw,0.5,yaw_0.5deg,2,Pedestrian,16.26,mid,113,52.2124,6.6268
kitti_mini,000048,yaw,0.5,yaw_0.5deg,3,Cyclist,30.42,far,39,92.3077,6.3236
kitti_mini,000048,yaw,1.0,yaw_1deg,0,Pedestrian,16.82,mid,109,32.1101,12.8278
kitti_mini,000048,yaw,1.0,yaw_1deg,1,Pedestrian,17.03,mid,127,51.1811,12.9085
kitti_mini,000048,yaw,1.0,yaw_1deg,2,Pedestrian,16.26,mid,113,16.8142,13.2777
kitti_mini,000048,yaw,1.0,yaw_1deg,3,Cyclist,30.42,far,39,46.1538,12.6467
kitti_mini,000048,yaw,2.0,yaw_2deg,0,Pedestrian,16.82,mid,109,1.8349,25.621
kitti_mini,000048,yaw,2.0,yaw_2deg,1,Pedestrian,17.03,mid,127,0.0,25.7674
kitti_mini,000048,yaw,2.0,yaw_2deg,2,Pedestrian,16.26,mid,113,0.0,26.6568
kitti_mini,000048,yaw,2.0,yaw_2deg,3,Cyclist,30.42,far,39,0.0,25.2939
kitti_mini,000048,yaw,3.0,yaw_3deg,0,Pedestrian,16.82,mid,109,0.0,38.3876
kitti_mini,000048,yaw,3.0,yaw_3deg,1,Pedestrian,17.03,mid,127,0.0,38.584
kitti_mini,000048,yaw,3.0,yaw_3deg,2,Pedestrian,16.26,mid,113,0.0,40.1469
kitti_mini,000048,yaw,3.0,yaw_3deg,3,Cyclist,30.42,far,39,0.0,37.9483
kitti_mini,000048,pitch,0.5,pitch_0.5deg,0,Pedestrian,16.82,mid,109,95.4128,6.3747
kitti_mini,000048,pitch,0.5,pitch_0.5deg,1,Pedestrian,17.03,mid,127,93.7008,6.3748
kitti_mini,000048,pitch,0.5,pitch_0.5deg,2,Pedestrian,16.26,mid,113,83.1858,6.3693
kitti_mini,000048,pitch,0.5,pitch_0.5deg,3,Cyclist,30.42,far,39,87.1795,6.3245
kitti_mini,000048,pitch,1.0,pitch_1deg,0,Pedestrian,16.82,mid,109,88.9908,12.7529
kitti_mini,000048,pitch,1.0,pitch_1deg,1,Pedestrian,17.03,mid,127,90.5512,12.7531
kitti_mini,000048,pitch,1.0,pitch_1deg,2,Pedestrian,16.26,mid,113,77.8761,12.7421
kitti_mini,000048,pitch,1.0,pitch_1deg,3,Cyclist,30.42,far,39,71.7949,12.6511
kitti_mini,000048,pitch,2.0,pitch_2deg,0,Pedestrian,16.82,mid,109,75.2294,25.5238
kitti_mini,000048,pitch,2.0,pitch_2deg,1,Pedestrian,17.03,mid,127,75.5906,25.5244
kitti_mini,000048,pitch,2.0,pitch_2deg,2,Pedestrian,16.26,mid,113,70.7965,25.5025
kitti_mini,000048,pitch,2.0,pitch_2deg,3,Cyclist,30.42,far,39,35.8974,25.3146
kitti_mini,000048,pitch,3.0,pitch_3deg,0,Pedestrian,16.82,mid,109,51.3761,38.3207
kitti_mini,000048,pitch,3.0,pitch_3deg,1,Pedestrian,17.03,mid,127,51.9685,38.3219
kitti_mini,000048,pitch,3.0,pitch_3deg,2,Pedestrian,16.26,mid,113,53.0973,38.2893
kitti_mini,000048,pitch,3.0,pitch_3deg,3,Cyclist,30.42,far,39,0.0,37.9984
kitti_mini,000048,roll,0.5,roll_0.5deg,0,Pedestrian,16.82,mid,109,94.4954,0.5997
kitti_mini,000048,roll,0.5,roll_0.5deg,1,Pedestrian,17.03,mid,127,94.4882,0.7892
kitti_mini,000048,roll,0.5,roll_0.5deg,2,Pedestrian,16.26,mid,113,82.3009,1.3025
kitti_mini,000048,roll,0.5,roll_0.5deg,3,Cyclist,30.42,far,39,100.0,0.1154
kitti_mini,000048,roll,1.0,roll_1deg,0,Pedestrian,16.82,mid,109,94.4954,1.1993
kitti_mini,000048,roll,1.0,roll_1deg,1,Pedestrian,17.03,mid,127,94.4882,1.5784
kitti_mini,000048,roll,1.0,roll_1deg,2,Pedestrian,16.26,mid,113,82.3009,2.6049
kitti_mini,000048,roll,1.0,roll_1deg,3,Cyclist,30.42,far,39,100.0,0.2309
kitti_mini,000048,roll,2.0,roll_2deg,0,Pedestrian,16.82,mid,109,93.578,2.3985
kitti_mini,000048,roll,2.0,roll_2deg,1,Pedestrian,17.03,mid,127,94.4882,3.1566
kitti_mini,000048,roll,2.0,roll_2deg,2,Pedestrian,16.26,mid,113,82.3009,5.2097
kitti_mini,000048,roll,2.0,roll_2deg,3,Cyclist,30.42,far,39,100.0,0.4618
kitti_mini,000048,roll,3.0,roll_3deg,0,Pedestrian,16.82,mid,109,93.578,3.5975
kitti_mini,000048,roll,3.0,roll_3deg,1,Pedestrian,17.03,mid,127,92.126,4.7346
kitti_mini,000048,roll,3.0,roll_3deg,2,Pedestrian,16.26,mid,113,81.4159,7.814
kitti_mini,000048,roll,3.0,roll_3deg,3,Cyclist,30.42,far,39,100.0,0.6926
kitti_mini,000048,tx,0.02,tx_2cm,0,Pedestrian,16.82,mid,109,95.4128,0.0837
kitti_mini,000048,tx,0.02,tx_2cm,1,Pedestrian,17.03,mid,127,94.4882,0.1091
kitti_mini,000048,tx,0.02,tx_2cm,2,Pedestrian,16.26,mid,113,84.0708,0.1808
kitti_mini,000048,tx,0.02,tx_2cm,3,Cyclist,30.42,far,39,100.0,0.0091
kitti_mini,000048,tx,0.05,tx_5cm,0,Pedestrian,16.82,mid,109,95.4128,0.2089
kitti_mini,000048,tx,0.05,tx_5cm,1,Pedestrian,17.03,mid,127,94.4882,0.2724
kitti_mini,000048,tx,0.05,tx_5cm,2,Pedestrian,16.26,mid,113,84.9558,0.4511
kitti_mini,000048,tx,0.05,tx_5cm,3,Cyclist,30.42,far,39,100.0,0.0226
kitti_mini,000048,tx,0.1,tx_10cm,0,Pedestrian,16.82,mid,109,94.4954,0.4166
kitti_mini,000048,tx,0.1,tx_10cm,1,Pedestrian,17.03,mid,127,94.4882,0.5432
kitti_mini,000048,tx,0.1,tx_10cm,2,Pedestrian,16.26,mid,113,86.7257,0.8994
kitti_mini,000048,tx,0.1,tx_10cm,3,Cyclist,30.42,far,39,100.0,0.0452
kitti_mini,000048,ty,0.02,ty_2cm,0,Pedestrian,16.82,mid,109,90.8257,0.8569
kitti_mini,000048,ty,0.02,ty_2cm,1,Pedestrian,17.03,mid,127,92.9134,0.8496
kitti_mini,000048,ty,0.02,ty_2cm,2,Pedestrian,16.26,mid,113,82.3009,0.8844
kitti_mini,000048,ty,0.02,ty_2cm,3,Cyclist,30.42,far,39,100.0,0.4683
kitti_mini,000048,ty,0.05,ty_5cm,0,Pedestrian,16.82,mid,109,89.9083,2.1421
kitti_mini,000048,ty,0.05,ty_5cm,1,Pedestrian,17.03,mid,127,89.7638,2.1239
kitti_mini,000048,ty,0.05,ty_5cm,2,Pedestrian,16.26,mid,113,77.8761,2.211
kitti_mini,000048,ty,0.05,ty_5cm,3,Cyclist,30.42,far,39,100.0,1.1708
kitti_mini,000048,ty,0.1,ty_10cm,0,Pedestrian,16.82,mid,109,81.6514,4.2842
kitti_mini,000048,ty,0.1,ty_10cm,1,Pedestrian,17.03,mid,127,84.252,4.2478
kitti_mini,000048,ty,0.1,ty_10cm,2,Pedestrian,16.26,mid,113,68.1416,4.4219
kitti_mini,000048,ty,0.1,ty_10cm,3,Cyclist,30.42,far,39,100.0,2.3415
kitti_mini,000048,tz,0.02,tz_2cm,0,Pedestrian,16.82,mid,109,95.4128,0.8565
kitti_mini,000048,tz,0.02,tz_2cm,1,Pedestrian,17.03,mid,127,94.4882,0.849
kitti_mini,000048,tz,0.02,tz_2cm,2,Pedestrian,16.26,mid,113,82.3009,0.8853
kitti_mini,000048,tz,0.02,tz_2cm,3,Cyclist,30.42,far,39,100.0,0.4683
kitti_mini,000048,tz,0.05,tz_5cm,0,Pedestrian,16.82,mid,109,95.4128,2.1412
kitti_mini,000048,tz,0.05,tz_5cm,1,Pedestrian,17.03,mid,127,94.4882,2.1225
kitti_mini,000048,tz,0.05,tz_5cm,2,Pedestrian,16.26,mid,113,82.3009,2.2133
kitti_mini,000048,tz,0.05,tz_5cm,3,Cyclist,30.42,far,39,100.0,1.1707
kitti_mini,000048,tz,0.1,tz_10cm,0,Pedestrian,16.82,mid,109,95.4128,4.2825
kitti_mini,000048,tz,0.1,tz_10cm,1,Pedestrian,17.03,mid,127,94.4882,4.245
kitti_mini,000048,tz,0.1,tz_10cm,2,Pedestrian,16.26,mid,113,82.3009,4.4267
kitti_mini,000048,tz,0.1,tz_10cm,3,Cyclist,30.42,far,39,100.0,2.3415
kitti_mini,000049,baseline,0.0,baseline,0,Car,21.55,mid,200,100.0,0.0
kitti_mini,000049,baseline,0.0,baseline,1,Car,13.75,near,864,100.0,0.0
kitti_mini,000049,baseline,0.0,baseline,2,Car,21.82,mid,140,100.0,0.0
kitti_mini,000049,baseline,0.0,baseline,3,Car,24.83,mid,73,100.0,0.0
kitti_mini,000049,baseline,0.0,baseline,4,Car,32.49,far,18,100.0,0.0
kitti_mini,000049,baseline,0.0,baseline,5,Van,45.7,far,79,100.0,0.0
kitti_mini,000049,baseline,0.0,baseline,6,Pedestrian,4.71,near,807,85.5019,0.0
kitti_mini,000049,baseline,0.0,baseline,7,Car,9.53,near,548,100.0,0.0
kitti_mini,000049,baseline,0.0,baseline,8,Car,14.89,near,423,100.0,0.0
kitti_mini,000049,baseline,0.0,baseline,9,Car,20.2,mid,181,100.0,0.0
kitti_mini,000049,baseline,0.0,baseline,10,Pedestrian,32.55,far,42,88.0952,0.0
kitti_mini,000049,baseline,0.0,baseline,11,Car,31.83,far,74,100.0,0.0
kitti_mini,000049,baseline,0.0,baseline,12,Car,12.04,near,435,100.0,0.0
kitti_mini,000049,baseline,0.0,baseline,13,Car,17.23,mid,308,100.0,0.0
kitti_mini,000049,baseline,0.0,baseline,16,Van,32.04,far,261,100.0,0.0
kitti_mini,000049,yaw,0.5,yaw_0.5deg,0,Car,21.55,mid,200,93.0,6.3865
kitti_mini,000049,yaw,0.5,yaw_0.5deg,1,Car,13.75,near,864,99.4213,6.9439
kitti_mini,000049,yaw,0.5,yaw_0.5deg,2,Car,21.82,mid,140,100.0,6.5759
kitti_mini,000049,yaw,0.5,yaw_0.5deg,3,Car,24.83,mid,73,100.0,6.4868
kitti_mini,000049,yaw,0.5,yaw_0.5deg,4,Car,32.49,far,18,100.0,6.4137
kitti_mini,000049,yaw,0.5,yaw_0.5deg,5,Van,45.7,far,79,100.0,6.3627
kitti_mini,000049,yaw,0.5,yaw_0.5deg,6,Pedestrian,4.71,near,807,83.1475,8.8801
kitti_mini,000049,yaw,0.5,yaw_0.5deg,7,Car,9.53,near,548,98.9051,7.7636
kitti_mini,000049,yaw,0.5,yaw_0.5deg,8,Car,14.89,near,423,98.818,6.8766
kitti_mini,000049,yaw,0.5,yaw_0.5deg,9,Car,20.2,mid,181,98.3425,6.6064
kitti_mini,000049,yaw,0.5,yaw_0.5deg,10,Pedestrian,32.55,far,42,57.1429,6.4413
kitti_mini,000049,yaw,0.5,yaw_0.5deg,11,Car,31.83,far,74,100.0,6.9865
kitti_mini,000049,yaw,0.5,yaw_0.5deg,12,Car,12.04,near,435,100.0,9.4789
kitti_mini,000049,yaw,0.5,yaw_0.5deg,13,Car,17.23,mid,308,100.0,7.7613
kitti_mini,000049,yaw,0.5,yaw_0.5deg,16,Van,32.04,far,261,95.7854,7.8371
kitti_mini,000049,yaw,1.0,yaw_1deg,0,Car,21.55,mid,200,81.0,12.7732
kitti_mini,000049,yaw,1.0,yaw_1deg,1,Car,13.75,near,864,96.9907,13.9232
kitti_mini,000049,yaw,1.0,yaw_1deg,2,Car,21.82,mid,140,100.0,13.1727
kitti_mini,000049,yaw,1.0,yaw_1deg,3,Car,24.83,mid,73,100.0,12.9896
kitti_mini,000049,yaw,1.0,yaw_1deg,4,Car,32.49,far,18,100.0,12.8391
kitti_mini,000049,yaw,1.0,yaw_1deg,5,Van,45.7,far,79,96.2025,12.733
kitti_mini,000049,yaw,1.0,yaw_1deg,6,Pedestrian,4.71,near,807,80.4213,17.6677
kitti_mini,000049,yaw,1.0,yaw_1deg,7,Car,9.53,near,548,95.438,15.4669
kitti_mini,000049,yaw,1.0,yaw_1deg,8,Car,14.89,near,423,94.5626,13.7214
kitti_mini,000049,yaw,1.0,yaw_1deg,9,Car,20.2,mid,181,84.5304,13.192
kitti_mini,000049,yaw,1.0,yaw_1deg,10,Pedestrian,32.55,far,42,4.7619,12.8696
kitti_mini,000049,yaw,1.0,yaw_1deg,11,Car,31.83,far,74,100.0,13.935
kitti_mini,000049,yaw,1.0,yaw_1deg,12,Car,12.04,near,435,100.0,19.0753
kitti_mini,000049,yaw,1.0,yaw_1deg,13,Car,17.23,mid,308,100.0,15.5872
kitti_mini,000049,yaw,1.0,yaw_1deg,16,Van,32.04,far,261,90.0383,15.6085
kitti_mini,000049,yaw,2.0,yaw_2deg,0,Car,21.55,mid,200,56.5,25.548
kitti_mini,000049,yaw,2.0,yaw_2deg,1,Car,13.75,near,864,92.0139,27.9935
kitti_mini,000049,yaw,2.0,yaw_2deg,2,Car,21.82,mid,140,100.0,26.4338
kitti_mini,000049,yaw,2.0,yaw_2deg,3,Car,24.83,mid,73,100.0,26.0479
kitti_mini,000049,yaw,2.0,yaw_2deg,4,Car,32.49,far,18,100.0,25.7286
kitti_mini,000049,yaw,2.0,yaw_2deg,5,Van,45.7,far,79,87.3418,25.5008
kitti_mini,000049,yaw,2.0,yaw_2deg,6,Pedestrian,4.71,near,807,69.5167,34.9772
kitti_mini,000049,yaw,2.0,yaw_2deg,7,Car,9.53,near,548,87.7737,30.7001
kitti_mini,000049,yaw,2.0,yaw_2deg,8,Car,14.89,near,423,83.9243,27.3206
kitti_mini,000049,yaw,2.0,yaw_2deg,9,Car,20.2,mid,181,52.4862,26.3047
kitti_mini,000049,yaw,2.0,yaw_2deg,10,Pedestrian,32.55,far,42,0.0,25.691
kitti_mini,000049,yaw,2.0,yaw_2deg,11,Car,31.83,far,74,98.6486,27.7228
kitti_mini,000049,yaw,2.0,yaw_2deg,12,Car,12.04,near,435,96.3218,38.4864
kitti_mini,000049,yaw,2.0,yaw_2deg,13,Car,17.23,mid,308,99.6753,31.4408
kitti_mini,000049,yaw,2.0,yaw_2deg,16,Van,32.04,far,261,76.2452,30.9624
kitti_mini,000049,yaw,3.0,yaw_3deg,0,Car,21.55,mid,200,35.5,38.3278
kitti_mini,000049,yaw,3.0,yaw_3deg,1,Car,13.75,near,864,86.6898,42.2223
kitti_mini,000049,yaw,3.0,yaw_3deg,2,Car,21.82,mid,140,98.5714,39.7923
kitti_mini,000049,yaw,3.0,yaw_3deg,3,Car,24.83,mid,73,95.8904,39.1836
kitti_mini,000049,yaw,3.0,yaw_3deg,4,Car,32.49,far,18,100.0,38.6769
kitti_mini,000049,yaw,3.0,yaw_3deg,5,Van,45.7,far,79,74.6835,38.3114
kitti_mini,000049,yaw,3.0,yaw_3deg,6,Pedestrian,4.71,near,807,54.0273,51.9499
kitti_mini,000049,yaw,3.0,yaw_3deg,7,Car,9.53,near,548,82.1168,45.7142
kitti_mini,000049,yaw,3.0,yaw_3deg,8,Car,14.89,near,423,69.74,40.8078
kitti_mini,000049,yaw,3.0,yaw_3deg,9,Car,20.2,mid,181,20.9945,39.3469
kitti_mini,000049,yaw,3.0,yaw_3deg,10,Pedestrian,32.55,far,42,0.0,38.4726
kitti_mini,000049,yaw,3.0,yaw_3deg,11,Car,31.83,far,74,83.7838,41.3743
kitti_mini,000049,yaw,3.0,yaw_3deg,12,Car,12.04,near,435,88.046,58.0901
kitti_mini,000049,yaw,3.0,yaw_3deg,13,Car,17.23,mid,308,93.5065,47.5778
kitti_mini,000049,yaw,3.0,yaw_3deg,16,Van,32.04,far,261,64.3678,46.077
kitti_mini,000049,pitch,0.5,pitch_0.5deg,0,Car,21.55,mid,200,93.0,6.3998
kitti_mini,000049,pitch,0.5,pitch_0.5deg,1,Car,13.75,near,864,100.0,6.461
kitti_mini,000049,pitch,0.5,pitch_0.5deg,2,Car,21.82,mid,140,99.2857,6.3855
kitti_mini,000049,pitch,0.5,pitch_0.5deg,3,Car,24.83,mid,73,100.0,6.3747
kitti_mini,000049,pitch,0.5,pitch_0.5deg,4,Car,32.49,far,18,100.0,6.3566
kitti_mini,000049,pitch,0.5,pitch_0.5deg,5,Van,45.7,far,79,94.9367,6.3355
kitti_mini,000049,pitch,0.5,pitch_0.5deg,6,Pedestrian,4.71,near,807,83.891,6.8462
kitti_mini,000049,pitch,0.5,pitch_0.5deg,7,Car,9.53,near,548,100.0,6.5929
kitti_mini,000049,pitch,0.5,pitch_0.5deg,8,Car,14.89,near,423,100.0,6.454
kitti_mini,000049,pitch,0.5,pitch_0.5deg,9,Car,20.2,mid,181,97.7901,6.3998
kitti_mini,000049,pitch,0.5,pitch_0.5deg,10,Pedestrian,32.55,far,42,73.8095,6.3562
kitti_mini,000049,pitch,0.5,pitch_0.5deg,11,Car,31.83,far,74,98.6486,6.3583
kitti_mini,000049,pitch,0.5,pitch_0.5deg,12,Car,12.04,near,435,100.0,6.4906
kitti_mini,000049,pitch,0.5,pitch_0.5deg,13,Car,17.23,mid,308,100.0,6.4155
kitti_mini,000049,pitch,0.5,pitch_0.5deg,16,Van,32.04,far,261,100.0,6.3525
kitti_mini,000049,pitch,1.0,pitch_1deg,0,Car,21.55,mid,200,73.5,12.8063
kitti_mini,000049,pitch,1.0,pitch_1deg,1,Car,13.75,near,864,97.1065,12.9316
kitti_mini,000049,pitch,1.0,pitch_1deg,2,Car,21.82,mid,140,96.4286,12.7752
kitti_mini,000049,pitch,1.0,pitch_1deg,3,Car,24.83,mid,73,78.0822,12.7535
kitti_mini,000049,pitch,1.0,pitch_1deg,4,Car,32.49,far,18,66.6667,12.7169
kitti_mini,000049,pitch,1.0,pitch_1deg,5,Van,45.7,far,79,74.6835,12.6708
kitti_mini,000049,pitch,1.0,pitch_1deg,6,Pedestrian,4.71,near,807,82.0322,13.7044
kitti_mini,000049,pitch,1.0,pitch_1deg,7,Car,9.53,near,548,100.0,13.2018
kitti_mini,000049,pitch,1.0,pitch_1deg,8,Car,14.89,near,423,96.9267,12.9173
kitti_mini,000049,pitch,1.0,pitch_1deg,9,Car,20.2,mid,181,93.9227,12.8057
kitti_mini,000049,pitch,1.0,pitch_1deg,10,Pedestrian,32.55,far,42,69.0476,12.7168
kitti_mini,000049,pitch,1.0,pitch_1deg,11,Car,31.83,far,74,91.8919,12.7208
kitti_mini,000049,pitch,1.0,pitch_1deg,12,Car,12.04,near,435,99.3103,12.9925
kitti_mini,000049,pitch,1.0,pitch_1deg,13,Car,17.23,mid,308,94.4805,12.8374
kitti_mini,000049,pitch,1.0,pitch_1deg,16,Van,32.04,far,261,100.0,12.7053
kitti_mini,000049,pitch,2.0,pitch_2deg,0,Car,21.55,mid,200,33.0,25.6428
kitti_mini,000049,pitch,2.0,pitch_2deg,1,Car,13.75,near,864,81.4815,25.905
kitti_mini,000049,pitch,2.0,pitch_2deg,2,Car,21.82,mid,140,72.8571,25.5728
kitti_mini,000049,pitch,2.0,pitch_2deg,3,Car,24.83,mid,73,53.4247,25.5271
kitti_mini,000049,pitch,2.0,pitch_2deg,4,Car,32.49,far,18,0.0,25.4524
kitti_mini,000049,pitch,2.0,pitch_2deg,5,Van,45.7,far,79,48.1013,25.3443
kitti_mini,000049,pitch,2.0,pitch_2deg,6,Pedestrian,4.71,near,807,77.943,27.4636
kitti_mini,000049,pitch,2.0,pitch_2deg,7,Car,9.53,near,548,94.5255,26.47
kitti_mini,000049,pitch,2.0,pitch_2deg,8,Car,14.89,near,423,84.1608,25.8773
kitti_mini,000049,pitch,2.0,pitch_2deg,9,Car,20.2,mid,181,74.0331,25.6383
kitti_mini,000049,pitch,2.0,pitch_2deg,10,Pedestrian,32.55,far,42,30.9524,25.4547
kitti_mini,000049,pitch,2.0,pitch_2deg,11,Car,31.83,far,74,24.3243,25.4626
kitti_mini,000049,pitch,2.0,pitch_2deg,12,Car,12.04,near,435,95.8621,26.0311
kitti_mini,000049,pitch,2.0,pitch_2deg,13,Car,17.23,mid,308,69.1558,25.7045
kitti_mini,000049,pitch,2.0,pitch_2deg,16,Van,32.04,far,261,100.0,25.4206
kitti_mini,000049,pitch,3.0,pitch_3deg,0,Car,21.55,mid,200,12.0,38.5179
kitti_mini,000049,pitch,3.0,pitch_3deg,1,Car,13.75,near,864,57.8704,38.926
kitti_mini,000049,pitch,3.0,pitch_3deg,2,Car,21.82,mid,140,35.0,38.4011
kitti_mini,000049,pitch,3.0,pitch_3deg,3,Car,24.83,mid,73,26.0274,38.3289
kitti_mini,000049,pitch,3.0,pitch_3deg,4,Car,32.49,far,18,0.0,38.2145
kitti_mini,000049,pitch,3.0,pitch_3deg,5,Van,45.7,far,79,0.0,38.0321
kitti_mini,000049,pitch,3.0,pitch_3deg,6,Pedestrian,4.71,near,807,72.9864,41.2657
kitti_mini,000049,pitch,3.0,pitch_3deg,7,Car,9.53,near,548,86.1314,39.8172
kitti_mini,000049,pitch,3.0,pitch_3deg,8,Car,14.89,near,423,66.1939,38.8877
kitti_mini,000049,pitch,3.0,pitch_3deg,9,Car,20.2,mid,181,47.5138,38.504
kitti_mini,000049,pitch,3.0,pitch_3deg,10,Pedestrian,32.55,far,42,0.0,38.2218
kitti_mini,000049,pitch,3.0,pitch_3deg,11,Car,31.83,far,74,18.9189,38.2338
kitti_mini,000049,pitch,3.0,pitch_3deg,12,Car,12.04,near,435,82.9885,39.1274
kitti_mini,000049,pitch,3.0,pitch_3deg,13,Car,17.23,mid,308,47.4026,38.6094
kitti_mini,000049,pitch,3.0,pitch_3deg,16,Van,32.04,far,261,73.5632,38.158
kitti_mini,000049,roll,0.5,roll_0.5deg,0,Car,21.55,mid,200,100.0,0.3119
kitti_mini,000049,roll,0.5,roll_0.5deg,1,Car,13.75,near,864,100.0,1.8156
kitti_mini,000049,roll,0.5,roll_0.5deg,2,Car,21.82,mid,140,100.0,1.1008
kitti_mini,000049,roll,0.5,roll_0.5deg,3,Car,24.83,mid,73,79.4521,0.8592
kitti_mini,000049,roll,0.5,roll_0.5deg,4,Car,32.49,far,18,100.0,0.6091
kitti_mini,000049,roll,0.5,roll_0.5deg,5,Van,45.7,far,79,100.0,0.4084
kitti_mini,000049,roll,0.5,roll_0.5deg,6,Pedestrian,4.71,near,807,83.767,3.8634
kitti_mini,000049,roll,0.5,roll_0.5deg,7,Car,9.53,near,548,100.0,2.9036
kitti_mini,000049,roll,0.5,roll_0.5deg,8,Car,14.89,near,423,100.0,1.7496
kitti_mini,000049,roll,0.5,roll_0.5deg,9,Car,20.2,mid,181,100.0,1.2187
kitti_mini,000049,roll,0.5,roll_0.5deg,10,Pedestrian,32.55,far,42,88.0952,0.7869
kitti_mini,000049,roll,0.5,roll_0.5deg,11,Car,31.83,far,74,100.0,2.025
kitti_mini,000049,roll,0.5,roll_0.5deg,12,Car,12.04,near,435,94.2529,4.356
kitti_mini,000049,roll,0.5,roll_0.5deg,13,Car,17.23,mid,308,100.0,2.9171
kitti_mini,000049,roll,0.5,roll_0.5deg,16,Van,32.04,far,261,100.0,3.0908
kitti_mini,000049,roll,1.0,roll_1deg,0,Car,21.55,mid,200,100.0,0.6238
kitti_mini,000049,roll,1.0,roll_1deg,1,Car,13.75,near,864,99.4213,3.6311
kitti_mini,000049,roll,1.0,roll_1deg,2,Car,21.82,mid,140,85.7143,2.2015
kitti_mini,000049,roll,1.0,roll_1deg,3,Car,24.83,mid,73,78.0822,1.7184
kitti_mini,000049,roll,1.0,roll_1deg,4,Car,32.49,far,18,100.0,1.2183
kitti_mini,000049,roll,1.0,roll_1deg,5,Van,45.7,far,79,100.0,0.8169
kitti_mini,000049,roll,1.0,roll_1deg,6,Pedestrian,4.71,near,807,82.7757,7.7181
kitti_mini,000049,roll,1.0,roll_1deg,7,Car,9.53,near,548,100.0,5.8073
kitti_mini,000049,roll,1.0,roll_1deg,8,Car,14.89,near,423,100.0,3.4992
kitti_mini,000049,roll,1.0,roll_1deg,9,Car,20.2,mid,181,100.0,2.4373
kitti_mini,000049,roll,1.0,roll_1deg,10,Pedestrian,32.55,far,42,85.7143,1.5738
kitti_mini,000049,roll,1.0,roll_1deg,11,Car,31.83,far,74,100.0,4.0501
kitti_mini,000049,roll,1.0,roll_1deg,12,Car,12.04,near,435,91.0345,8.7117
kitti_mini,000049,roll,1.0,roll_1deg,13,Car,17.23,mid,308,90.2597,5.8341
kitti_mini,000049,roll,1.0,roll_1deg,16,Van,32.04,far,261,100.0,6.1817
kitti_mini,000049,roll,2.0,roll_2deg,0,Car,21.55,mid,200,100.0,1.2476
kitti_mini,000049,roll,2.0,roll_2deg,1,Car,13.75,near,864,95.4861,7.2618
kitti_mini,000049,roll,2.0,roll_2deg,2,Car,21.82,mid,140,85.7143,4.4028
kitti_mini,000049,roll,2.0,roll_2deg,3,Car,24.83,mid,73,78.0822,3.4367
kitti_mini,000049,roll,2.0,roll_2deg,4,Car,32.49,far,18,100.0,2.4365
kitti_mini,000049,roll,2.0,roll_2deg,5,Van,45.7,far,79,100.0,1.6336
kitti_mini,000049,roll,2.0,roll_2deg,6,Pedestrian,4.71,near,807,80.1735,15.3823
kitti_mini,000049,roll,2.0,roll_2deg,7,Car,9.53,near,548,100.0,11.6146
kitti_mini,000049,roll,2.0,roll_2deg,8,Car,14.89,near,423,100.0,6.9983
kitti_mini,000049,roll,2.0,roll_2deg,9,Car,20.2,mid,181,100.0,4.8745
kitti_mini,000049,roll,2.0,roll_2deg,10,Pedestrian,32.55,far,42,85.7143,3.1474
kitti_mini,000049,roll,2.0,roll_2deg,11,Car,31.83,far,74,98.6486,8.1001
kitti_mini,000049,roll,2.0,roll_2deg,12,Car,12.04,near,435,87.5862,17.4217
kitti_mini,000049,roll,2.0,roll_2deg,13,Car,17.23,mid,308,85.0649,11.6672
kitti_mini,000049,roll,2.0,roll_2deg,16,Van,32.04,far,261,100.0,12.3635
kitti_mini,000049,roll,3.0,roll_3deg,0,Car,21.55,mid,200,100.0,1.8713
kitti_mini,000049,roll,3.0,roll_3deg,1,Car,13.75,near,864,91.2037,10.8918
kitti_mini,000049,roll,3.0,roll_3deg,2,Car,21.82,mid,140,77.8571,6.6036
kitti_mini,000049,roll,3.0,roll_3deg,3,Car,24.83,mid,73,75.3425,5.1546
kitti_mini,000049,roll,3.0,roll_3deg,4,Car,32.49,far,18,100.0,3.6544
kitti_mini,000049,roll,3.0,roll_3deg,5,Van,45.7,far,79,92.4051,2.4503
kitti_mini,000049,roll,3.0,roll_3deg,6,Pedestrian,4.71,near,807,77.5713,23.0459
kitti_mini,000049,roll,3.0,roll_3deg,7,Car,9.53,near,548,99.8175,17.4214
kitti_mini,000049,roll,3.0,roll_3deg,8,Car,14.89,near,423,99.2908,10.497
kitti_mini,000049,roll,3.0,roll_3deg,9,Car,20.2,mid,181,97.7901,7.3115
kitti_mini,000049,roll,3.0,roll_3deg,10,Pedestrian,32.55,far,42,73.8095,4.7209
kitti_mini,000049,roll,3.0,roll_3deg,11,Car,31.83,far,74,91.8919,12.1498
kitti_mini,000049,roll,3.0,roll_3deg,12,Car,12.04,near,435,80.6897,26.1292
kitti_mini,000049,roll,3.0,roll_3deg,13,Car,17.23,mid,308,80.8442,17.499
kitti_mini,000049,roll,3.0,roll_3deg,16,Van,32.04,far,261,100.0,18.5449
kitti_mini,000049,tx,0.02,tx_2cm,0,Car,21.55,mid,200,100.0,0.0347
kitti_mini,000049,tx,0.02,tx_2cm,1,Car,13.75,near,864,100.0,0.3239
kitti_mini,000049,tx,0.02,tx_2cm,2,Car,21.82,mid,140,100.0,0.119
kitti_mini,000049,tx,0.02,tx_2cm,3,Car,24.83,mid,73,100.0,0.0811
kitti_mini,000049,tx,0.02,tx_2cm,4,Car,32.49,far,18,100.0,0.0437
kitti_mini,000049,tx,0.02,tx_2cm,5,Van,45.7,far,79,100.0,0.0209
kitti_mini,000049,tx,0.02,tx_2cm,6,Pedestrian,4.71,near,807,85.5019,1.936
kitti_mini,000049,tx,0.02,tx_2cm,7,Car,9.53,near,548,100.0,0.817
kitti_mini,000049,tx,0.02,tx_2cm,8,Car,14.89,near,423,100.0,0.3048
kitti_mini,000049,tx,0.02,tx_2cm,9,Car,20.2,mid,181,100.0,0.1519
kitti_mini,000049,tx,0.02,tx_2cm,10,Pedestrian,32.55,far,42,88.0952,0.0566
kitti_mini,000049,tx,0.02,tx_2cm,11,Car,31.83,far,74,100.0,0.15
kitti_mini,000049,tx,0.02,tx_2cm,12,Car,12.04,near,435,100.0,0.8925
kitti_mini,000049,tx,0.02,tx_2cm,13,Car,17.23,mid,308,100.0,0.4004
kitti_mini,000049,tx,0.02,tx_2cm,16,Van,32.04,far,261,100.0,0.2298
kitti_mini,000049,tx,0.05,tx_5cm,0,Car,21.55,mid,200,100.0,0.0866
kitti_mini,000049,tx,0.05,tx_5cm,1,Car,13.75,near,864,100.0,0.8079
kitti_mini,000049,tx,0.05,tx_5cm,2,Car,21.82,mid,140,100.0,0.2971
kitti_mini,000049,tx,0.05,tx_5cm,3,Car,24.83,mid,73,100.0,0.2024
kitti_mini,000049,tx,0.05,tx_5cm,4,Car,32.49,far,18,100.0,0.1092
kitti_mini,000049,tx,0.05,tx_5cm,5,Van,45.7,far,79,100.0,0.0522
kitti_mini,000049,tx,0.05,tx_5cm,6,Pedestrian,4.71,near,807,85.1301,4.8093
kitti_mini,000049,tx,0.05,tx_5cm,7,Car,9.53,near,548,100.0,2.0351
kitti_mini,000049,tx,0.05,tx_5cm,8,Car,14.89,near,423,100.0,0.7602
kitti_mini,000049,tx,0.05,tx_5cm,9,Car,20.2,mid,181,100.0,0.3791
kitti_mini,000049,tx,0.05,tx_5cm,10,Pedestrian,32.55,far,42,88.0952,0.1415
kitti_mini,000049,tx,0.05,tx_5cm,11,Car,31.83,far,74,100.0,0.3746
kitti_mini,000049,tx,0.05,tx_5cm,12,Car,12.04,near,435,100.0,2.2252
kitti_mini,000049,tx,0.05,tx_5cm,13,Car,17.23,mid,308,100.0,0.9991
kitti_mini,000049,tx,0.05,tx_5cm,16,Van,32.04,far,261,100.0,0.574
kitti_mini,000049,tx,0.1,tx_10cm,0,Car,21.55,mid,200,100.0,0.1727
kitti_mini,000049,tx,0.1,tx_10cm,1,Car,13.75,near,864,100.0,1.6093
kitti_mini,000049,tx,0.1,tx_10cm,2,Car,21.82,mid,140,100.0,0.5927
kitti_mini,000049,tx,0.1,tx_10cm,3,Car,24.83,mid,73,100.0,0.404
kitti_mini,000049,tx,0.1,tx_10cm,4,Car,32.49,far,18,100.0,0.2181
kitti_mini,000049,tx,0.1,tx_10cm,5,Van,45.7,far,79,100.0,0.1043
kitti_mini,000049,tx,0.1,tx_10cm,6,Pedestrian,4.71,near,807,84.1388,9.5157
kitti_mini,000049,tx,0.1,tx_10cm,7,Car,9.53,near,548,100.0,4.0458
kitti_mini,000049,tx,0.1,tx_10cm,8,Car,14.89,near,423,100.0,1.5148
kitti_mini,000049,tx,0.1,tx_10cm,9,Car,20.2,mid,181,100.0,0.7561
kitti_mini,000049,tx,0.1,tx_10cm,10,Pedestrian,32.55,far,42,88.0952,0.2825
kitti_mini,000049,tx,0.1,tx_10cm,11,Car,31.83,far,74,100.0,0.7479
kitti_mini,000049,tx,0.1,tx_10cm,12,Car,12.04,near,435,100.0,4.4302
kitti_mini,000049,tx,0.1,tx_10cm,13,Car,17.23,mid,308,100.0,1.9922
kitti_mini,000049,tx,0.1,tx_10cm,16,Van,32.04,far,261,100.0,1.1461
kitti_mini,000049,ty,0.02,ty_2cm,0,Car,21.55,mid,200,100.0,0.7218
kitti_mini,000049,ty,0.02,ty_2cm,1,Car,13.75,near,864,100.0,1.1249
kitti_mini,000049,ty,0.02,ty_2cm,2,Car,21.82,mid,140,100.0,0.694
kitti_mini,000049,ty,0.02,ty_2cm,3,Car,24.83,mid,73,100.0,0.6026
kitti_mini,000049,ty,0.02,ty_2cm,4,Car,32.49,far,18,100.0,0.4631
kitti_mini,000049,ty,0.02,ty_2cm,5,Van,45.7,far,79,100.0,0.3246
kitti_mini,000049,ty,0.02,ty_2cm,6,Pedestrian,4.71,near,807,84.2627,3.1256
kitti_mini,000049,ty,0.02,ty_2cm,7,Car,9.53,near,548,100.0,1.7414
kitti_mini,000049,ty,0.02,ty_2cm,8,Car,14.89,near,423,100.0,1.0761
kitti_mini,000049,ty,0.02,ty_2cm,9,Car,20.2,mid,181,100.0,0.7712
kitti_mini,000049,ty,0.02,ty_2cm,10,Pedestrian,32.55,far,42,85.7143,0.4472
kitti_mini,000049,ty,0.02,ty_2cm,11,Car,31.83,far,74,100.0,0.4636
kitti_mini,000049,ty,0.02,ty_2cm,12,Car,12.04,near,435,100.0,1.3108
kitti_mini,000049,ty,0.02,ty_2cm,13,Car,17.23,mid,308,100.0,0.8685
kitti_mini,000049,ty,0.02,ty_2cm,16,Van,32.04,far,261,100.0,0.4668
kitti_mini,000049,ty,0.05,ty_5cm,0,Car,21.55,mid,200,100.0,1.8046
kitti_mini,000049,ty,0.05,ty_5cm,1,Car,13.75,near,864,100.0,2.8122
kitti_mini,000049,ty,0.05,ty_5cm,2,Car,21.82,mid,140,100.0,1.7349
kitti_mini,000049,ty,0.05,ty_5cm,3,Car,24.83,mid,73,100.0,1.5066
kitti_mini,000049,ty,0.05,ty_5cm,4,Car,32.49,far,18,100.0,1.1577
kitti_mini,000049,ty,0.05,ty_5cm,5,Van,45.7,far,79,100.0,0.8116
kitti_mini,000049,ty,0.05,ty_5cm,6,Pedestrian,4.71,near,807,83.1475,7.814
kitti_mini,000049,ty,0.05,ty_5cm,7,Car,9.53,near,548,100.0,4.3534
kitti_mini,000049,ty,0.05,ty_5cm,8,Car,14.89,near,423,100.0,2.6903
kitti_mini,000049,ty,0.05,ty_5cm,9,Car,20.2,mid,181,100.0,1.9279
kitti_mini,000049,ty,0.05,ty_5cm,10,Pedestrian,32.55,far,42,85.7143,1.118
kitti_mini,000049,ty,0.05,ty_5cm,11,Car,31.83,far,74,100.0,1.1591
kitti_mini,000049,ty,0.05,ty_5cm,12,Car,12.04,near,435,100.0,3.277
kitti_mini,000049,ty,0.05,ty_5cm,13,Car,17.23,mid,308,100.0,2.1712
kitti_mini,000049,ty,0.05,ty_5cm,16,Van,32.04,far,261,100.0,1.1669
kitti_mini,000049,ty,0.1,ty_10cm,0,Car,21.55,mid,200,97.5,3.6092
kitti_mini,000049,ty,0.1,ty_10cm,1,Car,13.75,near,864,99.6528,5.6243
kitti_mini,000049,ty,0.1,ty_10cm,2,Car,21.82,mid,140,100.0,3.4699
kitti_mini,000049,ty,0.1,ty_10cm,3,Car,24.83,mid,73,100.0,3.0132
kitti_mini,000049,ty,0.1,ty_10cm,4,Car,32.49,far,18,100.0,2.3154
kitti_mini,000049,ty,0.1,ty_10cm,5,Van,45.7,far,79,100.0,1.6232
kitti_mini,000049,ty,0.1,ty_10cm,6,Pedestrian,4.71,near,807,80.5452,15.628
kitti_mini,000049,ty,0.1,ty_10cm,7,Car,9.53,near,548,99.4526,8.7068
kitti_mini,000049,ty,0.1,ty_10cm,8,Car,14.89,near,423,100.0,5.3805
kitti_mini,000049,ty,0.1,ty_10cm,9,Car,20.2,mid,181,100.0,3.8558
kitti_mini,000049,ty,0.1,ty_10cm,10,Pedestrian,32.55,far,42,83.3333,2.236
kitti_mini,000049,ty,0.1,ty_10cm,11,Car,31.83,far,74,100.0,2.3181
kitti_mini,000049,ty,0.1,ty_10cm,12,Car,12.04,near,435,100.0,6.5541
kitti_mini,000049,ty,0.1,ty_10cm,13,Car,17.23,mid,308,100.0,4.3423
kitti_mini,000049,ty,0.1,ty_10cm,16,Van,32.04,far,261,100.0,2.3338
kitti_mini,000049,tz,0.02,tz_2cm,0,Car,21.55,mid,200,100.0,0.7221
kitti_mini,000049,tz,0.02,tz_2cm,1,Car,13.75,near,864,100.0,1.1257
kitti_mini,000049,tz,0.02,tz_2cm,2,Car,21.82,mid,140,100.0,0.6941
kitti_mini,000049,tz,0.02,tz_2cm,3,Car,24.83,mid,73,100.0,0.6027
kitti_mini,000049,tz,0.02,tz_2cm,4,Car,32.49,far,18,100.0,0.4632
kitti_mini,000049,tz,0.02,tz_2cm,5,Van,45.7,far,79,100.0,0.3247
kitti_mini,000049,tz,0.02,tz_2cm,6,Pedestrian,4.71,near,807,86.3693,3.1297
kitti_mini,000049,tz,0.02,tz_2cm,7,Car,9.53,near,548,100.0,1.7431
kitti_mini,000049,tz,0.02,tz_2cm,8,Car,14.89,near,423,100.0,1.0763
kitti_mini,000049,tz,0.02,tz_2cm,9,Car,20.2,mid,181,100.0,0.7713
kitti_mini,000049,tz,0.02,tz_2cm,10,Pedestrian,32.55,far,42,88.0952,0.4472
kitti_mini,000049,tz,0.02,tz_2cm,11,Car,31.83,far,74,100.0,0.4637
kitti_mini,000049,tz,0.02,tz_2cm,12,Car,12.04,near,435,100.0,1.3116
kitti_mini,000049,tz,0.02,tz_2cm,13,Car,17.23,mid,308,100.0,0.8687
kitti_mini,000049,tz,0.02,tz_2cm,16,Van,32.04,far,261,100.0,0.4667
kitti_mini,000049,tz,0.05,tz_5cm,0,Car,21.55,mid,200,100.0,1.8053
kitti_mini,000049,tz,0.05,tz_5cm,1,Car,13.75,near,864,100.0,2.8141
kitti_mini,000049,tz,0.05,tz_5cm,2,Car,21.82,mid,140,100.0,1.7351
kitti_mini,000049,tz,0.05,tz_5cm,3,Car,24.83,mid,73,78.0822,1.5068
kitti_mini,000049,tz,0.05,tz_5cm,4,Car,32.49,far,18,100.0,1.1579
kitti_mini,000049,tz,0.05,tz_5cm,5,Van,45.7,far,79,100.0,0.8116
kitti_mini,000049,tz,0.05,tz_5cm,6,Pedestrian,4.71,near,807,87.2367,7.8237
kitti_mini,000049,tz,0.05,tz_5cm,7,Car,9.53,near,548,100.0,4.3575
kitti_mini,000049,tz,0.05,tz_5cm,8,Car,14.89,near,423,100.0,2.6908
kitti_mini,000049,tz,0.05,tz_5cm,9,Car,20.2,mid,181,100.0,1.9281
kitti_mini,000049,tz,0.05,tz_5cm,10,Pedestrian,32.55,far,42,83.3333,1.1181
kitti_mini,000049,tz,0.05,tz_5cm,11,Car,31.83,far,74,100.0,1.1593
kitti_mini,000049,tz,0.05,tz_5cm,12,Car,12.04,near,435,94.7126,3.2789
kitti_mini,000049,tz,0.05,tz_5cm,13,Car,17.23,mid,308,100.0,2.1717
kitti_mini,000049,tz,0.05,tz_5cm,16,Van,32.04,far,261,100.0,1.1667
kitti_mini,000049,tz,0.1,tz_10cm,0,Car,21.55,mid,200,96.0,3.6105
kitti_mini,000049,tz,0.1,tz_10cm,1,Car,13.75,near,864,95.4861,5.6279
kitti_mini,000049,tz,0.1,tz_10cm,2,Car,21.82,mid,140,85.7143,3.4702
kitti_mini,000049,tz,0.1,tz_10cm,3,Car,24.83,mid,73,78.0822,3.0136
kitti_mini,000049,tz,0.1,tz_10cm,4,Car,32.49,far,18,100.0,2.3157
kitti_mini,000049,tz,0.1,tz_10cm,5,Van,45.7,far,79,100.0,1.6232
kitti_mini,000049,tz,0.1,tz_10cm,6,Pedestrian,4.71,near,807,88.9715,15.6457
kitti_mini,000049,tz,0.1,tz_10cm,7,Car,9.53,near,548,95.073,8.7144
kitti_mini,000049,tz,0.1,tz_10cm,8,Car,14.89,near,423,93.617,5.3814
kitti_mini,000049,tz,0.1,tz_10cm,9,Car,20.2,mid,181,100.0,3.8561
kitti_mini,000049,tz,0.1,tz_10cm,10,Pedestrian,32.55,far,42,83.3333,2.2361
kitti_mini,000049,tz,0.1,tz_10cm,11,Car,31.83,far,74,81.0811,2.3186
kitti_mini,000049,tz,0.1,tz_10cm,12,Car,12.04,near,435,94.2529,6.5575
kitti_mini,000049,tz,0.1,tz_10cm,13,Car,17.23,mid,308,90.2597,4.3433
kitti_mini,000049,tz,0.1,tz_10cm,16,Van,32.04,far,261,97.318,2.3334
kitti_mini,000061,baseline,0.0,baseline,0,Van,15.23,mid,969,100.0,0.0
kitti_mini,000061,baseline,0.0,baseline,3,Car,16.63,mid,131,100.0,0.0
kitti_mini,000061,baseline,0.0,baseline,4,Misc,34.42,far,70,100.0,0.0
kitti_mini,000061,baseline,0.0,baseline,5,Van,40.44,far,14,100.0,0.0
kitti_mini,000061,yaw,0.5,yaw_0.5deg,0,Van,15.23,mid,969,99.7936,9.8838
kitti_mini,000061,yaw,0.5,yaw_0.5deg,3,Car,16.63,mid,131,100.0,10.1685
kitti_mini,000061,yaw,0.5,yaw_0.5deg,4,Misc,34.42,far,70,88.5714,7.3819
kitti_mini,000061,yaw,0.5,yaw_0.5deg,5,Van,40.44,far,14,78.5714,7.3625
kitti_mini,000061,yaw,1.0,yaw_1deg,0,Van,15.23,mid,969,97.1104,19.6411
kitti_mini,000061,yaw,1.0,yaw_1deg,3,Car,16.63,mid,131,99.2366,20.4773
kitti_mini,000061,yaw,1.0,yaw_1deg,4,Misc,34.42,far,70,72.8571,14.7122
kitti_mini,000061,yaw,1.0,yaw_1deg,5,Van,40.44,far,14,64.2857,14.6738
kitti_mini,000061,yaw,2.0,yaw_2deg,0,Van,15.23,mid,969,87.5129,38.7917
kitti_mini,000061,yaw,2.0,yaw_2deg,3,Car,16.63,mid,131,82.4427,41.3271
kitti_mini,000061,yaw,2.0,yaw_2deg,4,Misc,34.42,far,70,45.7143,29.2247
kitti_mini,000061,yaw,2.0,yaw_2deg,5,Van,40.44,far,14,35.7143,29.1496
kitti_mini,000061,yaw,3.0,yaw_3deg,0,Van,15.23,mid,969,75.9546,57.4814
kitti_mini,000061,yaw,3.0,yaw_3deg,3,Car,16.63,mid,131,44.2748,62.1001
kitti_mini,000061,yaw,3.0,yaw_3deg,4,Misc,34.42,far,70,15.7143,43.5503
kitti_mini,000061,yaw,3.0,yaw_3deg,5,Van,40.44,far,14,0.0,43.4401
kitti_mini,000061,pitch,0.5,pitch_0.5deg,0,Van,15.23,mid,969,99.8968,6.4386
kitti_mini,000061,pitch,0.5,pitch_0.5deg,3,Car,16.63,mid,131,100.0,6.5
kitti_mini,000061,pitch,0.5,pitch_0.5deg,4,Misc,34.42,far,70,85.7143,6.3484
kitti_mini,000061,pitch,0.5,pitch_0.5deg,5,Van,40.44,far,14,100.0,6.3465
kitti_mini,000061,pitch,1.0,pitch_1deg,0,Van,15.23,mid,969,96.5944,12.8782
kitti_mini,000061,pitch,1.0,pitch_1deg,3,Car,16.63,mid,131,100.0,13.0165
kitti_mini,000061,pitch,1.0,pitch_1deg,4,Misc,34.42,far,70,57.1429,12.6963
kitti_mini,000061,pitch,1.0,pitch_1deg,5,Van,40.44,far,14,100.0,12.6901
kitti_mini,000061,pitch,2.0,pitch_2deg,0,Van,15.23,mid,969,87.6161,25.7671
kitti_mini,000061,pitch,2.0,pitch_2deg,3,Car,16.63,mid,131,80.916,26.1044
kitti_mini,000061,pitch,2.0,pitch_2deg,4,Misc,34.42,far,70,0.0,25.3955
kitti_mini,000061,pitch,2.0,pitch_2deg,5,Van,40.44,far,14,0.0,25.3729
kitti_mini,000061,pitch,3.0,pitch_3deg,0,Van,15.23,mid,969,74.9226,38.6977
kitti_mini,000061,pitch,3.0,pitch_3deg,3,Car,16.63,mid,131,61.0687,39.2741
kitti_mini,000061,pitch,3.0,pitch_3deg,4,Misc,34.42,far,70,0.0,38.1054
kitti_mini,000061,pitch,3.0,pitch_3deg,5,Van,40.44,far,14,0.0,38.0566
kitti_mini,000061,roll,0.5,roll_0.5deg,0,Van,15.23,mid,969,100.0,4.7026
kitti_mini,000061,roll,0.5,roll_0.5deg,3,Car,16.63,mid,131,100.0,4.8712
kitti_mini,000061,roll,0.5,roll_0.5deg,4,Misc,34.42,far,70,100.0,2.5834
kitti_mini,000061,roll,0.5,roll_0.5deg,5,Van,40.44,far,14,100.0,2.5789
kitti_mini,000061,roll,1.0,roll_1deg,0,Van,15.23,mid,969,99.484,9.4055
kitti_mini,000061,roll,1.0,roll_1deg,3,Car,16.63,mid,131,90.0763,9.7419
kitti_mini,000061,roll,1.0,roll_1deg,4,Misc,34.42,far,70,85.7143,5.1669
kitti_mini,000061,roll,1.0,roll_1deg,5,Van,40.44,far,14,92.8571,5.1579
kitti_mini,000061,roll,2.0,roll_2deg,0,Van,15.23,mid,969,92.9825,18.8115
kitti_mini,000061,roll,2.0,roll_2deg,3,Car,16.63,mid,131,82.4427,19.4818
kitti_mini,000061,roll,2.0,roll_2deg,4,Misc,34.42,far,70,65.7143,10.3337
kitti_mini,000061,roll,2.0,roll_2deg,5,Van,40.44,far,14,92.8571,10.3158
kitti_mini,000061,roll,3.0,roll_3deg,0,Van,15.23,mid,969,85.5521,28.2174
kitti_mini,000061,roll,3.0,roll_3deg,3,Car,16.63,mid,131,65.6489,29.2187
kitti_mini,000061,roll,3.0,roll_3deg,4,Misc,34.42,far,70,27.1429,15.5002
kitti_mini,000061,roll,3.0,roll_3deg,5,Van,40.44,far,14,92.8571,15.4732
kitti_mini,000061,tx,0.02,tx_2cm,0,Van,15.23,mid,969,100.0,0.83
kitti_mini,000061,tx,0.02,tx_2cm,3,Car,16.63,mid,131,100.0,0.6913
kitti_mini,000061,tx,0.02,tx_2cm,4,Misc,34.42,far,70,100.0,0.177
kitti_mini,000061,tx,0.02,tx_2cm,5,Van,40.44,far,14,100.0,0.1544
kitti_mini,000061,tx,0.05,tx_5cm,0,Van,15.23,mid,969,100.0,2.0702
kitti_mini,000061,tx,0.05,tx_5cm,3,Car,16.63,mid,131,100.0,1.725
kitti_mini,000061,tx,0.05,tx_5cm,4,Misc,34.42,far,70,100.0,0.442
kitti_mini,000061,tx,0.05,tx_5cm,5,Van,40.44,far,14,100.0,0.3857
kitti_mini,000061,tx,0.1,tx_10cm,0,Van,15.23,mid,969,100.0,4.1246
kitti_mini,000061,tx,0.1,tx_10cm,3,Car,16.63,mid,131,100.0,3.4398
kitti_mini,000061,tx,0.1,tx_10cm,4,Misc,34.42,far,70,100.0,0.8827
kitti_mini,000061,tx,0.1,tx_10cm,5,Van,40.44,far,14,100.0,0.7703
kitti_mini,000061,ty,0.02,ty_2cm,0,Van,15.23,mid,969,100.0,1.1065
kitti_mini,000061,ty,0.02,ty_2cm,3,Car,16.63,mid,131,100.0,0.9046
kitti_mini,000061,ty,0.02,ty_2cm,4,Misc,34.42,far,70,100.0,0.4319
kitti_mini,000061,ty,0.02,ty_2cm,5,Van,40.44,far,14,100.0,0.3757
kitti_mini,000061,ty,0.05,ty_5cm,0,Van,15.23,mid,969,100.0,2.7662
kitti_mini,000061,ty,0.05,ty_5cm,3,Car,16.63,mid,131,100.0,2.2614
kitti_mini,000061,ty,0.05,ty_5cm,4,Misc,34.42,far,70,98.5714,1.0796
kitti_mini,000061,ty,0.05,ty_5cm,5,Van,40.44,far,14,100.0,0.9391
kitti_mini,000061,ty,0.1,ty_10cm,0,Van,15.23,mid,969,100.0,5.5324
kitti_mini,000061,ty,0.1,ty_10cm,3,Car,16.63,mid,131,100.0,4.5229
kitti_mini,000061,ty,0.1,ty_10cm,4,Misc,34.42,far,70,98.5714,2.1593
kitti_mini,000061,ty,0.1,ty_10cm,5,Van,40.44,far,14,100.0,1.8783
kitti_mini,000061,tz,0.02,tz_2cm,0,Van,15.23,mid,969,100.0,1.1069
kitti_mini,000061,tz,0.02,tz_2cm,3,Car,16.63,mid,131,100.0,0.906
kitti_mini,000061,tz,0.02,tz_2cm,4,Misc,34.42,far,70,100.0,0.4318
kitti_mini,000061,tz,0.02,tz_2cm,5,Van,40.44,far,14,100.0,0.3755
kitti_mini,000061,tz,0.05,tz_5cm,0,Van,15.23,mid,969,100.0,2.7672
kitti_mini,000061,tz,0.05,tz_5cm,3,Car,16.63,mid,131,100.0,2.2648
kitti_mini,000061,tz,0.05,tz_5cm,4,Misc,34.42,far,70,100.0,1.0794
kitti_mini,000061,tz,0.05,tz_5cm,5,Van,40.44,far,14,100.0,0.9387
kitti_mini,000061,tz,0.1,tz_10cm,0,Van,15.23,mid,969,100.0,5.5343
kitti_mini,000061,tz,0.1,tz_10cm,3,Car,16.63,mid,131,100.0,4.5295
kitti_mini,000061,tz,0.1,tz_10cm,4,Misc,34.42,far,70,100.0,2.1588
kitti_mini,000061,tz,0.1,tz_10cm,5,Van,40.44,far,14,100.0,1.8774
