dataset,frame_id,axis,level,config,obj_idx,type,depth_m,dist_bin,n_points,hit_pct,shift_px_p50
nuscenes_mini_subset,scene-0103_001,baseline,0.0,baseline,1,Pedestrian,12.06,near,15,93.3333,0.0
nuscenes_mini_subset,scene-0103_001,yaw,0.5,yaw_0.5deg,1,Pedestrian,12.06,near,15,100.0,15.1444
nuscenes_mini_subset,scene-0103_001,yaw,1.0,yaw_1deg,1,Pedestrian,12.06,near,15,100.0,30.1339
nuscenes_mini_subset,scene-0103_001,yaw,2.0,yaw_2deg,1,Pedestrian,12.06,near,15,73.3333,59.667
nuscenes_mini_subset,scene-0103_001,yaw,3.0,yaw_3deg,1,Pedestrian,12.06,near,15,6.6667,88.6353
nuscenes_mini_subset,scene-0103_001,pitch,0.5,pitch_0.5deg,1,Pedestrian,12.06,near,15,93.3333,11.4863
nuscenes_mini_subset,scene-0103_001,pitch,1.0,pitch_1deg,1,Pedestrian,12.06,near,15,93.3333,22.9924
nuscenes_mini_subset,scene-0103_001,pitch,2.0,pitch_2deg,1,Pedestrian,12.06,near,15,80.0,46.0724
nuscenes_mini_subset,scene-0103_001,pitch,3.0,pitch_3deg,1,Pedestrian,12.06,near,15,80.0,69.2576
nuscenes_mini_subset,scene-0103_001,roll,0.5,roll_0.5deg,1,Pedestrian,12.06,near,15,93.3333,6.3744
nuscenes_mini_subset,scene-0103_001,roll,1.0,roll_1deg,1,Pedestrian,12.06,near,15,93.3333,12.7503
nuscenes_mini_subset,scene-0103_001,roll,2.0,roll_2deg,1,Pedestrian,12.06,near,15,93.3333,25.5063
nuscenes_mini_subset,scene-0103_001,roll,3.0,roll_3deg,1,Pedestrian,12.06,near,15,93.3333,38.2671
nuscenes_mini_subset,scene-0103_001,tx,0.02,tx_2cm,1,Pedestrian,12.06,near,15,93.3333,1.2174
nuscenes_mini_subset,scene-0103_001,tx,0.05,tx_5cm,1,Pedestrian,12.06,near,15,100.0,3.0359
nuscenes_mini_subset,scene-0103_001,tx,0.1,tx_10cm,1,Pedestrian,12.06,near,15,100.0,6.0465
nuscenes_mini_subset,scene-0103_001,ty,0.02,ty_2cm,1,Pedestrian,12.06,near,15,100.0,2.1056
nuscenes_mini_subset,scene-0103_001,ty,0.05,ty_5cm,1,Pedestrian,12.06,near,15,100.0,5.2639
nuscenes_mini_subset,scene-0103_001,ty,0.1,ty_10cm,1,Pedestrian,12.06,near,15,100.0,10.5272
nuscenes_mini_subset,scene-0103_001,tz,0.02,tz_2cm,1,Pedestrian,12.06,near,15,93.3333,2.0943
nuscenes_mini_subset,scene-0103_001,tz,0.05,tz_5cm,1,Pedestrian,12.06,near,15,93.3333,5.2351
nuscenes_mini_subset,scene-0103_001,tz,0.1,tz_10cm,1,Pedestrian,12.06,near,15,93.3333,10.4679
nuscenes_mini_subset,scene-0103_001,time,35.6,no_ego_motion,1,Pedestrian,12.06,near,15,80.0,15.7507
nuscenes_mini_subset,scene-0103_002,baseline,0.0,baseline,1,Pedestrian,19.46,mid,11,100.0,0.0
nuscenes_mini_subset,scene-0103_002,yaw,0.5,yaw_0.5deg,1,Pedestrian,19.46,mid,11,72.7273,13.3147
nuscenes_mini_subset,scene-0103_002,yaw,1.0,yaw_1deg,1,Pedestrian,19.46,mid,11,63.6364,26.528
nuscenes_mini_subset,scene-0103_002,yaw,2.0,yaw_2deg,1,Pedestrian,19.46,mid,11,9.0909,52.6634
nuscenes_mini_subset,scene-0103_002,yaw,3.0,yaw_3deg,1,Pedestrian,19.46,mid,11,0.0,78.431
nuscenes_mini_subset,scene-0103_002,pitch,0.5,pitch_0.5deg,1,Pedestrian,19.46,mid,11,100.0,11.3094
nuscenes_mini_subset,scene-0103_002,pitch,1.0,pitch_1deg,1,Pedestrian,19.46,mid,11,81.8182,22.6371
nuscenes_mini_subset,scene-0103_002,pitch,2.0,pitch_2deg,1,Pedestrian,19.46,mid,11,81.8182,45.3554
nuscenes_mini_subset,scene-0103_002,pitch,3.0,pitch_3deg,1,Pedestrian,19.46,mid,11,36.3636,68.1706
nuscenes_mini_subset,scene-0103_002,roll,0.5,roll_0.5deg,1,Pedestrian,19.46,mid,11,100.0,4.7335
nuscenes_mini_subset,scene-0103_002,roll,1.0,roll_1deg,1,Pedestrian,19.46,mid,11,100.0,9.4679
nuscenes_mini_subset,scene-0103_002,roll,2.0,roll_2deg,1,Pedestrian,19.46,mid,11,81.8182,18.9388
nuscenes_mini_subset,scene-0103_002,roll,3.0,roll_3deg,1,Pedestrian,19.46,mid,11,81.8182,28.4119
nuscenes_mini_subset,scene-0103_002,tx,0.02,tx_2cm,1,Pedestrian,19.46,mid,11,100.0,0.5571
nuscenes_mini_subset,scene-0103_002,tx,0.05,tx_5cm,1,Pedestrian,19.46,mid,11,100.0,1.3905
nuscenes_mini_subset,scene-0103_002,tx,0.1,tx_10cm,1,Pedestrian,19.46,mid,11,100.0,2.7739
nuscenes_mini_subset,scene-0103_002,ty,0.02,ty_2cm,1,Pedestrian,19.46,mid,11,100.0,1.2984
nuscenes_mini_subset,scene-0103_002,ty,0.05,ty_5cm,1,Pedestrian,19.46,mid,11,100.0,3.2458
nuscenes_mini_subset,scene-0103_002,ty,0.1,ty_10cm,1,Pedestrian,19.46,mid,11,100.0,6.4914
nuscenes_mini_subset,scene-0103_002,tz,0.02,tz_2cm,1,Pedestrian,19.46,mid,11,100.0,1.2938
nuscenes_mini_subset,scene-0103_002,tz,0.05,tz_5cm,1,Pedestrian,19.46,mid,11,100.0,3.2342
nuscenes_mini_subset,scene-0103_002,tz,0.1,tz_10cm,1,Pedestrian,19.46,mid,11,100.0,6.4674
nuscenes_mini_subset,scene-0103_002,time,35.5,no_ego_motion,1,Pedestrian,19.46,mid,11,100.0,5.8509
nuscenes_mini_subset,scene-0103_003,baseline,0.0,baseline,1,Pedestrian,14.68,near,13,100.0,0.0
nuscenes_mini_subset,scene-0103_003,baseline,0.0,baseline,14,Car,22.72,mid,12,100.0,0.0
nuscenes_mini_subset,scene-0103_003,yaw,0.5,yaw_0.5deg,1,Pedestrian,14.68,near,13,100.0,14.4252
nuscenes_mini_subset,scene-0103_003,yaw,0.5,yaw_0.5deg,14,Car,22.72,mid,12,100.0,11.4037
nuscenes_mini_subset,scene-0103_003,yaw,1.0,yaw_1deg,1,Pedestrian,14.68,near,13,76.9231,28.7162
nuscenes_mini_subset,scene-0103_003,yaw,1.0,yaw_1deg,14,Car,22.72,mid,12,100.0,22.8367
nuscenes_mini_subset,scene-0103_003,yaw,2.0,yaw_2deg,1,Pedestrian,14.68,near,13,23.0769,56.9118
nuscenes_mini_subset,scene-0103_003,yaw,2.0,yaw_2deg,14,Car,22.72,mid,12,91.6667,45.798
nuscenes_mini_subset,scene-0103_003,yaw,3.0,yaw_3deg,1,Pedestrian,14.68,near,13,0.0,84.6183
nuscenes_mini_subset,scene-0103_003,yaw,3.0,yaw_3deg,14,Car,22.72,mid,12,50.0,68.8997
nuscenes_mini_subset,scene-0103_003,pitch,0.5,pitch_0.5deg,1,Pedestrian,14.68,near,13,100.0,11.4106
nuscenes_mini_subset,scene-0103_003,pitch,0.5,pitch_0.5deg,14,Car,22.72,mid,12,100.0,11.2081
nuscenes_mini_subset,scene-0103_003,pitch,1.0,pitch_1deg,1,Pedestrian,14.68,near,13,100.0,22.8404
nuscenes_mini_subset,scene-0103_003,pitch,1.0,pitch_1deg,14,Car,22.72,mid,12,100.0,22.4326
nuscenes_mini_subset,scene-0103_003,pitch,2.0,pitch_2deg,1,Pedestrian,14.68,near,13,84.6154,45.7656
nuscenes_mini_subset,scene-0103_003,pitch,2.0,pitch_2deg,14,Car,22.72,mid,12,33.3333,44.9379
nuscenes_mini_subset,scene-0103_003,pitch,3.0,pitch_3deg,1,Pedestrian,14.68,near,13,84.6154,68.7922
nuscenes_mini_subset,scene-0103_003,pitch,3.0,pitch_3deg,14,Car,22.72,mid,12,16.6667,67.5307
nuscenes_mini_subset,scene-0103_003,roll,0.5,roll_0.5deg,1,Pedestrian,14.68,near,13,100.0,5.7819
nuscenes_mini_subset,scene-0103_003,roll,0.5,roll_0.5deg,14,Car,22.72,mid,12,100.0,1.6534
nuscenes_mini_subset,scene-0103_003,roll,1.0,roll_1deg,1,Pedestrian,14.68,near,13,100.0,11.5652
nuscenes_mini_subset,scene-0103_003,roll,1.0,roll_1deg,14,Car,22.72,mid,12,100.0,3.3067
nuscenes_mini_subset,scene-0103_003,roll,2.0,roll_2deg,1,Pedestrian,14.68,near,13,100.0,23.135
nuscenes_mini_subset,scene-0103_003,roll,2.0,roll_2deg,14,Car,22.72,mid,12,100.0,6.6126
nuscenes_mini_subset,scene-0103_003,roll,3.0,roll_3deg,1,Pedestrian,14.68,near,13,100.0,34.7087
nuscenes_mini_subset,scene-0103_003,roll,3.0,roll_3deg,14,Car,22.72,mid,12,100.0,9.9175
nuscenes_mini_subset,scene-0103_003,tx,0.02,tx_2cm,1,Pedestrian,14.68,near,13,100.0,0.9009
nuscenes_mini_subset,scene-0103_003,tx,0.02,tx_2cm,14,Car,22.72,mid,12,100.0,0.1802
nuscenes_mini_subset,scene-0103_003,tx,0.05,tx_5cm,1,Pedestrian,14.68,near,13,100.0,2.2478
nuscenes_mini_subset,scene-0103_003,tx,0.05,tx_5cm,14,Car,22.72,mid,12,100.0,0.45
nuscenes_mini_subset,scene-0103_003,tx,0.1,tx_10cm,1,Pedestrian,14.68,near,13,100.0,4.4803
nuscenes_mini_subset,scene-0103_003,tx,0.1,tx_10cm,14,Car,22.72,mid,12,100.0,0.8978
nuscenes_mini_subset,scene-0103_003,ty,0.02,ty_2cm,1,Pedestrian,14.68,near,13,100.0,1.7225
nuscenes_mini_subset,scene-0103_003,ty,0.02,ty_2cm,14,Car,22.72,mid,12,100.0,1.2124
nuscenes_mini_subset,scene-0103_003,ty,0.05,ty_5cm,1,Pedestrian,14.68,near,13,100.0,4.3061
nuscenes_mini_subset,scene-0103_003,ty,0.05,ty_5cm,14,Car,22.72,mid,12,100.0,3.031
nuscenes_mini_subset,scene-0103_003,ty,0.1,ty_10cm,1,Pedestrian,14.68,near,13,100.0,8.6119
nuscenes_mini_subset,scene-0103_003,ty,0.1,ty_10cm,14,Car,22.72,mid,12,100.0,6.0619
nuscenes_mini_subset,scene-0103_003,tz,0.02,tz_2cm,1,Pedestrian,14.68,near,13,100.0,1.7137
nuscenes_mini_subset,scene-0103_003,tz,0.02,tz_2cm,14,Car,22.72,mid,12,100.0,1.2169
nuscenes_mini_subset,scene-0103_003,tz,0.05,tz_5cm,1,Pedestrian,14.68,near,13,100.0,4.2838
nuscenes_mini_subset,scene-0103_003,tz,0.05,tz_5cm,14,Car,22.72,mid,12,100.0,3.0421
nuscenes_mini_subset,scene-0103_003,tz,0.1,tz_10cm,1,Pedestrian,14.68,near,13,100.0,8.566
nuscenes_mini_subset,scene-0103_003,tz,0.1,tz_10cm,14,Car,22.72,mid,12,100.0,6.0833
nuscenes_mini_subset,scene-0103_003,time,35.4,no_ego_motion,1,Pedestrian,14.68,near,13,100.0,9.2761
nuscenes_mini_subset,scene-0103_003,time,35.4,no_ego_motion,14,Car,22.72,mid,12,100.0,6.4368
nuscenes_mini_subset,scene-0103_004,baseline,0.0,baseline,8,Pedestrian,13.49,near,16,100.0,0.0
nuscenes_mini_subset,scene-0103_004,baseline,0.0,baseline,16,Car,13.89,near,53,100.0,0.0
nuscenes_mini_subset,scene-0103_004,yaw,0.5,yaw_0.5deg,8,Pedestrian,13.49,near,16,100.0,15.0591
nuscenes_mini_subset,scene-0103_004,yaw,0.5,yaw_0.5deg,16,Car,13.89,near,53,100.0,12.2579
nuscenes_mini_subset,scene-0103_004,yaw,1.0,yaw_1deg,8,Pedestrian,13.49,near,16,93.75,30.2765
nuscenes_mini_subset,scene-0103_004,yaw,1.0,yaw_1deg,16,Car,13.89,near,53,100.0,24.5785
nuscenes_mini_subset,scene-0103_004,yaw,2.0,yaw_2deg,8,Pedestrian,13.49,near,16,43.75,61.2063
nuscenes_mini_subset,scene-0103_004,yaw,2.0,yaw_2deg,16,Car,13.89,near,53,96.2264,49.4176
nuscenes_mini_subset,scene-0103_004,yaw,3.0,yaw_3deg,8,Pedestrian,13.49,near,16,0.0,92.454
nuscenes_mini_subset,scene-0103_004,yaw,3.0,yaw_3deg,16,Car,13.89,near,53,88.6792,74.5395
nuscenes_mini_subset,scene-0103_004,pitch,0.5,pitch_0.5deg,8,Pedestrian,13.49,near,16,100.0,11.2526
nuscenes_mini_subset,scene-0103_004,pitch,0.5,pitch_0.5deg,16,Car,13.89,near,53,100.0,11.3962
nuscenes_mini_subset,scene-0103_004,pitch,1.0,pitch_1deg,8,Pedestrian,13.49,near,16,100.0,22.5214
nuscenes_mini_subset,scene-0103_004,pitch,1.0,pitch_1deg,16,Car,13.89,near,53,100.0,22.8153
nuscenes_mini_subset,scene-0103_004,pitch,2.0,pitch_2deg,8,Pedestrian,13.49,near,16,81.25,45.116
nuscenes_mini_subset,scene-0103_004,pitch,2.0,pitch_2deg,16,Car,13.89,near,53,71.6981,45.7298
nuscenes_mini_subset,scene-0103_004,pitch,3.0,pitch_3deg,8,Pedestrian,13.49,near,16,81.25,67.8003
nuscenes_mini_subset,scene-0103_004,pitch,3.0,pitch_3deg,16,Car,13.89,near,53,60.3774,68.7595
nuscenes_mini_subset,scene-0103_004,roll,0.5,roll_0.5deg,8,Pedestrian,13.49,near,16,100.0,6.5101
nuscenes_mini_subset,scene-0103_004,roll,0.5,roll_0.5deg,16,Car,13.89,near,53,100.0,3.3102
nuscenes_mini_subset,scene-0103_004,roll,1.0,roll_1deg,8,Pedestrian,13.49,near,16,100.0,13.0182
nuscenes_mini_subset,scene-0103_004,roll,1.0,roll_1deg,16,Car,13.89,near,53,100.0,6.6198
nuscenes_mini_subset,scene-0103_004,roll,2.0,roll_2deg,8,Pedestrian,13.49,near,16,100.0,26.0276
nuscenes_mini_subset,scene-0103_004,roll,2.0,roll_2deg,16,Car,13.89,near,53,100.0,13.2369
nuscenes_mini_subset,scene-0103_004,roll,3.0,roll_3deg,8,Pedestrian,13.49,near,16,87.5,39.0274
nuscenes_mini_subset,scene-0103_004,roll,3.0,roll_3deg,16,Car,13.89,near,53,100.0,19.851
nuscenes_mini_subset,scene-0103_004,tx,0.02,tx_2cm,8,Pedestrian,13.49,near,16,100.0,1.1097
nuscenes_mini_subset,scene-0103_004,tx,0.02,tx_2cm,16,Car,13.89,near,53,100.0,0.5859
nuscenes_mini_subset,scene-0103_004,tx,0.05,tx_5cm,8,Pedestrian,13.49,near,16,100.0,2.7682
nuscenes_mini_subset,scene-0103_004,tx,0.05,tx_5cm,16,Car,13.89,near,53,100.0,1.4614
nuscenes_mini_subset,scene-0103_004,tx,0.1,tx_10cm,8,Pedestrian,13.49,near,16,100.0,5.5159
nuscenes_mini_subset,scene-0103_004,tx,0.1,tx_10cm,16,Car,13.89,near,53,100.0,2.9123
nuscenes_mini_subset,scene-0103_004,ty,0.02,ty_2cm,8,Pedestrian,13.49,near,16,100.0,1.8546
nuscenes_mini_subset,scene-0103_004,ty,0.02,ty_2cm,16,Car,13.89,near,53,100.0,2.052
nuscenes_mini_subset,scene-0103_004,ty,0.05,ty_5cm,8,Pedestrian,13.49,near,16,100.0,4.6364
nuscenes_mini_subset,scene-0103_004,ty,0.05,ty_5cm,16,Car,13.89,near,53,100.0,5.1299
nuscenes_mini_subset,scene-0103_004,ty,0.1,ty_10cm,8,Pedestrian,13.49,near,16,100.0,9.2724
nuscenes_mini_subset,scene-0103_004,ty,0.1,ty_10cm,16,Car,13.89,near,53,100.0,10.2593
nuscenes_mini_subset,scene-0103_004,tz,0.02,tz_2cm,8,Pedestrian,13.49,near,16,100.0,1.8689
nuscenes_mini_subset,scene-0103_004,tz,0.02,tz_2cm,16,Car,13.89,near,53,100.0,2.0662
nuscenes_mini_subset,scene-0103_004,tz,0.05,tz_5cm,8,Pedestrian,13.49,near,16,100.0,4.6716
nuscenes_mini_subset,scene-0103_004,tz,0.05,tz_5cm,16,Car,13.89,near,53,100.0,5.1649
nuscenes_mini_subset,scene-0103_004,tz,0.1,tz_10cm,8,Pedestrian,13.49,near,16,100.0,9.3412
nuscenes_mini_subset,scene-0103_004,tz,0.1,tz_10cm,16,Car,13.89,near,53,100.0,10.3274
nuscenes_mini_subset,scene-0103_004,time,35.8,no_ego_motion,8,Pedestrian,13.49,near,16,100.0,21.6628
nuscenes_mini_subset,scene-0103_004,time,35.8,no_ego_motion,16,Car,13.89,near,53,100.0,12.7712
nuscenes_mini_subset,scene-0103_005,baseline,0.0,baseline,0,Pedestrian,14.21,near,13,100.0,0.0
nuscenes_mini_subset,scene-0103_005,yaw,0.5,yaw_0.5deg,0,Pedestrian,14.21,near,13,100.0,14.533
nuscenes_mini_subset,scene-0103_005,yaw,1.0,yaw_1deg,0,Pedestrian,14.21,near,13,92.3077,28.9283
nuscenes_mini_subset,scene-0103_005,yaw,2.0,yaw_2deg,0,Pedestrian,14.21,near,13,15.3846,57.3224
nuscenes_mini_subset,scene-0103_005,yaw,3.0,yaw_3deg,0,Pedestrian,14.21,near,13,0.0,85.2144
nuscenes_mini_subset,scene-0103_005,pitch,0.5,pitch_0.5deg,0,Pedestrian,14.21,near,13,100.0,11.3493
nuscenes_mini_subset,scene-0103_005,pitch,1.0,pitch_1deg,0,Pedestrian,14.21,near,13,100.0,22.7054
nuscenes_mini_subset,scene-0103_005,pitch,2.0,pitch_2deg,0,Pedestrian,14.21,near,13,84.6154,45.4461
nuscenes_mini_subset,scene-0103_005,pitch,3.0,pitch_3deg,0,Pedestrian,14.21,near,13,53.8462,68.2383
nuscenes_mini_subset,scene-0103_005,roll,0.5,roll_0.5deg,0,Pedestrian,14.21,near,13,100.0,5.9051
nuscenes_mini_subset,scene-0103_005,roll,1.0,roll_1deg,0,Pedestrian,14.21,near,13,100.0,11.8117
nuscenes_mini_subset,scene-0103_005,roll,2.0,roll_2deg,0,Pedestrian,14.21,near,13,100.0,23.6284
nuscenes_mini_subset,scene-0103_005,roll,3.0,roll_3deg,0,Pedestrian,14.21,near,13,84.6154,35.4493
nuscenes_mini_subset,scene-0103_005,tx,0.02,tx_2cm,0,Pedestrian,14.21,near,13,100.0,0.9654
nuscenes_mini_subset,scene-0103_005,tx,0.05,tx_5cm,0,Pedestrian,14.21,near,13,100.0,2.4083
nuscenes_mini_subset,scene-0103_005,tx,0.1,tx_10cm,0,Pedestrian,14.21,near,13,100.0,4.7997
nuscenes_mini_subset,scene-0103_005,ty,0.02,ty_2cm,0,Pedestrian,14.21,near,13,100.0,1.7951
nuscenes_mini_subset,scene-0103_005,ty,0.05,ty_5cm,0,Pedestrian,14.21,near,13,100.0,4.4877
nuscenes_mini_subset,scene-0103_005,ty,0.1,ty_10cm,0,Pedestrian,14.21,near,13,100.0,8.9749
nuscenes_mini_subset,scene-0103_005,tz,0.02,tz_2cm,0,Pedestrian,14.21,near,13,100.0,1.7803
nuscenes_mini_subset,scene-0103_005,tz,0.05,tz_5cm,0,Pedestrian,14.21,near,13,100.0,4.4501
nuscenes_mini_subset,scene-0103_005,tz,0.1,tz_10cm,0,Pedestrian,14.21,near,13,100.0,8.8985
nuscenes_mini_subset,scene-0103_005,time,36.2,no_ego_motion,0,Pedestrian,14.21,near,13,100.0,11.6807
nuscenes_mini_subset,scene-0103_006,baseline,0.0,baseline,4,Car,22.25,mid,19,100.0,0.0
nuscenes_mini_subset,scene-0103_006,baseline,0.0,baseline,5,Car,25.35,mid,13,100.0,0.0
nuscenes_mini_subset,scene-0103_006,yaw,0.5,yaw_0.5deg,4,Car,22.25,mid,19,94.7368,11.3135
nuscenes_mini_subset,scene-0103_006,yaw,0.5,yaw_0.5deg,5,Car,25.35,mid,13,100.0,11.8944
nuscenes_mini_subset,scene-0103_006,yaw,1.0,yaw_1deg,4,Car,22.25,mid,19,89.4737,22.6507
nuscenes_mini_subset,scene-0103_006,yaw,1.0,yaw_1deg,5,Car,25.35,mid,13,100.0,23.8448
nuscenes_mini_subset,scene-0103_006,yaw,2.0,yaw_2deg,4,Car,22.25,mid,19,73.6842,45.4033
nuscenes_mini_subset,scene-0103_006,yaw,2.0,yaw_2deg,5,Car,25.35,mid,13,76.9231,47.9227
nuscenes_mini_subset,scene-0103_006,yaw,3.0,yaw_3deg,4,Car,22.25,mid,19,57.8947,68.273
nuscenes_mini_subset,scene-0103_006,yaw,3.0,yaw_3deg,5,Car,25.35,mid,13,53.8462,72.2523
nuscenes_mini_subset,scene-0103_006,pitch,0.5,pitch_0.5deg,4,Car,22.25,mid,19,100.0,11.1624
nuscenes_mini_subset,scene-0103_006,pitch,0.5,pitch_0.5deg,5,Car,25.35,mid,13,100.0,11.1184
nuscenes_mini_subset,scene-0103_006,pitch,1.0,pitch_1deg,4,Car,22.25,mid,19,100.0,22.3363
nuscenes_mini_subset,scene-0103_006,pitch,1.0,pitch_1deg,5,Car,25.35,mid,13,7.6923,22.2485
nuscenes_mini_subset,scene-0103_006,pitch,2.0,pitch_2deg,4,Car,22.25,mid,19,10.5263,44.7254
nuscenes_mini_subset,scene-0103_006,pitch,2.0,pitch_2deg,5,Car,25.35,mid,13,0.0,44.5513
nuscenes_mini_subset,scene-0103_006,pitch,3.0,pitch_3deg,4,Car,22.25,mid,19,0.0,67.1816
nuscenes_mini_subset,scene-0103_006,pitch,3.0,pitch_3deg,5,Car,25.35,mid,13,0.0,66.9227
nuscenes_mini_subset,scene-0103_006,roll,0.5,roll_0.5deg,4,Car,22.25,mid,19,100.0,1.3408
nuscenes_mini_subset,scene-0103_006,roll,0.5,roll_0.5deg,5,Car,25.35,mid,13,100.0,2.9623
nuscenes_mini_subset,scene-0103_006,roll,1.0,roll_1deg,4,Car,22.25,mid,19,100.0,2.6815
nuscenes_mini_subset,scene-0103_006,roll,1.0,roll_1deg,5,Car,25.35,mid,13,100.0,5.9242
nuscenes_mini_subset,scene-0103_006,roll,2.0,roll_2deg,4,Car,22.25,mid,19,100.0,5.3625
nuscenes_mini_subset,scene-0103_006,roll,2.0,roll_2deg,5,Car,25.35,mid,13,100.0,11.8464
nuscenes_mini_subset,scene-0103_006,roll,3.0,roll_3deg,4,Car,22.25,mid,19,100.0,8.0427
nuscenes_mini_subset,scene-0103_006,roll,3.0,roll_3deg,5,Car,25.35,mid,13,100.0,17.766
nuscenes_mini_subset,scene-0103_006,tx,0.02,tx_2cm,4,Car,22.25,mid,19,100.0,0.1539
nuscenes_mini_subset,scene-0103_006,tx,0.02,tx_2cm,5,Car,25.35,mid,13,100.0,0.2926
nuscenes_mini_subset,scene-0103_006,tx,0.05,tx_5cm,4,Car,22.25,mid,19,100.0,0.3841
nuscenes_mini_subset,scene-0103_006,tx,0.05,tx_5cm,5,Car,25.35,mid,13,100.0,0.7306
nuscenes_mini_subset,scene-0103_006,tx,0.1,tx_10cm,4,Car,22.25,mid,19,100.0,0.7663
nuscenes_mini_subset,scene-0103_006,tx,0.1,tx_10cm,5,Car,25.35,mid,13,100.0,1.458
nuscenes_mini_subset,scene-0103_006,ty,0.02,ty_2cm,4,Car,22.25,mid,19,100.0,1.2376
nuscenes_mini_subset,scene-0103_006,ty,0.02,ty_2cm,5,Car,25.35,mid,13,100.0,1.0768
nuscenes_mini_subset,scene-0103_006,ty,0.05,ty_5cm,4,Car,22.25,mid,19,100.0,3.0941
nuscenes_mini_subset,scene-0103_006,ty,0.05,ty_5cm,5,Car,25.35,mid,13,100.0,2.692
nuscenes_mini_subset,scene-0103_006,ty,0.1,ty_10cm,4,Car,22.25,mid,19,100.0,6.1879
nuscenes_mini_subset,scene-0103_006,ty,0.1,ty_10cm,5,Car,25.35,mid,13,100.0,5.3838
nuscenes_mini_subset,scene-0103_006,tz,0.02,tz_2cm,4,Car,22.25,mid,19,100.0,1.2407
nuscenes_mini_subset,scene-0103_006,tz,0.02,tz_2cm,5,Car,25.35,mid,13,100.0,1.0812
nuscenes_mini_subset,scene-0103_006,tz,0.05,tz_5cm,4,Car,22.25,mid,19,100.0,3.1015
nuscenes_mini_subset,scene-0103_006,tz,0.05,tz_5cm,5,Car,25.35,mid,13,100.0,2.7028
nuscenes_mini_subset,scene-0103_006,tz,0.1,tz_10cm,4,Car,22.25,mid,19,100.0,6.2022
nuscenes_mini_subset,scene-0103_006,tz,0.1,tz_10cm,5,Car,25.35,mid,13,100.0,5.405
nuscenes_mini_subset,scene-0103_006,time,36.7,no_ego_motion,4,Car,22.25,mid,19,100.0,5.2559
nuscenes_mini_subset,scene-0103_006,time,36.7,no_ego_motion,5,Car,25.35,mid,13,100.0,7.622
nuscenes_mini_subset,scene-0103_007,baseline,0.0,baseline,4,Car,12.69,near,90,100.0,0.0
nuscenes_mini_subset,scene-0103_007,baseline,0.0,baseline,5,Car,20.76,mid,11,100.0,0.0
nuscenes_mini_subset,scene-0103_007,yaw,0.5,yaw_0.5deg,4,Car,12.69,near,90,100.0,12.1609
nuscenes_mini_subset,scene-0103_007,yaw,0.5,yaw_0.5deg,5,Car,20.76,mid,11,100.0,12.4783
nuscenes_mini_subset,scene-0103_007,yaw,1.0,yaw_1deg,4,Car,12.69,near,90,98.8889,24.3807
nuscenes_mini_subset,scene-0103_007,yaw,1.0,yaw_1deg,5,Car,20.76,mid,11,90.9091,25.0344
nuscenes_mini_subset,scene-0103_007,yaw,2.0,yaw_2deg,4,Car,12.69,near,90,94.4444,49.0064
nuscenes_mini_subset,scene-0103_007,yaw,2.0,yaw_2deg,5,Car,20.76,mid,11,72.7273,50.391
nuscenes_mini_subset,scene-0103_007,yaw,3.0,yaw_3deg,4,Car,12.69,near,90,88.8889,73.8968
nuscenes_mini_subset,scene-0103_007,yaw,3.0,yaw_3deg,5,Car,20.76,mid,11,72.7273,76.0922
nuscenes_mini_subset,scene-0103_007,pitch,0.5,pitch_0.5deg,4,Car,12.69,near,90,100.0,11.3814
nuscenes_mini_subset,scene-0103_007,pitch,0.5,pitch_0.5deg,5,Car,20.76,mid,11,100.0,11.113
nuscenes_mini_subset,scene-0103_007,pitch,1.0,pitch_1deg,4,Car,12.69,near,90,100.0,22.7844
nuscenes_mini_subset,scene-0103_007,pitch,1.0,pitch_1deg,5,Car,20.76,mid,11,54.5455,22.2327
nuscenes_mini_subset,scene-0103_007,pitch,2.0,pitch_2deg,4,Car,12.69,near,90,100.0,45.6624
nuscenes_mini_subset,scene-0103_007,pitch,2.0,pitch_2deg,5,Car,20.76,mid,11,54.5455,44.4992
nuscenes_mini_subset,scene-0103_007,pitch,3.0,pitch_3deg,4,Car,12.69,near,90,73.3333,68.6496
nuscenes_mini_subset,scene-0103_007,pitch,3.0,pitch_3deg,5,Car,20.76,mid,11,54.5455,66.8141
nuscenes_mini_subset,scene-0103_007,roll,0.5,roll_0.5deg,4,Car,12.69,near,90,100.0,3.0809
nuscenes_mini_subset,scene-0103_007,roll,0.5,roll_0.5deg,5,Car,20.76,mid,11,100.0,3.9057
nuscenes_mini_subset,scene-0103_007,roll,1.0,roll_1deg,4,Car,12.69,near,90,100.0,6.1612
nuscenes_mini_subset,scene-0103_007,roll,1.0,roll_1deg,5,Car,20.76,mid,11,100.0,7.8106
nuscenes_mini_subset,scene-0103_007,roll,2.0,roll_2deg,4,Car,12.69,near,90,100.0,12.3203
nuscenes_mini_subset,scene-0103_007,roll,2.0,roll_2deg,5,Car,20.76,mid,11,100.0,15.618
nuscenes_mini_subset,scene-0103_007,roll,3.0,roll_3deg,4,Car,12.69,near,90,95.5556,18.4767
nuscenes_mini_subset,scene-0103_007,roll,3.0,roll_3deg,5,Car,20.76,mid,11,45.4545,23.4216
nuscenes_mini_subset,scene-0103_007,tx,0.02,tx_2cm,4,Car,12.69,near,90,100.0,0.626
nuscenes_mini_subset,scene-0103_007,tx,0.02,tx_2cm,5,Car,20.76,mid,11,100.0,0.4348
nuscenes_mini_subset,scene-0103_007,tx,0.05,tx_5cm,4,Car,12.69,near,90,100.0,1.5607
nuscenes_mini_subset,scene-0103_007,tx,0.05,tx_5cm,5,Car,20.76,mid,11,100.0,1.0854
nuscenes_mini_subset,scene-0103_007,tx,0.1,tx_10cm,4,Car,12.69,near,90,100.0,3.1073
nuscenes_mini_subset,scene-0103_007,tx,0.1,tx_10cm,5,Car,20.76,mid,11,100.0,2.1655
nuscenes_mini_subset,scene-0103_007,ty,0.02,ty_2cm,4,Car,12.69,near,90,100.0,2.2213
nuscenes_mini_subset,scene-0103_007,ty,0.02,ty_2cm,5,Car,20.76,mid,11,100.0,1.2155
nuscenes_mini_subset,scene-0103_007,ty,0.05,ty_5cm,4,Car,12.69,near,90,100.0,5.5532
nuscenes_mini_subset,scene-0103_007,ty,0.05,ty_5cm,5,Car,20.76,mid,11,100.0,3.0387
nuscenes_mini_subset,scene-0103_007,ty,0.1,ty_10cm,4,Car,12.69,near,90,100.0,11.1057
nuscenes_mini_subset,scene-0103_007,ty,0.1,ty_10cm,5,Car,20.76,mid,11,100.0,6.0772
nuscenes_mini_subset,scene-0103_007,tz,0.02,tz_2cm,4,Car,12.69,near,90,100.0,2.2323
nuscenes_mini_subset,scene-0103_007,tz,0.02,tz_2cm,5,Car,20.76,mid,11,100.0,1.2198
nuscenes_mini_subset,scene-0103_007,tz,0.05,tz_5cm,4,Car,12.69,near,90,100.0,5.58
nuscenes_mini_subset,scene-0103_007,tz,0.05,tz_5cm,5,Car,20.76,mid,11,100.0,3.0494
nuscenes_mini_subset,scene-0103_007,tz,0.1,tz_10cm,4,Car,12.69,near,90,100.0,11.1573
nuscenes_mini_subset,scene-0103_007,tz,0.1,tz_10cm,5,Car,20.76,mid,11,100.0,6.098
nuscenes_mini_subset,scene-0103_007,time,36.5,no_ego_motion,4,Car,12.69,near,90,100.0,14.581
nuscenes_mini_subset,scene-0103_007,time,36.5,no_ego_motion,5,Car,20.76,mid,11,100.0,10.0206
nuscenes_mini_subset,scene-0103_008,baseline,0.0,baseline,5,Car,16.2,mid,48,100.0,0.0
nuscenes_mini_subset,scene-0103_008,yaw,0.5,yaw_0.5deg,5,Car,16.2,mid,48,100.0,13.8608
nuscenes_mini_subset,scene-0103_008,yaw,1.0,yaw_1deg,5,Car,16.2,mid,48,100.0,27.8422
nuscenes_mini_subset,scene-0103_008,yaw,2.0,yaw_2deg,5,Car,16.2,mid,48,89.5833,56.1821
nuscenes_mini_subset,scene-0103_008,yaw,3.0,yaw_3deg,5,Car,16.2,mid,48,79.1667,85.0516
nuscenes_mini_subset,scene-0103_008,pitch,0.5,pitch_0.5deg,5,Car,16.2,mid,48,100.0,11.3223
nuscenes_mini_subset,scene-0103_008,pitch,1.0,pitch_1deg,5,Car,16.2,mid,48,79.1667,22.67
nuscenes_mini_subset,scene-0103_008,pitch,2.0,pitch_2deg,5,Car,16.2,mid,48,64.5833,45.447
nuscenes_mini_subset,scene-0103_008,pitch,3.0,pitch_3deg,5,Car,16.2,mid,48,20.8333,68.3464
nuscenes_mini_subset,scene-0103_008,roll,0.5,roll_0.5deg,5,Car,16.2,mid,48,100.0,5.4161
nuscenes_mini_subset,scene-0103_008,roll,1.0,roll_1deg,5,Car,16.2,mid,48,100.0,10.8308
nuscenes_mini_subset,scene-0103_008,roll,2.0,roll_2deg,5,Car,16.2,mid,48,100.0,21.6557
nuscenes_mini_subset,scene-0103_008,roll,3.0,roll_3deg,5,Car,16.2,mid,48,100.0,32.4738
nuscenes_mini_subset,scene-0103_008,tx,0.02,tx_2cm,5,Car,16.2,mid,48,100.0,0.8505
nuscenes_mini_subset,scene-0103_008,tx,0.05,tx_5cm,5,Car,16.2,mid,48,100.0,2.1217
nuscenes_mini_subset,scene-0103_008,tx,0.1,tx_10cm,5,Car,16.2,mid,48,100.0,4.2286
nuscenes_mini_subset,scene-0103_008,ty,0.02,ty_2cm,5,Car,16.2,mid,48,100.0,1.7425
nuscenes_mini_subset,scene-0103_008,ty,0.05,ty_5cm,5,Car,16.2,mid,48,100.0,4.356
nuscenes_mini_subset,scene-0103_008,ty,0.1,ty_10cm,5,Car,16.2,mid,48,100.0,8.7117
nuscenes_mini_subset,scene-0103_008,tz,0.02,tz_2cm,5,Car,16.2,mid,48,100.0,1.7588
nuscenes_mini_subset,scene-0103_008,tz,0.05,tz_5cm,5,Car,16.2,mid,48,100.0,4.3966
nuscenes_mini_subset,scene-0103_008,tz,0.1,tz_10cm,5,Car,16.2,mid,48,100.0,8.7916
nuscenes_mini_subset,scene-0103_008,time,36.4,no_ego_motion,5,Car,16.2,mid,48,100.0,15.7888
nuscenes_mini_subset,scene-0103_009,baseline,0.0,baseline,2,Car,28.14,mid,10,100.0,0.0
nuscenes_mini_subset,scene-0103_009,baseline,0.0,baseline,11,Car,26.99,mid,18,100.0,0.0
nuscenes_mini_subset,scene-0103_009,yaw,0.5,yaw_0.5deg,2,Car,28.14,mid,10,100.0,11.8831
nuscenes_mini_subset,scene-0103_009,yaw,0.5,yaw_0.5deg,11,Car,26.99,mid,18,100.0,11.51
nuscenes_mini_subset,scene-0103_009,yaw,1.0,yaw_1deg,2,Car,28.14,mid,10,100.0,23.8226
nuscenes_mini_subset,scene-0103_009,yaw,1.0,yaw_1deg,11,Car,26.99,mid,18,100.0,22.9837
nuscenes_mini_subset,scene-0103_009,yaw,2.0,yaw_2deg,2,Car,28.14,mid,10,90.0,47.8803
nuscenes_mini_subset,scene-0103_009,yaw,2.0,yaw_2deg,11,Car,26.99,mid,18,88.8889,45.8298
nuscenes_mini_subset,scene-0103_009,yaw,3.0,yaw_3deg,2,Car,28.14,mid,10,90.0,72.1918
nuscenes_mini_subset,scene-0103_009,yaw,3.0,yaw_3deg,11,Car,26.99,mid,18,61.1111,68.5539
nuscenes_mini_subset,scene-0103_009,pitch,0.5,pitch_0.5deg,2,Car,28.14,mid,10,100.0,11.0956
nuscenes_mini_subset,scene-0103_009,pitch,0.5,pitch_0.5deg,11,Car,26.99,mid,18,100.0,11.2006
nuscenes_mini_subset,scene-0103_009,pitch,1.0,pitch_1deg,2,Car,28.14,mid,10,100.0,22.203
nuscenes_mini_subset,scene-0103_009,pitch,1.0,pitch_1deg,11,Car,26.99,mid,18,38.8889,22.4178
nuscenes_mini_subset,scene-0103_009,pitch,2.0,pitch_2deg,2,Car,28.14,mid,10,20.0,44.4604
nuscenes_mini_subset,scene-0103_009,pitch,2.0,pitch_2deg,11,Car,26.99,mid,18,0.0,44.9092
nuscenes_mini_subset,scene-0103_009,pitch,3.0,pitch_3deg,2,Car,28.14,mid,10,0.0,66.7867
nuscenes_mini_subset,scene-0103_009,pitch,3.0,pitch_3deg,11,Car,26.99,mid,18,0.0,67.4888
nuscenes_mini_subset,scene-0103_009,roll,0.5,roll_0.5deg,2,Car,28.14,mid,10,100.0,2.9827
nuscenes_mini_subset,scene-0103_009,roll,0.5,roll_0.5deg,11,Car,26.99,mid,18,100.0,1.9484
nuscenes_mini_subset,scene-0103_009,roll,1.0,roll_1deg,2,Car,28.14,mid,10,100.0,5.9649
nuscenes_mini_subset,scene-0103_009,roll,1.0,roll_1deg,11,Car,26.99,mid,18,100.0,3.897
nuscenes_mini_subset,scene-0103_009,roll,2.0,roll_2deg,2,Car,28.14,mid,10,100.0,11.9278
nuscenes_mini_subset,scene-0103_009,roll,2.0,roll_2deg,11,Car,26.99,mid,18,100.0,7.7943
nuscenes_mini_subset,scene-0103_009,roll,3.0,roll_3deg,2,Car,28.14,mid,10,80.0,17.8882
nuscenes_mini_subset,scene-0103_009,roll,3.0,roll_3deg,11,Car,26.99,mid,18,100.0,11.6916
nuscenes_mini_subset,scene-0103_009,tx,0.02,tx_2cm,2,Car,28.14,mid,10,100.0,0.2458
nuscenes_mini_subset,scene-0103_009,tx,0.02,tx_2cm,11,Car,26.99,mid,18,100.0,0.1797
nuscenes_mini_subset,scene-0103_009,tx,0.05,tx_5cm,2,Car,28.14,mid,10,100.0,0.6138
nuscenes_mini_subset,scene-0103_009,tx,0.05,tx_5cm,11,Car,26.99,mid,18,100.0,0.4486
nuscenes_mini_subset,scene-0103_009,tx,0.1,tx_10cm,2,Car,28.14,mid,10,100.0,1.2255
nuscenes_mini_subset,scene-0103_009,tx,0.1,tx_10cm,11,Car,26.99,mid,18,100.0,0.8954
nuscenes_mini_subset,scene-0103_009,ty,0.02,ty_2cm,2,Car,28.14,mid,10,100.0,0.9071
nuscenes_mini_subset,scene-0103_009,ty,0.02,ty_2cm,11,Car,26.99,mid,18,100.0,1.0115
nuscenes_mini_subset,scene-0103_009,ty,0.05,ty_5cm,2,Car,28.14,mid,10,100.0,2.2676
nuscenes_mini_subset,scene-0103_009,ty,0.05,ty_5cm,11,Car,26.99,mid,18,100.0,2.5287
nuscenes_mini_subset,scene-0103_009,ty,0.1,ty_10cm,2,Car,28.14,mid,10,100.0,4.5351
nuscenes_mini_subset,scene-0103_009,ty,0.1,ty_10cm,11,Car,26.99,mid,18,100.0,5.0573
nuscenes_mini_subset,scene-0103_009,tz,0.02,tz_2cm,2,Car,28.14,mid,10,100.0,0.9105
nuscenes_mini_subset,scene-0103_009,tz,0.02,tz_2cm,11,Car,26.99,mid,18,100.0,1.011
nuscenes_mini_subset,scene-0103_009,tz,0.05,tz_5cm,2,Car,28.14,mid,10,100.0,2.2761
nuscenes_mini_subset,scene-0103_009,tz,0.05,tz_5cm,11,Car,26.99,mid,18,100.0,2.5273
nuscenes_mini_subset,scene-0103_009,tz,0.1,tz_10cm,2,Car,28.14,mid,10,100.0,4.5517
nuscenes_mini_subset,scene-0103_009,tz,0.1,tz_10cm,11,Car,26.99,mid,18,100.0,5.0541
nuscenes_mini_subset,scene-0103_009,time,35.7,no_ego_motion,2,Car,28.14,mid,10,100.0,5.4805
nuscenes_mini_subset,scene-0103_009,time,35.7,no_ego_motion,11,Car,26.99,mid,18,100.0,1.9412
nuscenes_mini_subset,scene-0103_010,baseline,0.0,baseline,1,Car,23.89,mid,16,100.0,0.0
nuscenes_mini_subset,scene-0103_010,baseline,0.0,baseline,9,Car,22.56,mid,24,100.0,0.0
nuscenes_mini_subset,scene-0103_010,yaw,0.5,yaw_0.5deg,1,Car,23.89,mid,16,100.0,12.1428
nuscenes_mini_subset,scene-0103_010,yaw,0.5,yaw_0.5deg,9,Car,22.56,mid,24,100.0,11.7568
nuscenes_mini_subset,scene-0103_010,yaw,1.0,yaw_1deg,1,Car,23.89,mid,16,100.0,24.3513
nuscenes_mini_subset,scene-0103_010,yaw,1.0,yaw_1deg,9,Car,22.56,mid,24,100.0,23.4673
nuscenes_mini_subset,scene-0103_010,yaw,2.0,yaw_2deg,1,Car,23.89,mid,16,100.0,48.9755
nuscenes_mini_subset,scene-0103_010,yaw,2.0,yaw_2deg,9,Car,22.56,mid,24,91.6667,46.7578
nuscenes_mini_subset,scene-0103_010,yaw,3.0,yaw_3deg,1,Car,23.89,mid,16,93.75,73.8928
nuscenes_mini_subset,scene-0103_010,yaw,3.0,yaw_3deg,9,Car,22.56,mid,24,79.1667,69.8882
nuscenes_mini_subset,scene-0103_010,pitch,0.5,pitch_0.5deg,1,Car,23.89,mid,16,100.0,11.1334
nuscenes_mini_subset,scene-0103_010,pitch,0.5,pitch_0.5deg,9,Car,22.56,mid,24,100.0,11.2384
nuscenes_mini_subset,scene-0103_010,pitch,1.0,pitch_1deg,1,Car,23.89,mid,16,100.0,22.279
nuscenes_mini_subset,scene-0103_010,pitch,1.0,pitch_1deg,9,Car,22.56,mid,24,45.8333,22.4933
nuscenes_mini_subset,scene-0103_010,pitch,2.0,pitch_2deg,1,Car,23.89,mid,16,43.75,44.6138
nuscenes_mini_subset,scene-0103_010,pitch,2.0,pitch_2deg,9,Car,22.56,mid,24,45.8333,45.06
nuscenes_mini_subset,scene-0103_010,pitch,3.0,pitch_3deg,1,Car,23.89,mid,16,43.75,67.0194
nuscenes_mini_subset,scene-0103_010,pitch,3.0,pitch_3deg,9,Car,22.56,mid,24,0.0,67.715
nuscenes_mini_subset,scene-0103_010,roll,0.5,roll_0.5deg,1,Car,23.89,mid,16,100.0,3.372
nuscenes_mini_subset,scene-0103_010,roll,0.5,roll_0.5deg,9,Car,22.56,mid,24,100.0,2.4486
nuscenes_mini_subset,scene-0103_010,roll,1.0,roll_1deg,1,Car,23.89,mid,16,100.0,6.7434
nuscenes_mini_subset,scene-0103_010,roll,1.0,roll_1deg,9,Car,22.56,mid,24,100.0,4.8974
nuscenes_mini_subset,scene-0103_010,roll,2.0,roll_2deg,1,Car,23.89,mid,16,100.0,13.4844
nuscenes_mini_subset,scene-0103_010,roll,2.0,roll_2deg,9,Car,22.56,mid,24,100.0,9.7953
nuscenes_mini_subset,scene-0103_010,roll,3.0,roll_3deg,1,Car,23.89,mid,16,100.0,20.2223
nuscenes_mini_subset,scene-0103_010,roll,3.0,roll_3deg,9,Car,22.56,mid,24,100.0,14.6934
nuscenes_mini_subset,scene-0103_010,tx,0.02,tx_2cm,1,Car,23.89,mid,16,100.0,0.3311
nuscenes_mini_subset,scene-0103_010,tx,0.02,tx_2cm,9,Car,22.56,mid,24,100.0,0.2742
nuscenes_mini_subset,scene-0103_010,tx,0.05,tx_5cm,1,Car,23.89,mid,16,100.0,0.8267
nuscenes_mini_subset,scene-0103_010,tx,0.05,tx_5cm,9,Car,22.56,mid,24,100.0,0.6846
nuscenes_mini_subset,scene-0103_010,tx,0.1,tx_10cm,1,Car,23.89,mid,16,100.0,1.6498
nuscenes_mini_subset,scene-0103_010,tx,0.1,tx_10cm,9,Car,22.56,mid,24,100.0,1.3659
nuscenes_mini_subset,scene-0103_010,ty,0.02,ty_2cm,1,Car,23.89,mid,16,100.0,1.0702
nuscenes_mini_subset,scene-0103_010,ty,0.02,ty_2cm,9,Car,22.56,mid,24,100.0,1.2276
nuscenes_mini_subset,scene-0103_010,ty,0.05,ty_5cm,1,Car,23.89,mid,16,100.0,2.6754
nuscenes_mini_subset,scene-0103_010,ty,0.05,ty_5cm,9,Car,22.56,mid,24,100.0,3.0689
nuscenes_mini_subset,scene-0103_010,ty,0.1,ty_10cm,1,Car,23.89,mid,16,100.0,5.3508
nuscenes_mini_subset,scene-0103_010,ty,0.1,ty_10cm,9,Car,22.56,mid,24,100.0,6.1377
nuscenes_mini_subset,scene-0103_010,tz,0.02,tz_2cm,1,Car,23.89,mid,16,100.0,1.0736
nuscenes_mini_subset,scene-0103_010,tz,0.02,tz_2cm,9,Car,22.56,mid,24,100.0,1.2256
nuscenes_mini_subset,scene-0103_010,tz,0.05,tz_5cm,1,Car,23.89,mid,16,100.0,2.6839
nuscenes_mini_subset,scene-0103_010,tz,0.05,tz_5cm,9,Car,22.56,mid,24,100.0,3.0638
nuscenes_mini_subset,scene-0103_010,tz,0.1,tz_10cm,1,Car,23.89,mid,16,100.0,5.3672
nuscenes_mini_subset,scene-0103_010,tz,0.1,tz_10cm,9,Car,22.56,mid,24,100.0,6.1268
nuscenes_mini_subset,scene-0103_010,time,35.6,no_ego_motion,1,Car,23.89,mid,16,100.0,5.236
nuscenes_mini_subset,scene-0103_010,time,35.6,no_ego_motion,9,Car,22.56,mid,24,100.0,5.8732
nuscenes_mini_subset,scene-0103_011,baseline,0.0,baseline,1,Car,20.06,mid,43,100.0,0.0
nuscenes_mini_subset,scene-0103_011,baseline,0.0,baseline,8,Car,18.66,mid,33,100.0,0.0
nuscenes_mini_subset,scene-0103_011,yaw,0.5,yaw_0.5deg,1,Car,20.06,mid,43,100.0,12.4229
nuscenes_mini_subset,scene-0103_011,yaw,0.5,yaw_0.5deg,8,Car,18.66,mid,33,100.0,12.097
nuscenes_mini_subset,scene-0103_011,yaw,1.0,yaw_1deg,1,Car,20.06,mid,43,100.0,24.9196
nuscenes_mini_subset,scene-0103_011,yaw,1.0,yaw_1deg,8,Car,18.66,mid,33,100.0,24.1369
nuscenes_mini_subset,scene-0103_011,yaw,2.0,yaw_2deg,1,Car,20.06,mid,43,100.0,50.1455
nuscenes_mini_subset,scene-0103_011,yaw,2.0,yaw_2deg,8,Car,18.66,mid,33,90.9091,48.0547
nuscenes_mini_subset,scene-0103_011,yaw,3.0,yaw_3deg,1,Car,20.06,mid,43,95.3488,75.6994
nuscenes_mini_subset,scene-0103_011,yaw,3.0,yaw_3deg,8,Car,18.66,mid,33,72.7273,71.7714
nuscenes_mini_subset,scene-0103_011,pitch,0.5,pitch_0.5deg,1,Car,20.06,mid,43,100.0,11.2333
nuscenes_mini_subset,scene-0103_011,pitch,0.5,pitch_0.5deg,8,Car,18.66,mid,33,100.0,11.3165
nuscenes_mini_subset,scene-0103_011,pitch,1.0,pitch_1deg,1,Car,20.06,mid,43,44.186,22.4836
nuscenes_mini_subset,scene-0103_011,pitch,1.0,pitch_1deg,8,Car,18.66,mid,33,87.8788,22.6447
nuscenes_mini_subset,scene-0103_011,pitch,2.0,pitch_2deg,1,Car,20.06,mid,43,44.186,45.0465
nuscenes_mini_subset,scene-0103_011,pitch,2.0,pitch_2deg,8,Car,18.66,mid,33,51.5152,45.3442
nuscenes_mini_subset,scene-0103_011,pitch,3.0,pitch_3deg,1,Car,20.06,mid,43,6.9767,67.6992
nuscenes_mini_subset,scene-0103_011,pitch,3.0,pitch_3deg,8,Car,18.66,mid,33,6.0606,68.1153
nuscenes_mini_subset,scene-0103_011,roll,0.5,roll_0.5deg,1,Car,20.06,mid,43,100.0,3.6917
nuscenes_mini_subset,scene-0103_011,roll,0.5,roll_0.5deg,8,Car,18.66,mid,33,100.0,2.928
nuscenes_mini_subset,scene-0103_011,roll,1.0,roll_1deg,1,Car,20.06,mid,43,100.0,7.3827
nuscenes_mini_subset,scene-0103_011,roll,1.0,roll_1deg,8,Car,18.66,mid,33,100.0,5.8563
nuscenes_mini_subset,scene-0103_011,roll,2.0,roll_2deg,1,Car,20.06,mid,43,100.0,14.7625
nuscenes_mini_subset,scene-0103_011,roll,2.0,roll_2deg,8,Car,18.66,mid,33,100.0,11.7136
nuscenes_mini_subset,scene-0103_011,roll,3.0,roll_3deg,1,Car,20.06,mid,43,100.0,22.1387
nuscenes_mini_subset,scene-0103_011,roll,3.0,roll_3deg,8,Car,18.66,mid,33,100.0,17.5714
nuscenes_mini_subset,scene-0103_011,tx,0.02,tx_2cm,1,Car,20.06,mid,43,100.0,0.4245
nuscenes_mini_subset,scene-0103_011,tx,0.02,tx_2cm,8,Car,18.66,mid,33,100.0,0.4063
nuscenes_mini_subset,scene-0103_011,tx,0.05,tx_5cm,1,Car,20.06,mid,43,100.0,1.0597
nuscenes_mini_subset,scene-0103_011,tx,0.05,tx_5cm,8,Car,18.66,mid,33,100.0,1.0139
nuscenes_mini_subset,scene-0103_011,tx,0.1,tx_10cm,1,Car,20.06,mid,43,100.0,2.114
nuscenes_mini_subset,scene-0103_011,tx,0.1,tx_10cm,8,Car,18.66,mid,33,100.0,2.0216
nuscenes_mini_subset,scene-0103_011,ty,0.02,ty_2cm,1,Car,20.06,mid,43,100.0,1.2778
nuscenes_mini_subset,scene-0103_011,ty,0.02,ty_2cm,8,Car,18.66,mid,33,100.0,1.5182
nuscenes_mini_subset,scene-0103_011,ty,0.05,ty_5cm,1,Car,20.06,mid,43,100.0,3.1944
nuscenes_mini_subset,scene-0103_011,ty,0.05,ty_5cm,8,Car,18.66,mid,33,100.0,3.7954
nuscenes_mini_subset,scene-0103_011,ty,0.1,ty_10cm,1,Car,20.06,mid,43,100.0,6.3887
nuscenes_mini_subset,scene-0103_011,ty,0.1,ty_10cm,8,Car,18.66,mid,33,100.0,7.5906
nuscenes_mini_subset,scene-0103_011,tz,0.02,tz_2cm,1,Car,20.06,mid,43,100.0,1.2829
nuscenes_mini_subset,scene-0103_011,tz,0.02,tz_2cm,8,Car,18.66,mid,33,100.0,1.5143
nuscenes_mini_subset,scene-0103_011,tz,0.05,tz_5cm,1,Car,20.06,mid,43,100.0,3.207
nuscenes_mini_subset,scene-0103_011,tz,0.05,tz_5cm,8,Car,18.66,mid,33,100.0,3.7853
nuscenes_mini_subset,scene-0103_011,tz,0.1,tz_10cm,1,Car,20.06,mid,43,100.0,6.4131
nuscenes_mini_subset,scene-0103_011,tz,0.1,tz_10cm,8,Car,18.66,mid,33,100.0,7.5694
nuscenes_mini_subset,scene-0103_011,time,35.5,no_ego_motion,1,Car,20.06,mid,43,100.0,5.2444
nuscenes_mini_subset,scene-0103_011,time,35.5,no_ego_motion,8,Car,18.66,mid,33,100.0,5.3848
nuscenes_mini_subset,scene-0103_012,baseline,0.0,baseline,0,Car,16.9,mid,38,100.0,0.0
nuscenes_mini_subset,scene-0103_012,baseline,0.0,baseline,7,Car,15.41,mid,60,100.0,0.0
nuscenes_mini_subset,scene-0103_012,baseline,0.0,baseline,10,Car,26.79,mid,11,100.0,0.0
nuscenes_mini_subset,scene-0103_012,yaw,0.5,yaw_0.5deg,0,Car,16.9,mid,38,100.0,12.8614
nuscenes_mini_subset,scene-0103_012,yaw,0.5,yaw_0.5deg,7,Car,15.41,mid,60,100.0,12.3604
nuscenes_mini_subset,scene-0103_012,yaw,0.5,yaw_0.5deg,10,Car,26.79,mid,11,100.0,11.4071
nuscenes_mini_subset,scene-0103_012,yaw,1.0,yaw_1deg,0,Car,16.9,mid,38,100.0,25.8097
nuscenes_mini_subset,scene-0103_012,yaw,1.0,yaw_1deg,7,Car,15.41,mid,60,98.3333,24.6556
nuscenes_mini_subset,scene-0103_012,yaw,1.0,yaw_1deg,10,Car,26.79,mid,11,81.8182,22.8438
nuscenes_mini_subset,scene-0103_012,yaw,2.0,yaw_2deg,0,Car,16.9,mid,38,100.0,51.979
nuscenes_mini_subset,scene-0103_012,yaw,2.0,yaw_2deg,7,Car,15.41,mid,60,90.0,49.0603
nuscenes_mini_subset,scene-0103_012,yaw,2.0,yaw_2deg,10,Car,26.79,mid,11,72.7273,45.8138
nuscenes_mini_subset,scene-0103_012,yaw,3.0,yaw_3deg,0,Car,16.9,mid,38,97.3684,78.5326
nuscenes_mini_subset,scene-0103_012,yaw,3.0,yaw_3deg,7,Car,15.41,mid,60,80.0,73.2332
nuscenes_mini_subset,scene-0103_012,yaw,3.0,yaw_3deg,10,Car,26.79,mid,11,45.4545,68.9258
nuscenes_mini_subset,scene-0103_012,pitch,0.5,pitch_0.5deg,0,Car,16.9,mid,38,100.0,11.308
nuscenes_mini_subset,scene-0103_012,pitch,0.5,pitch_0.5deg,7,Car,15.41,mid,60,100.0,11.4688
nuscenes_mini_subset,scene-0103_012,pitch,0.5,pitch_0.5deg,10,Car,26.79,mid,11,100.0,11.181
nuscenes_mini_subset,scene-0103_012,pitch,1.0,pitch_1deg,0,Car,16.9,mid,38,100.0,22.6347
nuscenes_mini_subset,scene-0103_012,pitch,1.0,pitch_1deg,7,Car,15.41,mid,60,100.0,22.9549
nuscenes_mini_subset,scene-0103_012,pitch,1.0,pitch_1deg,10,Car,26.79,mid,11,9.0909,22.3736
nuscenes_mini_subset,scene-0103_012,pitch,2.0,pitch_2deg,0,Car,16.9,mid,38,34.2105,45.3506
nuscenes_mini_subset,scene-0103_012,pitch,2.0,pitch_2deg,7,Car,15.41,mid,60,63.3333,45.9912
nuscenes_mini_subset,scene-0103_012,pitch,2.0,pitch_2deg,10,Car,26.79,mid,11,9.0909,44.801
nuscenes_mini_subset,scene-0103_012,pitch,3.0,pitch_3deg,0,Car,16.9,mid,38,34.2105,68.1609
nuscenes_mini_subset,scene-0103_012,pitch,3.0,pitch_3deg,7,Car,15.41,mid,60,21.6667,69.1188
nuscenes_mini_subset,scene-0103_012,pitch,3.0,pitch_3deg,10,Car,26.79,mid,11,0.0,67.2965
nuscenes_mini_subset,scene-0103_012,roll,0.5,roll_0.5deg,0,Car,16.9,mid,38,100.0,4.187
nuscenes_mini_subset,scene-0103_012,roll,0.5,roll_0.5deg,7,Car,15.41,mid,60,100.0,3.2642
nuscenes_mini_subset,scene-0103_012,roll,0.5,roll_0.5deg,10,Car,26.79,mid,11,100.0,1.633
nuscenes_mini_subset,scene-0103_012,roll,1.0,roll_1deg,0,Car,16.9,mid,38,100.0,8.3732
nuscenes_mini_subset,scene-0103_012,roll,1.0,roll_1deg,7,Car,15.41,mid,60,100.0,6.5288
nuscenes_mini_subset,scene-0103_012,roll,1.0,roll_1deg,10,Car,26.79,mid,11,100.0,3.2658
nuscenes_mini_subset,scene-0103_012,roll,2.0,roll_2deg,0,Car,16.9,mid,38,100.0,16.7426
nuscenes_mini_subset,scene-0103_012,roll,2.0,roll_2deg,7,Car,15.41,mid,60,100.0,13.0588
nuscenes_mini_subset,scene-0103_012,roll,2.0,roll_2deg,10,Car,26.79,mid,11,100.0,6.5308
nuscenes_mini_subset,scene-0103_012,roll,3.0,roll_3deg,0,Car,16.9,mid,38,86.8421,25.1077
nuscenes_mini_subset,scene-0103_012,roll,3.0,roll_3deg,7,Car,15.41,mid,60,100.0,19.5897
nuscenes_mini_subset,scene-0103_012,roll,3.0,roll_3deg,10,Car,26.79,mid,11,100.0,9.7948
nuscenes_mini_subset,scene-0103_012,tx,0.02,tx_2cm,0,Car,16.9,mid,38,100.0,0.5803
nuscenes_mini_subset,scene-0103_012,tx,0.02,tx_2cm,7,Car,15.41,mid,60,100.0,0.5263
nuscenes_mini_subset,scene-0103_012,tx,0.02,tx_2cm,10,Car,26.79,mid,11,100.0,0.1516
nuscenes_mini_subset,scene-0103_012,tx,0.05,tx_5cm,0,Car,16.9,mid,38,100.0,1.4481
nuscenes_mini_subset,scene-0103_012,tx,0.05,tx_5cm,7,Car,15.41,mid,60,100.0,1.3129
nuscenes_mini_subset,scene-0103_012,tx,0.05,tx_5cm,10,Car,26.79,mid,11,100.0,0.3785
nuscenes_mini_subset,scene-0103_012,tx,0.1,tx_10cm,0,Car,16.9,mid,38,100.0,2.8877
nuscenes_mini_subset,scene-0103_012,tx,0.1,tx_10cm,7,Car,15.41,mid,60,100.0,2.6161
nuscenes_mini_subset,scene-0103_012,tx,0.1,tx_10cm,10,Car,26.79,mid,11,100.0,0.7554
nuscenes_mini_subset,scene-0103_012,ty,0.02,ty_2cm,0,Car,16.9,mid,38,100.0,1.5179
nuscenes_mini_subset,scene-0103_012,ty,0.02,ty_2cm,7,Car,15.41,mid,60,100.0,1.8659
nuscenes_mini_subset,scene-0103_012,ty,0.02,ty_2cm,10,Car,26.79,mid,11,100.0,1.0106
nuscenes_mini_subset,scene-0103_012,ty,0.05,ty_5cm,0,Car,16.9,mid,38,100.0,3.7948
nuscenes_mini_subset,scene-0103_012,ty,0.05,ty_5cm,7,Car,15.41,mid,60,100.0,4.6647
nuscenes_mini_subset,scene-0103_012,ty,0.05,ty_5cm,10,Car,26.79,mid,11,100.0,2.5266
nuscenes_mini_subset,scene-0103_012,ty,0.1,ty_10cm,0,Car,16.9,mid,38,100.0,7.5894
nuscenes_mini_subset,scene-0103_012,ty,0.1,ty_10cm,7,Car,15.41,mid,60,100.0,9.329
nuscenes_mini_subset,scene-0103_012,ty,0.1,ty_10cm,10,Car,26.79,mid,11,100.0,5.053
nuscenes_mini_subset,scene-0103_012,tz,0.02,tz_2cm,0,Car,16.9,mid,38,100.0,1.5268
nuscenes_mini_subset,scene-0103_012,tz,0.02,tz_2cm,7,Car,15.41,mid,60,100.0,1.8624
nuscenes_mini_subset,scene-0103_012,tz,0.02,tz_2cm,10,Car,26.79,mid,11,100.0,1.0134
nuscenes_mini_subset,scene-0103_012,tz,0.05,tz_5cm,0,Car,16.9,mid,38,100.0,3.8167
nuscenes_mini_subset,scene-0103_012,tz,0.05,tz_5cm,7,Car,15.41,mid,60,100.0,4.6555
nuscenes_mini_subset,scene-0103_012,tz,0.05,tz_5cm,10,Car,26.79,mid,11,100.0,2.5334
nuscenes_mini_subset,scene-0103_012,tz,0.1,tz_10cm,0,Car,16.9,mid,38,100.0,7.6321
nuscenes_mini_subset,scene-0103_012,tz,0.1,tz_10cm,7,Car,15.41,mid,60,100.0,9.3091
nuscenes_mini_subset,scene-0103_012,tz,0.1,tz_10cm,10,Car,26.79,mid,11,100.0,5.0663
nuscenes_mini_subset,scene-0103_012,time,35.4,no_ego_motion,0,Car,16.9,mid,38,100.0,6.2856
nuscenes_mini_subset,scene-0103_012,time,35.4,no_ego_motion,7,Car,15.41,mid,60,100.0,5.7288
nuscenes_mini_subset,scene-0103_012,time,35.4,no_ego_motion,10,Car,26.79,mid,11,100.0,1.9238
nuscenes_mini_subset,scene-0103_013,baseline,0.0,baseline,1,Car,14.93,near,71,100.0,0.0
nuscenes_mini_subset,scene-0103_013,baseline,0.0,baseline,8,Car,13.33,near,89,100.0,0.0
nuscenes_mini_subset,scene-0103_013,baseline,0.0,baseline,12,Car,24.66,mid,16,100.0,0.0
nuscenes_mini_subset,scene-0103_013,yaw,0.5,yaw_0.5deg,1,Car,14.93,near,71,100.0,13.2558
nuscenes_mini_subset,scene-0103_013,yaw,0.5,yaw_0.5deg,8,Car,13.33,near,89,100.0,12.9997
nuscenes_mini_subset,scene-0103_013,yaw,0.5,yaw_0.5deg,12,Car,24.66,mid,16,100.0,11.5005
nuscenes_mini_subset,scene-0103_013,yaw,1.0,yaw_1deg,1,Car,14.93,near,71,100.0,26.6098
nuscenes_mini_subset,scene-0103_013,yaw,1.0,yaw_1deg,8,Car,13.33,near,89,100.0,25.9154
nuscenes_mini_subset,scene-0103_013,yaw,1.0,yaw_1deg,12,Car,24.66,mid,16,93.75,23.0353
nuscenes_mini_subset,scene-0103_013,yaw,2.0,yaw_2deg,1,Car,14.93,near,71,98.5915,53.6256
nuscenes_mini_subset,scene-0103_013,yaw,2.0,yaw_2deg,8,Car,13.33,near,89,95.5056,51.5067
nuscenes_mini_subset,scene-0103_013,yaw,2.0,yaw_2deg,12,Car,24.66,mid,16,75.0,46.2159
nuscenes_mini_subset,scene-0103_013,yaw,3.0,yaw_3deg,1,Car,14.93,near,71,95.7746,81.0
nuscenes_mini_subset,scene-0103_013,yaw,3.0,yaw_3deg,8,Car,13.33,near,89,88.764,76.7962
nuscenes_mini_subset,scene-0103_013,yaw,3.0,yaw_3deg,12,Car,24.66,mid,16,50.0,69.558
nuscenes_mini_subset,scene-0103_013,pitch,0.5,pitch_0.5deg,1,Car,14.93,near,71,100.0,11.3859
nuscenes_mini_subset,scene-0103_013,pitch,0.5,pitch_0.5deg,8,Car,13.33,near,89,100.0,11.6091
nuscenes_mini_subset,scene-0103_013,pitch,0.5,pitch_0.5deg,12,Car,24.66,mid,16,100.0,11.2146
nuscenes_mini_subset,scene-0103_013,pitch,1.0,pitch_1deg,1,Car,14.93,near,71,100.0,22.7903
nuscenes_mini_subset,scene-0103_013,pitch,1.0,pitch_1deg,8,Car,13.33,near,89,100.0,23.2411
nuscenes_mini_subset,scene-0103_013,pitch,1.0,pitch_1deg,12,Car,24.66,mid,16,100.0,22.4409
nuscenes_mini_subset,scene-0103_013,pitch,2.0,pitch_2deg,1,Car,14.93,near,71,59.1549,45.6627
nuscenes_mini_subset,scene-0103_013,pitch,2.0,pitch_2deg,8,Car,13.33,near,89,73.0337,46.5822
nuscenes_mini_subset,scene-0103_013,pitch,2.0,pitch_2deg,12,Car,24.66,mid,16,12.5,44.9359
nuscenes_mini_subset,scene-0103_013,pitch,3.0,pitch_3deg,1,Car,14.93,near,71,21.1268,68.6336
nuscenes_mini_subset,scene-0103_013,pitch,3.0,pitch_3deg,8,Car,13.33,near,89,40.4494,70.0399
nuscenes_mini_subset,scene-0103_013,pitch,3.0,pitch_3deg,12,Car,24.66,mid,16,0.0,67.4995
nuscenes_mini_subset,scene-0103_013,roll,0.5,roll_0.5deg,1,Car,14.93,near,71,100.0,4.5982
nuscenes_mini_subset,scene-0103_013,roll,0.5,roll_0.5deg,8,Car,13.33,near,89,100.0,4.0094
nuscenes_mini_subset,scene-0103_013,roll,0.5,roll_0.5deg,12,Car,24.66,mid,16,100.0,1.8778
nuscenes_mini_subset,scene-0103_013,roll,1.0,roll_1deg,1,Car,14.93,near,71,100.0,9.1954
nuscenes_mini_subset,scene-0103_013,roll,1.0,roll_1deg,8,Car,13.33,near,89,100.0,8.0193
nuscenes_mini_subset,scene-0103_013,roll,1.0,roll_1deg,12,Car,24.66,mid,16,100.0,3.7555
nuscenes_mini_subset,scene-0103_013,roll,2.0,roll_2deg,1,Car,14.93,near,71,100.0,18.3863
nuscenes_mini_subset,scene-0103_013,roll,2.0,roll_2deg,8,Car,13.33,near,89,100.0,16.0407
nuscenes_mini_subset,scene-0103_013,roll,2.0,roll_2deg,12,Car,24.66,mid,16,100.0,7.51
nuscenes_mini_subset,scene-0103_013,roll,3.0,roll_3deg,1,Car,14.93,near,71,97.1831,27.572
nuscenes_mini_subset,scene-0103_013,roll,3.0,roll_3deg,8,Car,13.33,near,89,100.0,24.0634
nuscenes_mini_subset,scene-0103_013,roll,3.0,roll_3deg,12,Car,24.66,mid,16,100.0,11.2633
nuscenes_mini_subset,scene-0103_013,tx,0.02,tx_2cm,1,Car,14.93,near,71,100.0,0.7261
nuscenes_mini_subset,scene-0103_013,tx,0.02,tx_2cm,8,Car,13.33,near,89,100.0,0.8088
nuscenes_mini_subset,scene-0103_013,tx,0.02,tx_2cm,12,Car,24.66,mid,16,100.0,0.1834
nuscenes_mini_subset,scene-0103_013,tx,0.05,tx_5cm,1,Car,14.93,near,71,100.0,1.8114
nuscenes_mini_subset,scene-0103_013,tx,0.05,tx_5cm,8,Car,13.33,near,89,100.0,2.0166
nuscenes_mini_subset,scene-0103_013,tx,0.05,tx_5cm,12,Car,24.66,mid,16,100.0,0.4579
nuscenes_mini_subset,scene-0103_013,tx,0.1,tx_10cm,1,Car,14.93,near,71,100.0,3.6102
nuscenes_mini_subset,scene-0103_013,tx,0.1,tx_10cm,8,Car,13.33,near,89,100.0,4.0153
nuscenes_mini_subset,scene-0103_013,tx,0.1,tx_10cm,12,Car,24.66,mid,16,100.0,0.9138
nuscenes_mini_subset,scene-0103_013,ty,0.02,ty_2cm,1,Car,14.93,near,71,100.0,1.7341
nuscenes_mini_subset,scene-0103_013,ty,0.02,ty_2cm,8,Car,13.33,near,89,100.0,2.2402
nuscenes_mini_subset,scene-0103_013,ty,0.02,ty_2cm,12,Car,24.66,mid,16,100.0,1.1021
nuscenes_mini_subset,scene-0103_013,ty,0.05,ty_5cm,1,Car,14.93,near,71,100.0,4.3351
nuscenes_mini_subset,scene-0103_013,ty,0.05,ty_5cm,8,Car,13.33,near,89,100.0,5.6004
nuscenes_mini_subset,scene-0103_013,ty,0.05,ty_5cm,12,Car,24.66,mid,16,100.0,2.7553
nuscenes_mini_subset,scene-0103_013,ty,0.1,ty_10cm,1,Car,14.93,near,71,100.0,8.6698
nuscenes_mini_subset,scene-0103_013,ty,0.1,ty_10cm,8,Car,13.33,near,89,100.0,11.2002
nuscenes_mini_subset,scene-0103_013,ty,0.1,ty_10cm,12,Car,24.66,mid,16,100.0,5.5104
nuscenes_mini_subset,scene-0103_013,tz,0.02,tz_2cm,1,Car,14.93,near,71,100.0,1.7447
nuscenes_mini_subset,scene-0103_013,tz,0.02,tz_2cm,8,Car,13.33,near,89,100.0,2.2338
nuscenes_mini_subset,scene-0103_013,tz,0.02,tz_2cm,12,Car,24.66,mid,16,100.0,1.105
nuscenes_mini_subset,scene-0103_013,tz,0.05,tz_5cm,1,Car,14.93,near,71,100.0,4.3613
nuscenes_mini_subset,scene-0103_013,tz,0.05,tz_5cm,8,Car,13.33,near,89,100.0,5.5838
nuscenes_mini_subset,scene-0103_013,tz,0.05,tz_5cm,12,Car,24.66,mid,16,100.0,2.7622
nuscenes_mini_subset,scene-0103_013,tz,0.1,tz_10cm,1,Car,14.93,near,71,100.0,8.721
nuscenes_mini_subset,scene-0103_013,tz,0.1,tz_10cm,8,Car,13.33,near,89,100.0,11.1648
nuscenes_mini_subset,scene-0103_013,tz,0.1,tz_10cm,12,Car,24.66,mid,16,100.0,5.5237
nuscenes_mini_subset,scene-0103_013,time,34.6,no_ego_motion,1,Car,14.93,near,71,100.0,6.772
nuscenes_mini_subset,scene-0103_013,time,34.6,no_ego_motion,8,Car,13.33,near,89,100.0,6.7087
nuscenes_mini_subset,scene-0103_013,time,34.6,no_ego_motion,12,Car,24.66,mid,16,100.0,2.0128
nuscenes_mini_subset,scene-0103_014,baseline,0.0,baseline,1,Car,13.25,near,109,100.0,0.0
nuscenes_mini_subset,scene-0103_014,baseline,0.0,baseline,9,Car,11.31,near,129,100.0,0.0
nuscenes_mini_subset,scene-0103_014,baseline,0.0,baseline,13,Car,22.6,mid,14,100.0,0.0
nuscenes_mini_subset,scene-0103_014,yaw,0.5,yaw_0.5deg,1,Car,13.25,near,109,100.0,13.652
nuscenes_mini_subset,scene-0103_014,yaw,0.5,yaw_0.5deg,9,Car,11.31,near,129,100.0,13.7433
nuscenes_mini_subset,scene-0103_014,yaw,0.5,yaw_0.5deg,13,Car,22.6,mid,14,100.0,11.6597
nuscenes_mini_subset,scene-0103_014,yaw,1.0,yaw_1deg,1,Car,13.25,near,109,99.0826,27.3886
nuscenes_mini_subset,scene-0103_014,yaw,1.0,yaw_1deg,9,Car,11.31,near,129,99.2248,27.3829
nuscenes_mini_subset,scene-0103_014,yaw,1.0,yaw_1deg,13,Car,22.6,mid,14,92.8571,23.359
nuscenes_mini_subset,scene-0103_014,yaw,2.0,yaw_2deg,1,Car,13.25,near,109,98.1651,55.1725
nuscenes_mini_subset,scene-0103_014,yaw,2.0,yaw_2deg,9,Car,11.31,near,129,96.124,54.3643
nuscenes_mini_subset,scene-0103_014,yaw,2.0,yaw_2deg,13,Car,22.6,mid,14,71.4286,46.885
nuscenes_mini_subset,scene-0103_014,yaw,3.0,yaw_3deg,1,Car,13.25,near,109,95.4128,83.3136
nuscenes_mini_subset,scene-0103_014,yaw,3.0,yaw_3deg,9,Car,11.31,near,129,91.4729,80.9706
nuscenes_mini_subset,scene-0103_014,yaw,3.0,yaw_3deg,13,Car,22.6,mid,14,50.0,70.5949
nuscenes_mini_subset,scene-0103_014,pitch,0.5,pitch_0.5deg,1,Car,13.25,near,109,100.0,11.4861
nuscenes_mini_subset,scene-0103_014,pitch,0.5,pitch_0.5deg,9,Car,11.31,near,129,100.0,11.8136
nuscenes_mini_subset,scene-0103_014,pitch,0.5,pitch_0.5deg,13,Car,22.6,mid,14,100.0,11.264
nuscenes_mini_subset,scene-0103_014,pitch,1.0,pitch_1deg,1,Car,13.25,near,109,100.0,22.9904
nuscenes_mini_subset,scene-0103_014,pitch,1.0,pitch_1deg,9,Car,11.31,near,129,100.0,23.6513
nuscenes_mini_subset,scene-0103_014,pitch,1.0,pitch_1deg,13,Car,22.6,mid,14,100.0,22.5398
nuscenes_mini_subset,scene-0103_014,pitch,2.0,pitch_2deg,1,Car,13.25,near,109,100.0,46.062
nuscenes_mini_subset,scene-0103_014,pitch,2.0,pitch_2deg,9,Car,11.31,near,129,79.845,47.408
nuscenes_mini_subset,scene-0103_014,pitch,2.0,pitch_2deg,13,Car,22.6,mid,14,7.1429,45.1337
nuscenes_mini_subset,scene-0103_014,pitch,3.0,pitch_3deg,1,Car,13.25,near,109,62.3853,69.2313
nuscenes_mini_subset,scene-0103_014,pitch,3.0,pitch_3deg,9,Car,11.31,near,129,63.5659,71.3066
nuscenes_mini_subset,scene-0103_014,pitch,3.0,pitch_3deg,13,Car,22.6,mid,14,0.0,67.7965
nuscenes_mini_subset,scene-0103_014,roll,0.5,roll_0.5deg,1,Car,13.25,near,109,100.0,4.9457
nuscenes_mini_subset,scene-0103_014,roll,0.5,roll_0.5deg,9,Car,11.31,near,129,100.0,4.7589
nuscenes_mini_subset,scene-0103_014,roll,0.5,roll_0.5deg,13,Car,22.6,mid,14,100.0,2.1218
nuscenes_mini_subset,scene-0103_014,roll,1.0,roll_1deg,1,Car,13.25,near,109,100.0,9.8902
nuscenes_mini_subset,scene-0103_014,roll,1.0,roll_1deg,9,Car,11.31,near,129,100.0,9.5186
nuscenes_mini_subset,scene-0103_014,roll,1.0,roll_1deg,13,Car,22.6,mid,14,100.0,4.2433
nuscenes_mini_subset,scene-0103_014,roll,2.0,roll_2deg,1,Car,13.25,near,109,100.0,19.7753
nuscenes_mini_subset,scene-0103_014,roll,2.0,roll_2deg,9,Car,11.31,near,129,100.0,19.0403
nuscenes_mini_subset,scene-0103_014,roll,2.0,roll_2deg,13,Car,22.6,mid,14,100.0,8.4854
nuscenes_mini_subset,scene-0103_014,roll,3.0,roll_3deg,1,Car,13.25,near,109,89.9083,29.6545
nuscenes_mini_subset,scene-0103_014,roll,3.0,roll_3deg,9,Car,11.31,near,129,96.124,28.5643
nuscenes_mini_subset,scene-0103_014,roll,3.0,roll_3deg,13,Car,22.6,mid,14,100.0,12.7261
nuscenes_mini_subset,scene-0103_014,tx,0.02,tx_2cm,1,Car,13.25,near,109,100.0,0.8864
nuscenes_mini_subset,scene-0103_014,tx,0.02,tx_2cm,9,Car,11.31,near,129,100.0,1.1635
nuscenes_mini_subset,scene-0103_014,tx,0.02,tx_2cm,13,Car,22.6,mid,14,100.0,0.2369
nuscenes_mini_subset,scene-0103_014,tx,0.05,tx_5cm,1,Car,13.25,near,109,100.0,2.2108
nuscenes_mini_subset,scene-0103_014,tx,0.05,tx_5cm,9,Car,11.31,near,129,100.0,2.8993
nuscenes_mini_subset,scene-0103_014,tx,0.05,tx_5cm,13,Car,22.6,mid,14,100.0,0.5914
nuscenes_mini_subset,scene-0103_014,tx,0.1,tx_10cm,1,Car,13.25,near,109,100.0,4.4044
nuscenes_mini_subset,scene-0103_014,tx,0.1,tx_10cm,9,Car,11.31,near,129,100.0,5.7672
nuscenes_mini_subset,scene-0103_014,tx,0.1,tx_10cm,13,Car,22.6,mid,14,100.0,1.1799
nuscenes_mini_subset,scene-0103_014,ty,0.02,ty_2cm,1,Car,13.25,near,109,100.0,1.9809
nuscenes_mini_subset,scene-0103_014,ty,0.02,ty_2cm,9,Car,11.31,near,129,100.0,2.6878
nuscenes_mini_subset,scene-0103_014,ty,0.02,ty_2cm,13,Car,22.6,mid,14,100.0,1.2152
nuscenes_mini_subset,scene-0103_014,ty,0.05,ty_5cm,1,Car,13.25,near,109,100.0,4.952
nuscenes_mini_subset,scene-0103_014,ty,0.05,ty_5cm,9,Car,11.31,near,129,100.0,6.7191
nuscenes_mini_subset,scene-0103_014,ty,0.05,ty_5cm,13,Car,22.6,mid,14,100.0,3.038
nuscenes_mini_subset,scene-0103_014,ty,0.1,ty_10cm,1,Car,13.25,near,109,100.0,9.9036
nuscenes_mini_subset,scene-0103_014,ty,0.1,ty_10cm,9,Car,11.31,near,129,100.0,13.4375
nuscenes_mini_subset,scene-0103_014,ty,0.1,ty_10cm,13,Car,22.6,mid,14,100.0,6.0758
nuscenes_mini_subset,scene-0103_014,tz,0.02,tz_2cm,1,Car,13.25,near,109,100.0,1.9912
nuscenes_mini_subset,scene-0103_014,tz,0.02,tz_2cm,9,Car,11.31,near,129,100.0,2.6809
nuscenes_mini_subset,scene-0103_014,tz,0.02,tz_2cm,13,Car,22.6,mid,14,100.0,1.2186
nuscenes_mini_subset,scene-0103_014,tz,0.05,tz_5cm,1,Car,13.25,near,109,100.0,4.9774
nuscenes_mini_subset,scene-0103_014,tz,0.05,tz_5cm,9,Car,11.31,near,129,100.0,6.7011
nuscenes_mini_subset,scene-0103_014,tz,0.05,tz_5cm,13,Car,22.6,mid,14,100.0,3.0463
nuscenes_mini_subset,scene-0103_014,tz,0.1,tz_10cm,1,Car,13.25,near,109,100.0,9.9527
nuscenes_mini_subset,scene-0103_014,tz,0.1,tz_10cm,9,Car,11.31,near,129,100.0,13.3983
nuscenes_mini_subset,scene-0103_014,tz,0.1,tz_10cm,13,Car,22.6,mid,14,100.0,6.0917
nuscenes_mini_subset,scene-0103_014,time,34.5,no_ego_motion,1,Car,13.25,near,109,100.0,5.8228
nuscenes_mini_subset,scene-0103_014,time,34.5,no_ego_motion,9,Car,11.31,near,129,100.0,7.2956
nuscenes_mini_subset,scene-0103_014,time,34.5,no_ego_motion,13,Car,22.6,mid,14,100.0,1.6809
nuscenes_mini_subset,scene-0103_015,baseline,0.0,baseline,1,Car,12.21,near,157,100.0,0.0
nuscenes_mini_subset,scene-0103_015,baseline,0.0,baseline,9,Car,9.83,near,186,86.0215,0.0
nuscenes_mini_subset,scene-0103_015,baseline,0.0,baseline,14,Car,21.15,mid,21,100.0,0.0
nuscenes_mini_subset,scene-0103_015,yaw,0.5,yaw_0.5deg,1,Car,12.21,near,157,100.0,13.4377
nuscenes_mini_subset,scene-0103_015,yaw,0.5,yaw_0.5deg,9,Car,9.83,near,186,88.172,14.271
nuscenes_mini_subset,scene-0103_015,yaw,0.5,yaw_0.5deg,14,Car,21.15,mid,21,100.0,11.7147
nuscenes_mini_subset,scene-0103_015,yaw,1.0,yaw_1deg,1,Car,12.21,near,157,100.0,26.9755
nuscenes_mini_subset,scene-0103_015,yaw,1.0,yaw_1deg,9,Car,9.83,near,186,92.4731,28.4227
nuscenes_mini_subset,scene-0103_015,yaw,1.0,yaw_1deg,14,Car,21.15,mid,21,100.0,23.4687
nuscenes_mini_subset,scene-0103_015,yaw,2.0,yaw_2deg,1,Car,12.21,near,157,98.0892,54.3651
nuscenes_mini_subset,scene-0103_015,yaw,2.0,yaw_2deg,9,Car,9.83,near,186,94.6237,56.3839
nuscenes_mini_subset,scene-0103_015,yaw,2.0,yaw_2deg,14,Car,21.15,mid,21,85.7143,47.1031
nuscenes_mini_subset,scene-0103_015,yaw,3.0,yaw_3deg,1,Car,12.21,near,157,94.9045,81.9325
nuscenes_mini_subset,scene-0103_015,yaw,3.0,yaw_3deg,9,Car,9.83,near,186,93.5484,83.913
nuscenes_mini_subset,scene-0103_015,yaw,3.0,yaw_3deg,14,Car,21.15,mid,21,71.4286,70.9201
nuscenes_mini_subset,scene-0103_015,pitch,0.5,pitch_0.5deg,1,Car,12.21,near,157,100.0,11.6091
nuscenes_mini_subset,scene-0103_015,pitch,0.5,pitch_0.5deg,9,Car,9.83,near,186,84.9462,11.9991
nuscenes_mini_subset,scene-0103_015,pitch,0.5,pitch_0.5deg,14,Car,21.15,mid,21,100.0,11.3129
nuscenes_mini_subset,scene-0103_015,pitch,1.0,pitch_1deg,1,Car,12.21,near,157,100.0,23.2406
nuscenes_mini_subset,scene-0103_015,pitch,1.0,pitch_1deg,9,Car,9.83,near,186,84.9462,24.0093
nuscenes_mini_subset,scene-0103_015,pitch,1.0,pitch_1deg,14,Car,21.15,mid,21,76.1905,22.6375
nuscenes_mini_subset,scene-0103_015,pitch,2.0,pitch_2deg,1,Car,12.21,near,157,76.4331,46.5793
nuscenes_mini_subset,scene-0103_015,pitch,2.0,pitch_2deg,9,Car,9.83,near,186,73.1183,48.1516
nuscenes_mini_subset,scene-0103_015,pitch,2.0,pitch_2deg,14,Car,21.15,mid,21,76.1905,45.3293
nuscenes_mini_subset,scene-0103_015,pitch,3.0,pitch_3deg,1,Car,12.21,near,157,70.7006,70.0324
nuscenes_mini_subset,scene-0103_015,pitch,3.0,pitch_3deg,9,Car,9.83,near,186,72.5806,72.3986
nuscenes_mini_subset,scene-0103_015,pitch,3.0,pitch_3deg,14,Car,21.15,mid,21,4.7619,68.0904
nuscenes_mini_subset,scene-0103_015,roll,0.5,roll_0.5deg,1,Car,12.21,near,157,100.0,4.585
nuscenes_mini_subset,scene-0103_015,roll,0.5,roll_0.5deg,9,Car,9.83,near,186,86.0215,5.151
nuscenes_mini_subset,scene-0103_015,roll,0.5,roll_0.5deg,14,Car,21.15,mid,21,100.0,2.1059
nuscenes_mini_subset,scene-0103_015,roll,1.0,roll_1deg,1,Car,12.21,near,157,100.0,9.169
nuscenes_mini_subset,scene-0103_015,roll,1.0,roll_1deg,9,Car,9.83,near,186,86.0215,10.303
nuscenes_mini_subset,scene-0103_015,roll,1.0,roll_1deg,14,Car,21.15,mid,21,100.0,4.2116
nuscenes_mini_subset,scene-0103_015,roll,2.0,roll_2deg,1,Car,12.21,near,157,100.0,18.3335
nuscenes_mini_subset,scene-0103_015,roll,2.0,roll_2deg,9,Car,9.83,near,186,86.0215,20.6093
nuscenes_mini_subset,scene-0103_015,roll,2.0,roll_2deg,14,Car,21.15,mid,21,100.0,8.4221
nuscenes_mini_subset,scene-0103_015,roll,3.0,roll_3deg,1,Car,12.21,near,157,96.1783,27.4929
nuscenes_mini_subset,scene-0103_015,roll,3.0,roll_3deg,9,Car,9.83,near,186,86.0215,30.918
nuscenes_mini_subset,scene-0103_015,roll,3.0,roll_3deg,14,Car,21.15,mid,21,100.0,12.6311
nuscenes_mini_subset,scene-0103_015,tx,0.02,tx_2cm,1,Car,12.21,near,157,100.0,0.9112
nuscenes_mini_subset,scene-0103_015,tx,0.02,tx_2cm,9,Car,9.83,near,186,86.0215,1.3758
nuscenes_mini_subset,scene-0103_015,tx,0.02,tx_2cm,14,Car,21.15,mid,21,100.0,0.2513
nuscenes_mini_subset,scene-0103_015,tx,0.05,tx_5cm,1,Car,12.21,near,157,100.0,2.2719
nuscenes_mini_subset,scene-0103_015,tx,0.05,tx_5cm,9,Car,9.83,near,186,86.0215,3.4273
nuscenes_mini_subset,scene-0103_015,tx,0.05,tx_5cm,14,Car,21.15,mid,21,100.0,0.6272
nuscenes_mini_subset,scene-0103_015,tx,0.1,tx_10cm,1,Car,12.21,near,157,100.0,4.5242
nuscenes_mini_subset,scene-0103_015,tx,0.1,tx_10cm,9,Car,9.83,near,186,88.172,6.8142
nuscenes_mini_subset,scene-0103_015,tx,0.1,tx_10cm,14,Car,21.15,mid,21,100.0,1.2511
nuscenes_mini_subset,scene-0103_015,ty,0.02,ty_2cm,1,Car,12.21,near,157,100.0,2.1612
nuscenes_mini_subset,scene-0103_015,ty,0.02,ty_2cm,9,Car,9.83,near,186,86.0215,2.9779
nuscenes_mini_subset,scene-0103_015,ty,0.02,ty_2cm,14,Car,21.15,mid,21,100.0,1.298
nuscenes_mini_subset,scene-0103_015,ty,0.05,ty_5cm,1,Car,12.21,near,157,100.0,5.4028
nuscenes_mini_subset,scene-0103_015,ty,0.05,ty_5cm,9,Car,9.83,near,186,87.0968,7.4444
nuscenes_mini_subset,scene-0103_015,ty,0.05,ty_5cm,14,Car,21.15,mid,21,100.0,3.245
nuscenes_mini_subset,scene-0103_015,ty,0.1,ty_10cm,1,Car,12.21,near,157,100.0,10.805
nuscenes_mini_subset,scene-0103_015,ty,0.1,ty_10cm,9,Car,9.83,near,186,88.172,14.8878
nuscenes_mini_subset,scene-0103_015,ty,0.1,ty_10cm,14,Car,21.15,mid,21,100.0,6.4898
nuscenes_mini_subset,scene-0103_015,tz,0.02,tz_2cm,1,Car,12.21,near,157,100.0,2.1775
nuscenes_mini_subset,scene-0103_015,tz,0.02,tz_2cm,9,Car,9.83,near,186,86.0215,2.9713
nuscenes_mini_subset,scene-0103_015,tz,0.02,tz_2cm,14,Car,21.15,mid,21,100.0,1.302
nuscenes_mini_subset,scene-0103_015,tz,0.05,tz_5cm,1,Car,12.21,near,157,100.0,5.4431
nuscenes_mini_subset,scene-0103_015,tz,0.05,tz_5cm,9,Car,9.83,near,186,86.0215,7.4268
nuscenes_mini_subset,scene-0103_015,tz,0.05,tz_5cm,14,Car,21.15,mid,21,100.0,3.2547
nuscenes_mini_subset,scene-0103_015,tz,0.1,tz_10cm,1,Car,12.21,near,157,100.0,10.8837
nuscenes_mini_subset,scene-0103_015,tz,0.1,tz_10cm,9,Car,9.83,near,186,86.0215,14.8488
nuscenes_mini_subset,scene-0103_015,tz,0.1,tz_10cm,14,Car,21.15,mid,21,100.0,6.5085
nuscenes_mini_subset,scene-0103_015,time,34.4,no_ego_motion,1,Car,12.21,near,157,100.0,4.0272
nuscenes_mini_subset,scene-0103_015,time,34.4,no_ego_motion,9,Car,9.83,near,186,84.4086,5.3609
nuscenes_mini_subset,scene-0103_015,time,34.4,no_ego_motion,14,Car,21.15,mid,21,100.0,1.6482
nuscenes_mini_subset,scene-0103_016,baseline,0.0,baseline,1,Car,12.26,near,140,100.0,0.0
nuscenes_mini_subset,scene-0103_016,yaw,0.5,yaw_0.5deg,1,Car,12.26,near,140,99.2857,12.6448
nuscenes_mini_subset,scene-0103_016,yaw,1.0,yaw_1deg,1,Car,12.26,near,140,98.5714,25.3602
nuscenes_mini_subset,scene-0103_016,yaw,2.0,yaw_2deg,1,Car,12.26,near,140,95.7143,51.0147
nuscenes_mini_subset,scene-0103_016,yaw,3.0,yaw_3deg,1,Car,12.26,near,140,91.4286,76.9873
nuscenes_mini_subset,scene-0103_016,pitch,0.5,pitch_0.5deg,1,Car,12.26,near,140,100.0,11.6489
nuscenes_mini_subset,scene-0103_016,pitch,1.0,pitch_1deg,1,Car,12.26,near,140,100.0,23.3183
nuscenes_mini_subset,scene-0103_016,pitch,2.0,pitch_2deg,1,Car,12.26,near,140,100.0,46.7338
nuscenes_mini_subset,scene-0103_016,pitch,3.0,pitch_3deg,1,Car,12.26,near,140,72.1429,70.2636
nuscenes_mini_subset,scene-0103_016,roll,0.5,roll_0.5deg,1,Car,12.26,near,140,100.0,3.4691
nuscenes_mini_subset,scene-0103_016,roll,1.0,roll_1deg,1,Car,12.26,near,140,100.0,6.9377
nuscenes_mini_subset,scene-0103_016,roll,2.0,roll_2deg,1,Car,12.26,near,140,100.0,13.8727
nuscenes_mini_subset,scene-0103_016,roll,3.0,roll_3deg,1,Car,12.26,near,140,94.2857,20.8045
nuscenes_mini_subset,scene-0103_016,tx,0.02,tx_2cm,1,Car,12.26,near,140,100.0,0.6912
nuscenes_mini_subset,scene-0103_016,tx,0.05,tx_5cm,1,Car,12.26,near,140,100.0,1.7235
nuscenes_mini_subset,scene-0103_016,tx,0.1,tx_10cm,1,Car,12.26,near,140,100.0,3.4319
nuscenes_mini_subset,scene-0103_016,ty,0.02,ty_2cm,1,Car,12.26,near,140,100.0,2.195
nuscenes_mini_subset,scene-0103_016,ty,0.05,ty_5cm,1,Car,12.26,near,140,100.0,5.4874
nuscenes_mini_subset,scene-0103_016,ty,0.1,ty_10cm,1,Car,12.26,near,140,100.0,10.9744
nuscenes_mini_subset,scene-0103_016,tz,0.02,tz_2cm,1,Car,12.26,near,140,100.0,2.2077
nuscenes_mini_subset,scene-0103_016,tz,0.05,tz_5cm,1,Car,12.26,near,140,100.0,5.5185
nuscenes_mini_subset,scene-0103_016,tz,0.1,tz_10cm,1,Car,12.26,near,140,100.0,11.0343
nuscenes_mini_subset,scene-0103_016,time,34.2,no_ego_motion,1,Car,12.26,near,140,100.0,2.2834
nuscenes_mini_subset,scene-0103_017,baseline,0.0,baseline,2,Car,12.75,near,109,100.0,0.0
nuscenes_mini_subset,scene-0103_017,baseline,0.0,baseline,9,Car,22.16,mid,27,100.0,0.0
nuscenes_mini_subset,scene-0103_017,yaw,0.5,yaw_0.5deg,2,Car,12.75,near,109,100.0,12.0109
nuscenes_mini_subset,scene-0103_017,yaw,0.5,yaw_0.5deg,9,Car,22.16,mid,27,100.0,13.2865
nuscenes_mini_subset,scene-0103_017,yaw,1.0,yaw_1deg,2,Car,12.75,near,109,100.0,24.0678
nuscenes_mini_subset,scene-0103_017,yaw,1.0,yaw_1deg,9,Car,22.16,mid,27,96.2963,26.6741
nuscenes_mini_subset,scene-0103_017,yaw,2.0,yaw_2deg,2,Car,12.75,near,109,97.2477,48.3263
nuscenes_mini_subset,scene-0103_017,yaw,2.0,yaw_2deg,9,Car,22.16,mid,27,77.7778,53.7655
nuscenes_mini_subset,scene-0103_017,yaw,3.0,yaw_3deg,2,Car,12.75,near,109,97.2477,72.7865
nuscenes_mini_subset,scene-0103_017,yaw,3.0,yaw_3deg,9,Car,22.16,mid,27,55.5556,81.3019
nuscenes_mini_subset,scene-0103_017,pitch,0.5,pitch_0.5deg,2,Car,12.75,near,109,100.0,11.6276
nuscenes_mini_subset,scene-0103_017,pitch,0.5,pitch_0.5deg,9,Car,22.16,mid,27,100.0,11.3221
nuscenes_mini_subset,scene-0103_017,pitch,1.0,pitch_1deg,2,Car,12.75,near,109,94.4954,23.2769
nuscenes_mini_subset,scene-0103_017,pitch,1.0,pitch_1deg,9,Car,22.16,mid,27,51.8519,22.6624
nuscenes_mini_subset,scene-0103_017,pitch,2.0,pitch_2deg,2,Car,12.75,near,109,94.4954,46.6486
nuscenes_mini_subset,scene-0103_017,pitch,2.0,pitch_2deg,9,Car,22.16,mid,27,51.8519,45.4056
nuscenes_mini_subset,scene-0103_017,pitch,3.0,pitch_3deg,2,Car,12.75,near,109,65.1376,70.1313
nuscenes_mini_subset,scene-0103_017,pitch,3.0,pitch_3deg,9,Car,22.16,mid,27,3.7037,68.2456
nuscenes_mini_subset,scene-0103_017,roll,0.5,roll_0.5deg,2,Car,12.75,near,109,100.0,2.2739
nuscenes_mini_subset,scene-0103_017,roll,0.5,roll_0.5deg,9,Car,22.16,mid,27,100.0,4.7039
nuscenes_mini_subset,scene-0103_017,roll,1.0,roll_1deg,2,Car,12.75,near,109,100.0,4.5475
nuscenes_mini_subset,scene-0103_017,roll,1.0,roll_1deg,9,Car,22.16,mid,27,100.0,9.4066
nuscenes_mini_subset,scene-0103_017,roll,2.0,roll_2deg,2,Car,12.75,near,109,100.0,9.0937
nuscenes_mini_subset,scene-0103_017,roll,2.0,roll_2deg,9,Car,22.16,mid,27,100.0,18.8086
nuscenes_mini_subset,scene-0103_017,roll,3.0,roll_3deg,2,Car,12.75,near,109,100.0,13.6383
nuscenes_mini_subset,scene-0103_017,roll,3.0,roll_3deg,9,Car,22.16,mid,27,100.0,28.2052
nuscenes_mini_subset,scene-0103_017,tx,0.02,tx_2cm,2,Car,12.75,near,109,100.0,0.4321
nuscenes_mini_subset,scene-0103_017,tx,0.02,tx_2cm,9,Car,22.16,mid,27,100.0,0.5299
nuscenes_mini_subset,scene-0103_017,tx,0.05,tx_5cm,2,Car,12.75,near,109,100.0,1.0776
nuscenes_mini_subset,scene-0103_017,tx,0.05,tx_5cm,9,Car,22.16,mid,27,100.0,1.3229
nuscenes_mini_subset,scene-0103_017,tx,0.1,tx_10cm,2,Car,12.75,near,109,100.0,2.1458
nuscenes_mini_subset,scene-0103_017,tx,0.1,tx_10cm,9,Car,22.16,mid,27,100.0,2.6393
nuscenes_mini_subset,scene-0103_017,ty,0.02,ty_2cm,2,Car,12.75,near,109,100.0,2.1069
nuscenes_mini_subset,scene-0103_017,ty,0.02,ty_2cm,9,Car,22.16,mid,27,100.0,1.2298
nuscenes_mini_subset,scene-0103_017,ty,0.05,ty_5cm,2,Car,12.75,near,109,100.0,5.2671
nuscenes_mini_subset,scene-0103_017,ty,0.05,ty_5cm,9,Car,22.16,mid,27,100.0,3.0743
nuscenes_mini_subset,scene-0103_017,ty,0.1,ty_10cm,2,Car,12.75,near,109,100.0,10.5337
nuscenes_mini_subset,scene-0103_017,ty,0.1,ty_10cm,9,Car,22.16,mid,27,100.0,6.1485
nuscenes_mini_subset,scene-0103_017,tz,0.02,tz_2cm,2,Car,12.75,near,109,100.0,2.1108
nuscenes_mini_subset,scene-0103_017,tz,0.02,tz_2cm,9,Car,22.16,mid,27,100.0,1.2402
nuscenes_mini_subset,scene-0103_017,tz,0.05,tz_5cm,2,Car,12.75,near,109,100.0,5.2764
nuscenes_mini_subset,scene-0103_017,tz,0.05,tz_5cm,9,Car,22.16,mid,27,100.0,3.1002
nuscenes_mini_subset,scene-0103_017,tz,0.1,tz_10cm,2,Car,12.75,near,109,100.0,10.5503
nuscenes_mini_subset,scene-0103_017,tz,0.1,tz_10cm,9,Car,22.16,mid,27,100.0,6.1996
nuscenes_mini_subset,scene-0103_017,time,34.3,no_ego_motion,2,Car,12.75,near,109,100.0,1.6632
nuscenes_mini_subset,scene-0103_017,time,34.3,no_ego_motion,9,Car,22.16,mid,27,100.0,1.9167
nuscenes_mini_subset,scene-0103_018,baseline,0.0,baseline,2,Car,13.36,near,88,100.0,0.0
nuscenes_mini_subset,scene-0103_018,baseline,0.0,baseline,9,Car,21.2,mid,32,100.0,0.0
nuscenes_mini_subset,scene-0103_018,baseline,0.0,baseline,18,Car,17.41,mid,30,100.0,0.0
nuscenes_mini_subset,scene-0103_018,yaw,0.5,yaw_0.5deg,2,Car,13.36,near,88,100.0,11.7622
nuscenes_mini_subset,scene-0103_018,yaw,0.5,yaw_0.5deg,9,Car,21.2,mid,32,100.0,13.3054
nuscenes_mini_subset,scene-0103_018,yaw,0.5,yaw_0.5deg,18,Car,17.41,mid,30,100.0,12.4003
nuscenes_mini_subset,scene-0103_018,yaw,1.0,yaw_1deg,2,Car,13.36,near,88,100.0,23.5523
nuscenes_mini_subset,scene-0103_018,yaw,1.0,yaw_1deg,9,Car,21.2,mid,32,96.875,26.7121
nuscenes_mini_subset,scene-0103_018,yaw,1.0,yaw_1deg,18,Car,17.41,mid,30,96.6667,24.8668
nuscenes_mini_subset,scene-0103_018,yaw,2.0,yaw_2deg,2,Car,13.36,near,88,95.4545,47.2246
nuscenes_mini_subset,scene-0103_018,yaw,2.0,yaw_2deg,9,Car,21.2,mid,32,87.5,53.8424
nuscenes_mini_subset,scene-0103_018,yaw,2.0,yaw_2deg,18,Car,17.41,mid,30,80.0,50.0087
nuscenes_mini_subset,scene-0103_018,yaw,3.0,yaw_3deg,2,Car,13.36,near,88,88.6364,71.0336
nuscenes_mini_subset,scene-0103_018,yaw,3.0,yaw_3deg,9,Car,21.2,mid,32,75.0,81.4188
nuscenes_mini_subset,scene-0103_018,yaw,3.0,yaw_3deg,18,Car,17.41,mid,30,60.0,75.4469
nuscenes_mini_subset,scene-0103_018,pitch,0.5,pitch_0.5deg,2,Car,13.36,near,88,100.0,11.5942
nuscenes_mini_subset,scene-0103_018,pitch,0.5,pitch_0.5deg,9,Car,21.2,mid,32,100.0,11.3321
nuscenes_mini_subset,scene-0103_018,pitch,0.5,pitch_0.5deg,18,Car,17.41,mid,30,100.0,11.4406
nuscenes_mini_subset,scene-0103_018,pitch,1.0,pitch_1deg,2,Car,13.36,near,88,100.0,23.2075
nuscenes_mini_subset,scene-0103_018,pitch,1.0,pitch_1deg,9,Car,21.2,mid,32,100.0,22.6826
nuscenes_mini_subset,scene-0103_018,pitch,1.0,pitch_1deg,18,Car,17.41,mid,30,100.0,22.8983
nuscenes_mini_subset,scene-0103_018,pitch,2.0,pitch_2deg,2,Car,13.36,near,88,94.3182,46.4994
nuscenes_mini_subset,scene-0103_018,pitch,2.0,pitch_2deg,9,Car,21.2,mid,32,65.625,45.4467
nuscenes_mini_subset,scene-0103_018,pitch,2.0,pitch_2deg,18,Car,17.41,mid,30,53.3333,45.8725
nuscenes_mini_subset,scene-0103_018,pitch,3.0,pitch_3deg,2,Car,13.36,near,88,69.3182,69.8916
nuscenes_mini_subset,scene-0103_018,pitch,3.0,pitch_3deg,9,Car,21.2,mid,32,6.25,68.3086
nuscenes_mini_subset,scene-0103_018,pitch,3.0,pitch_3deg,18,Car,17.41,mid,30,53.3333,68.9384
nuscenes_mini_subset,scene-0103_018,roll,0.5,roll_0.5deg,2,Car,13.36,near,88,100.0,1.5955
nuscenes_mini_subset,scene-0103_018,roll,0.5,roll_0.5deg,9,Car,21.2,mid,32,100.0,4.715
nuscenes_mini_subset,scene-0103_018,roll,0.5,roll_0.5deg,18,Car,17.41,mid,30,100.0,3.3186
nuscenes_mini_subset,scene-0103_018,roll,1.0,roll_1deg,2,Car,13.36,near,88,100.0,3.1909
nuscenes_mini_subset,scene-0103_018,roll,1.0,roll_1deg,9,Car,21.2,mid,32,100.0,9.4289
nuscenes_mini_subset,scene-0103_018,roll,1.0,roll_1deg,18,Car,17.41,mid,30,100.0,6.6366
nuscenes_mini_subset,scene-0103_018,roll,2.0,roll_2deg,2,Car,13.36,near,88,100.0,6.3812
nuscenes_mini_subset,scene-0103_018,roll,2.0,roll_2deg,9,Car,21.2,mid,32,100.0,18.853
nuscenes_mini_subset,scene-0103_018,roll,2.0,roll_2deg,18,Car,17.41,mid,30,100.0,13.2707
nuscenes_mini_subset,scene-0103_018,roll,3.0,roll_3deg,2,Car,13.36,near,88,100.0,9.5705
nuscenes_mini_subset,scene-0103_018,roll,3.0,roll_3deg,9,Car,21.2,mid,32,96.875,28.2718
nuscenes_mini_subset,scene-0103_018,roll,3.0,roll_3deg,18,Car,17.41,mid,30,100.0,19.9019
nuscenes_mini_subset,scene-0103_018,tx,0.02,tx_2cm,2,Car,13.36,near,88,100.0,0.3011
nuscenes_mini_subset,scene-0103_018,tx,0.02,tx_2cm,9,Car,21.2,mid,32,100.0,0.5481
nuscenes_mini_subset,scene-0103_018,tx,0.02,tx_2cm,18,Car,17.41,mid,30,100.0,0.4879
nuscenes_mini_subset,scene-0103_018,tx,0.05,tx_5cm,2,Car,13.36,near,88,100.0,0.7508
nuscenes_mini_subset,scene-0103_018,tx,0.05,tx_5cm,9,Car,21.2,mid,32,100.0,1.3682
nuscenes_mini_subset,scene-0103_018,tx,0.05,tx_5cm,18,Car,17.41,mid,30,100.0,1.2173
nuscenes_mini_subset,scene-0103_018,tx,0.1,tx_10cm,2,Car,13.36,near,88,100.0,1.4954
nuscenes_mini_subset,scene-0103_018,tx,0.1,tx_10cm,9,Car,21.2,mid,32,100.0,2.7295
nuscenes_mini_subset,scene-0103_018,tx,0.1,tx_10cm,18,Car,17.41,mid,30,100.0,2.4269
nuscenes_mini_subset,scene-0103_018,ty,0.02,ty_2cm,2,Car,13.36,near,88,100.0,2.0542
nuscenes_mini_subset,scene-0103_018,ty,0.02,ty_2cm,9,Car,21.2,mid,32,100.0,1.2707
nuscenes_mini_subset,scene-0103_018,ty,0.02,ty_2cm,18,Car,17.41,mid,30,100.0,1.6098
nuscenes_mini_subset,scene-0103_018,ty,0.05,ty_5cm,2,Car,13.36,near,88,100.0,5.1353
nuscenes_mini_subset,scene-0103_018,ty,0.05,ty_5cm,9,Car,21.2,mid,32,100.0,3.1767
nuscenes_mini_subset,scene-0103_018,ty,0.05,ty_5cm,18,Car,17.41,mid,30,100.0,4.0243
nuscenes_mini_subset,scene-0103_018,ty,0.1,ty_10cm,2,Car,13.36,near,88,100.0,10.2701
nuscenes_mini_subset,scene-0103_018,ty,0.1,ty_10cm,9,Car,21.2,mid,32,100.0,6.3532
nuscenes_mini_subset,scene-0103_018,ty,0.1,ty_10cm,18,Car,17.41,mid,30,100.0,8.0484
nuscenes_mini_subset,scene-0103_018,tz,0.02,tz_2cm,2,Car,13.36,near,88,100.0,2.0602
nuscenes_mini_subset,scene-0103_018,tz,0.02,tz_2cm,9,Car,21.2,mid,32,100.0,1.2799
nuscenes_mini_subset,scene-0103_018,tz,0.02,tz_2cm,18,Car,17.41,mid,30,100.0,1.6177
nuscenes_mini_subset,scene-0103_018,tz,0.05,tz_5cm,2,Car,13.36,near,88,100.0,5.1498
nuscenes_mini_subset,scene-0103_018,tz,0.05,tz_5cm,9,Car,21.2,mid,32,100.0,3.1994
nuscenes_mini_subset,scene-0103_018,tz,0.05,tz_5cm,18,Car,17.41,mid,30,100.0,4.0437
nuscenes_mini_subset,scene-0103_018,tz,0.1,tz_10cm,2,Car,13.36,near,88,100.0,10.2974
nuscenes_mini_subset,scene-0103_018,tz,0.1,tz_10cm,9,Car,21.2,mid,32,100.0,6.3979
nuscenes_mini_subset,scene-0103_018,tz,0.1,tz_10cm,18,Car,17.41,mid,30,100.0,8.086
nuscenes_mini_subset,scene-0103_018,time,34.8,no_ego_motion,2,Car,13.36,near,88,100.0,1.1239
nuscenes_mini_subset,scene-0103_018,time,34.8,no_ego_motion,9,Car,21.2,mid,32,100.0,1.8035
nuscenes_mini_subset,scene-0103_018,time,34.8,no_ego_motion,18,Car,17.41,mid,30,100.0,1.6338
nuscenes_mini_subset,scene-0103_019,baseline,0.0,baseline,2,Car,15.34,mid,50,100.0,0.0
nuscenes_mini_subset,scene-0103_019,baseline,0.0,baseline,10,Car,20.3,mid,29,100.0,0.0
nuscenes_mini_subset,scene-0103_019,baseline,0.0,baseline,19,Car,15.88,mid,72,100.0,0.0
nuscenes_mini_subset,scene-0103_019,yaw,0.5,yaw_0.5deg,2,Car,15.34,mid,50,100.0,11.5057
nuscenes_mini_subset,scene-0103_019,yaw,0.5,yaw_0.5deg,10,Car,20.3,mid,29,100.0,13.4142
nuscenes_mini_subset,scene-0103_019,yaw,0.5,yaw_0.5deg,19,Car,15.88,mid,72,100.0,12.4981
nuscenes_mini_subset,scene-0103_019,yaw,1.0,yaw_1deg,2,Car,15.34,mid,50,100.0,23.005
nuscenes_mini_subset,scene-0103_019,yaw,1.0,yaw_1deg,10,Car,20.3,mid,29,96.5517,26.933
nuscenes_mini_subset,scene-0103_019,yaw,1.0,yaw_1deg,19,Car,15.88,mid,72,100.0,25.0652
nuscenes_mini_subset,scene-0103_019,yaw,2.0,yaw_2deg,2,Car,15.34,mid,50,100.0,46.0064
nuscenes_mini_subset,scene-0103_019,yaw,2.0,yaw_2deg,10,Car,20.3,mid,29,89.6552,54.2976
nuscenes_mini_subset,scene-0103_019,yaw,2.0,yaw_2deg,19,Car,15.88,mid,72,94.4444,50.4169
nuscenes_mini_subset,scene-0103_019,yaw,3.0,yaw_3deg,2,Car,15.34,mid,50,96.0,69.0876
nuscenes_mini_subset,scene-0103_019,yaw,3.0,yaw_3deg,10,Car,20.3,mid,29,89.6552,82.1222
nuscenes_mini_subset,scene-0103_019,yaw,3.0,yaw_3deg,19,Car,15.88,mid,72,88.8889,76.0766
nuscenes_mini_subset,scene-0103_019,pitch,0.5,pitch_0.5deg,2,Car,15.34,mid,50,100.0,11.4742
nuscenes_mini_subset,scene-0103_019,pitch,0.5,pitch_0.5deg,10,Car,20.3,mid,29,100.0,11.3399
nuscenes_mini_subset,scene-0103_019,pitch,0.5,pitch_0.5deg,19,Car,15.88,mid,72,100.0,11.483
nuscenes_mini_subset,scene-0103_019,pitch,1.0,pitch_1deg,2,Car,15.34,mid,50,84.0,22.9549
nuscenes_mini_subset,scene-0103_019,pitch,1.0,pitch_1deg,10,Car,20.3,mid,29,100.0,22.6982
nuscenes_mini_subset,scene-0103_019,pitch,1.0,pitch_1deg,19,Car,15.88,mid,72,100.0,22.9884
nuscenes_mini_subset,scene-0103_019,pitch,2.0,pitch_2deg,2,Car,15.34,mid,50,84.0,45.9426
nuscenes_mini_subset,scene-0103_019,pitch,2.0,pitch_2deg,10,Car,20.3,mid,29,55.1724,45.4781
nuscenes_mini_subset,scene-0103_019,pitch,2.0,pitch_2deg,19,Car,15.88,mid,72,83.3333,46.0741
nuscenes_mini_subset,scene-0103_019,pitch,3.0,pitch_3deg,2,Car,15.34,mid,50,62.0,69.0179
nuscenes_mini_subset,scene-0103_019,pitch,3.0,pitch_3deg,10,Car,20.3,mid,29,55.1724,68.3557
nuscenes_mini_subset,scene-0103_019,pitch,3.0,pitch_3deg,19,Car,15.88,mid,72,40.2778,69.273
nuscenes_mini_subset,scene-0103_019,roll,0.5,roll_0.5deg,2,Car,15.34,mid,50,100.0,0.6533
nuscenes_mini_subset,scene-0103_019,roll,0.5,roll_0.5deg,10,Car,20.3,mid,29,100.0,4.8334
nuscenes_mini_subset,scene-0103_019,roll,0.5,roll_0.5deg,19,Car,15.88,mid,72,100.0,3.4496
nuscenes_mini_subset,scene-0103_019,roll,1.0,roll_1deg,2,Car,15.34,mid,50,100.0,1.3066
nuscenes_mini_subset,scene-0103_019,roll,1.0,roll_1deg,10,Car,20.3,mid,29,100.0,9.6657
nuscenes_mini_subset,scene-0103_019,roll,1.0,roll_1deg,19,Car,15.88,mid,72,100.0,6.8986
nuscenes_mini_subset,scene-0103_019,roll,2.0,roll_2deg,2,Car,15.34,mid,50,100.0,2.6131
nuscenes_mini_subset,scene-0103_019,roll,2.0,roll_2deg,10,Car,20.3,mid,29,100.0,19.3265
nuscenes_mini_subset,scene-0103_019,roll,2.0,roll_2deg,19,Car,15.88,mid,72,100.0,13.7945
nuscenes_mini_subset,scene-0103_019,roll,3.0,roll_3deg,2,Car,15.34,mid,50,100.0,3.9193
nuscenes_mini_subset,scene-0103_019,roll,3.0,roll_3deg,10,Car,20.3,mid,29,89.6552,28.9817
nuscenes_mini_subset,scene-0103_019,roll,3.0,roll_3deg,19,Car,15.88,mid,72,100.0,20.6873
nuscenes_mini_subset,scene-0103_019,tx,0.02,tx_2cm,2,Car,15.34,mid,50,100.0,0.0982
nuscenes_mini_subset,scene-0103_019,tx,0.02,tx_2cm,10,Car,20.3,mid,29,100.0,0.5823
nuscenes_mini_subset,scene-0103_019,tx,0.02,tx_2cm,19,Car,15.88,mid,72,100.0,0.5472
nuscenes_mini_subset,scene-0103_019,tx,0.05,tx_5cm,2,Car,15.34,mid,50,100.0,0.245
nuscenes_mini_subset,scene-0103_019,tx,0.05,tx_5cm,10,Car,20.3,mid,29,100.0,1.4534
nuscenes_mini_subset,scene-0103_019,tx,0.05,tx_5cm,19,Car,15.88,mid,72,100.0,1.3651
nuscenes_mini_subset,scene-0103_019,tx,0.1,tx_10cm,2,Car,15.34,mid,50,100.0,0.4882
nuscenes_mini_subset,scene-0103_019,tx,0.1,tx_10cm,10,Car,20.3,mid,29,100.0,2.8991
nuscenes_mini_subset,scene-0103_019,tx,0.1,tx_10cm,19,Car,15.88,mid,72,100.0,2.7206
nuscenes_mini_subset,scene-0103_019,ty,0.02,ty_2cm,2,Car,15.34,mid,50,100.0,1.8389
nuscenes_mini_subset,scene-0103_019,ty,0.02,ty_2cm,10,Car,20.3,mid,29,100.0,1.3091
nuscenes_mini_subset,scene-0103_019,ty,0.02,ty_2cm,19,Car,15.88,mid,72,100.0,1.714
nuscenes_mini_subset,scene-0103_019,ty,0.05,ty_5cm,2,Car,15.34,mid,50,100.0,4.5972
nuscenes_mini_subset,scene-0103_019,ty,0.05,ty_5cm,10,Car,20.3,mid,29,100.0,3.2726
nuscenes_mini_subset,scene-0103_019,ty,0.05,ty_5cm,19,Car,15.88,mid,72,100.0,4.285
nuscenes_mini_subset,scene-0103_019,ty,0.1,ty_10cm,2,Car,15.34,mid,50,100.0,9.1941
nuscenes_mini_subset,scene-0103_019,ty,0.1,ty_10cm,10,Car,20.3,mid,29,100.0,6.5451
nuscenes_mini_subset,scene-0103_019,ty,0.1,ty_10cm,19,Car,15.88,mid,72,100.0,8.5696
nuscenes_mini_subset,scene-0103_019,tz,0.02,tz_2cm,2,Car,15.34,mid,50,100.0,1.8386
nuscenes_mini_subset,scene-0103_019,tz,0.02,tz_2cm,10,Car,20.3,mid,29,100.0,1.3183
nuscenes_mini_subset,scene-0103_019,tz,0.02,tz_2cm,19,Car,15.88,mid,72,100.0,1.723
nuscenes_mini_subset,scene-0103_019,tz,0.05,tz_5cm,2,Car,15.34,mid,50,100.0,4.596
nuscenes_mini_subset,scene-0103_019,tz,0.05,tz_5cm,10,Car,20.3,mid,29,100.0,3.2954
nuscenes_mini_subset,scene-0103_019,tz,0.05,tz_5cm,19,Car,15.88,mid,72,100.0,4.307
nuscenes_mini_subset,scene-0103_019,tz,0.1,tz_10cm,2,Car,15.34,mid,50,100.0,9.1901
nuscenes_mini_subset,scene-0103_019,tz,0.1,tz_10cm,10,Car,20.3,mid,29,100.0,6.5898
nuscenes_mini_subset,scene-0103_019,tz,0.1,tz_10cm,19,Car,15.88,mid,72,100.0,8.6124
nuscenes_mini_subset,scene-0103_019,time,35.2,no_ego_motion,2,Car,15.34,mid,50,100.0,0.6162
nuscenes_mini_subset,scene-0103_019,time,35.2,no_ego_motion,10,Car,20.3,mid,29,100.0,2.1154
nuscenes_mini_subset,scene-0103_019,time,35.2,no_ego_motion,19,Car,15.88,mid,72,100.0,2.0515
nuscenes_mini_subset,scene-0103_020,baseline,0.0,baseline,2,Car,17.37,mid,14,100.0,0.0
nuscenes_mini_subset,scene-0103_020,baseline,0.0,baseline,10,Car,36.74,far,10,100.0,0.0
nuscenes_mini_subset,scene-0103_020,baseline,0.0,baseline,12,Car,19.32,mid,20,100.0,0.0
nuscenes_mini_subset,scene-0103_020,baseline,0.0,baseline,21,Car,14.29,near,113,100.0,0.0
nuscenes_mini_subset,scene-0103_020,yaw,0.5,yaw_0.5deg,2,Car,17.37,mid,14,100.0,11.446
nuscenes_mini_subset,scene-0103_020,yaw,0.5,yaw_0.5deg,10,Car,36.74,far,10,90.0,11.4755
nuscenes_mini_subset,scene-0103_020,yaw,0.5,yaw_0.5deg,12,Car,19.32,mid,20,100.0,13.9672
nuscenes_mini_subset,scene-0103_020,yaw,0.5,yaw_0.5deg,21,Car,14.29,near,113,100.0,12.8182
nuscenes_mini_subset,scene-0103_020,yaw,1.0,yaw_1deg,2,Car,17.37,mid,14,100.0,22.8783
nuscenes_mini_subset,scene-0103_020,yaw,1.0,yaw_1deg,10,Car,36.74,far,10,70.0,22.9171
nuscenes_mini_subset,scene-0103_020,yaw,1.0,yaw_1deg,12,Car,19.32,mid,20,95.0,28.0567
nuscenes_mini_subset,scene-0103_020,yaw,1.0,yaw_1deg,21,Car,14.29,near,113,100.0,25.7181
nuscenes_mini_subset,scene-0103_020,yaw,2.0,yaw_2deg,2,Car,17.37,mid,14,85.7143,45.7133
nuscenes_mini_subset,scene-0103_020,yaw,2.0,yaw_2deg,10,Car,36.74,far,10,40.0,45.7068
nuscenes_mini_subset,scene-0103_020,yaw,2.0,yaw_2deg,12,Car,19.32,mid,20,80.0,56.6187
nuscenes_mini_subset,scene-0103_020,yaw,2.0,yaw_2deg,21,Car,14.29,near,113,96.4602,51.7751
nuscenes_mini_subset,scene-0103_020,yaw,3.0,yaw_3deg,2,Car,17.37,mid,14,85.7143,68.5519
nuscenes_mini_subset,scene-0103_020,yaw,3.0,yaw_3deg,10,Car,36.74,far,10,0.0,68.3841
nuscenes_mini_subset,scene-0103_020,yaw,3.0,yaw_3deg,12,Car,19.32,mid,20,65.0,85.7182
nuscenes_mini_subset,scene-0103_020,yaw,3.0,yaw_3deg,21,Car,14.29,near,113,91.1504,78.1863
nuscenes_mini_subset,scene-0103_020,pitch,0.5,pitch_0.5deg,2,Car,17.37,mid,14,100.0,11.4158
nuscenes_mini_subset,scene-0103_020,pitch,0.5,pitch_0.5deg,10,Car,36.74,far,10,20.0,11.1873
nuscenes_mini_subset,scene-0103_020,pitch,0.5,pitch_0.5deg,12,Car,19.32,mid,20,100.0,11.3805
nuscenes_mini_subset,scene-0103_020,pitch,0.5,pitch_0.5deg,21,Car,14.29,near,113,100.0,11.5632
nuscenes_mini_subset,scene-0103_020,pitch,1.0,pitch_1deg,2,Car,17.37,mid,14,100.0,22.8378
nuscenes_mini_subset,scene-0103_020,pitch,1.0,pitch_1deg,10,Car,36.74,far,10,20.0,22.3865
nuscenes_mini_subset,scene-0103_020,pitch,1.0,pitch_1deg,12,Car,19.32,mid,20,100.0,22.7834
nuscenes_mini_subset,scene-0103_020,pitch,1.0,pitch_1deg,21,Car,14.29,near,113,91.1504,23.1513
nuscenes_mini_subset,scene-0103_020,pitch,2.0,pitch_2deg,2,Car,17.37,mid,14,78.5714,45.7092
nuscenes_mini_subset,scene-0103_020,pitch,2.0,pitch_2deg,10,Car,36.74,far,10,0.0,44.8283
nuscenes_mini_subset,scene-0103_020,pitch,2.0,pitch_2deg,12,Car,19.32,mid,20,90.0,45.6645
nuscenes_mini_subset,scene-0103_020,pitch,2.0,pitch_2deg,21,Car,14.29,near,113,91.1504,46.4045
nuscenes_mini_subset,scene-0103_020,pitch,3.0,pitch_3deg,2,Car,17.37,mid,14,64.2857,68.6399
nuscenes_mini_subset,scene-0103_020,pitch,3.0,pitch_3deg,10,Car,36.74,far,10,0.0,67.3397
nuscenes_mini_subset,scene-0103_020,pitch,3.0,pitch_3deg,12,Car,19.32,mid,20,50.0,68.6601
nuscenes_mini_subset,scene-0103_020,pitch,3.0,pitch_3deg,21,Car,14.29,near,113,60.177,69.794
nuscenes_mini_subset,scene-0103_020,roll,0.5,roll_0.5deg,2,Car,17.37,mid,14,100.0,0.7179
nuscenes_mini_subset,scene-0103_020,roll,0.5,roll_0.5deg,10,Car,36.74,far,10,100.0,1.8194
nuscenes_mini_subset,scene-0103_020,roll,0.5,roll_0.5deg,12,Car,19.32,mid,20,100.0,5.411
nuscenes_mini_subset,scene-0103_020,roll,0.5,roll_0.5deg,21,Car,14.29,near,113,100.0,3.9074
nuscenes_mini_subset,scene-0103_020,roll,1.0,roll_1deg,2,Car,17.37,mid,14,100.0,1.4358
nuscenes_mini_subset,scene-0103_020,roll,1.0,roll_1deg,10,Car,36.74,far,10,100.0,3.639
nuscenes_mini_subset,scene-0103_020,roll,1.0,roll_1deg,12,Car,19.32,mid,20,100.0,10.8205
nuscenes_mini_subset,scene-0103_020,roll,1.0,roll_1deg,21,Car,14.29,near,113,100.0,7.8141
nuscenes_mini_subset,scene-0103_020,roll,2.0,roll_2deg,2,Car,17.37,mid,14,100.0,2.8716
nuscenes_mini_subset,scene-0103_020,roll,2.0,roll_2deg,10,Car,36.74,far,10,20.0,7.2782
nuscenes_mini_subset,scene-0103_020,roll,2.0,roll_2deg,12,Car,19.32,mid,20,85.0,21.6349
nuscenes_mini_subset,scene-0103_020,roll,2.0,roll_2deg,21,Car,14.29,near,113,100.0,15.6248
nuscenes_mini_subset,scene-0103_020,roll,3.0,roll_3deg,2,Car,17.37,mid,14,100.0,4.3072
nuscenes_mini_subset,scene-0103_020,roll,3.0,roll_3deg,10,Car,36.74,far,10,20.0,10.9175
nuscenes_mini_subset,scene-0103_020,roll,3.0,roll_3deg,12,Car,19.32,mid,20,85.0,32.4425
nuscenes_mini_subset,scene-0103_020,roll,3.0,roll_3deg,21,Car,14.29,near,113,91.1504,23.4316
nuscenes_mini_subset,scene-0103_020,tx,0.02,tx_2cm,2,Car,17.37,mid,14,100.0,0.1147
nuscenes_mini_subset,scene-0103_020,tx,0.02,tx_2cm,10,Car,36.74,far,10,100.0,0.1185
nuscenes_mini_subset,scene-0103_020,tx,0.02,tx_2cm,12,Car,19.32,mid,20,100.0,0.6922
nuscenes_mini_subset,scene-0103_020,tx,0.02,tx_2cm,21,Car,14.29,near,113,100.0,0.6541
nuscenes_mini_subset,scene-0103_020,tx,0.05,tx_5cm,2,Car,17.37,mid,14,100.0,0.2862
nuscenes_mini_subset,scene-0103_020,tx,0.05,tx_5cm,10,Car,36.74,far,10,100.0,0.2961
nuscenes_mini_subset,scene-0103_020,tx,0.05,tx_5cm,12,Car,19.32,mid,20,100.0,1.7275
nuscenes_mini_subset,scene-0103_020,tx,0.05,tx_5cm,21,Car,14.29,near,113,100.0,1.6317
nuscenes_mini_subset,scene-0103_020,tx,0.1,tx_10cm,2,Car,17.37,mid,14,100.0,0.5705
nuscenes_mini_subset,scene-0103_020,tx,0.1,tx_10cm,10,Car,36.74,far,10,100.0,0.5913
nuscenes_mini_subset,scene-0103_020,tx,0.1,tx_10cm,12,Car,19.32,mid,20,100.0,3.4454
nuscenes_mini_subset,scene-0103_020,tx,0.1,tx_10cm,21,Car,14.29,near,113,100.0,3.2518
nuscenes_mini_subset,scene-0103_020,ty,0.02,ty_2cm,2,Car,17.37,mid,14,100.0,1.6457
nuscenes_mini_subset,scene-0103_020,ty,0.02,ty_2cm,10,Car,36.74,far,10,100.0,0.7135
nuscenes_mini_subset,scene-0103_020,ty,0.02,ty_2cm,12,Car,19.32,mid,20,100.0,1.3926
nuscenes_mini_subset,scene-0103_020,ty,0.02,ty_2cm,21,Car,14.29,near,113,100.0,1.8446
nuscenes_mini_subset,scene-0103_020,ty,0.05,ty_5cm,2,Car,17.37,mid,14,100.0,4.1142
nuscenes_mini_subset,scene-0103_020,ty,0.05,ty_5cm,10,Car,36.74,far,10,100.0,1.7836
nuscenes_mini_subset,scene-0103_020,ty,0.05,ty_5cm,12,Car,19.32,mid,20,100.0,3.4815
nuscenes_mini_subset,scene-0103_020,ty,0.05,ty_5cm,21,Car,14.29,near,113,100.0,4.6115
nuscenes_mini_subset,scene-0103_020,ty,0.1,ty_10cm,2,Car,17.37,mid,14,100.0,8.2281
nuscenes_mini_subset,scene-0103_020,ty,0.1,ty_10cm,10,Car,36.74,far,10,100.0,3.5672
nuscenes_mini_subset,scene-0103_020,ty,0.1,ty_10cm,12,Car,19.32,mid,20,100.0,6.9628
nuscenes_mini_subset,scene-0103_020,ty,0.1,ty_10cm,21,Car,14.29,near,113,100.0,9.2226
nuscenes_mini_subset,scene-0103_020,tz,0.02,tz_2cm,2,Car,17.37,mid,14,100.0,1.6468
nuscenes_mini_subset,scene-0103_020,tz,0.02,tz_2cm,10,Car,36.74,far,10,100.0,0.7129
nuscenes_mini_subset,scene-0103_020,tz,0.02,tz_2cm,12,Car,19.32,mid,20,100.0,1.4046
nuscenes_mini_subset,scene-0103_020,tz,0.02,tz_2cm,21,Car,14.29,near,113,100.0,1.8593
nuscenes_mini_subset,scene-0103_020,tz,0.05,tz_5cm,2,Car,17.37,mid,14,100.0,4.1166
nuscenes_mini_subset,scene-0103_020,tz,0.05,tz_5cm,10,Car,36.74,far,10,100.0,1.7821
nuscenes_mini_subset,scene-0103_020,tz,0.05,tz_5cm,12,Car,19.32,mid,20,100.0,3.5112
nuscenes_mini_subset,scene-0103_020,tz,0.05,tz_5cm,21,Car,14.29,near,113,100.0,4.6478
nuscenes_mini_subset,scene-0103_020,tz,0.1,tz_10cm,2,Car,17.37,mid,14,100.0,8.2317
nuscenes_mini_subset,scene-0103_020,tz,0.1,tz_10cm,10,Car,36.74,far,10,100.0,3.5639
nuscenes_mini_subset,scene-0103_020,tz,0.1,tz_10cm,12,Car,19.32,mid,20,100.0,7.0213
nuscenes_mini_subset,scene-0103_020,tz,0.1,tz_10cm,21,Car,14.29,near,113,100.0,9.2937
nuscenes_mini_subset,scene-0103_020,time,35.6,no_ego_motion,2,Car,17.37,mid,14,100.0,0.6805
nuscenes_mini_subset,scene-0103_020,time,35.6,no_ego_motion,10,Car,36.74,far,10,100.0,0.8002
nuscenes_mini_subset,scene-0103_020,time,35.6,no_ego_motion,12,Car,19.32,mid,20,100.0,2.6902
nuscenes_mini_subset,scene-0103_020,time,35.6,no_ego_motion,21,Car,14.29,near,113,100.0,2.5932
nuscenes_mini_subset,scene-0103_021,baseline,0.0,baseline,2,Car,19.16,mid,18,100.0,0.0
nuscenes_mini_subset,scene-0103_021,baseline,0.0,baseline,10,Car,35.37,far,10,100.0,0.0
nuscenes_mini_subset,scene-0103_021,baseline,0.0,baseline,12,Car,18.08,mid,14,100.0,0.0
nuscenes_mini_subset,scene-0103_021,baseline,0.0,baseline,23,Car,12.64,near,142,100.0,0.0
nuscenes_mini_subset,scene-0103_021,yaw,0.5,yaw_0.5deg,2,Car,19.16,mid,18,100.0,11.4614
nuscenes_mini_subset,scene-0103_021,yaw,0.5,yaw_0.5deg,10,Car,35.37,far,10,90.0,11.5055
nuscenes_mini_subset,scene-0103_021,yaw,0.5,yaw_0.5deg,12,Car,18.08,mid,14,100.0,14.7815
nuscenes_mini_subset,scene-0103_021,yaw,0.5,yaw_0.5deg,23,Car,12.64,near,142,100.0,13.3425
nuscenes_mini_subset,scene-0103_021,yaw,1.0,yaw_1deg,2,Car,19.16,mid,18,94.4444,22.908
nuscenes_mini_subset,scene-0103_021,yaw,1.0,yaw_1deg,10,Car,35.37,far,10,70.0,22.9759
nuscenes_mini_subset,scene-0103_021,yaw,1.0,yaw_1deg,12,Car,18.08,mid,14,85.7143,29.711
nuscenes_mini_subset,scene-0103_021,yaw,1.0,yaw_1deg,23,Car,12.64,near,142,99.2958,26.783
nuscenes_mini_subset,scene-0103_021,yaw,2.0,yaw_2deg,2,Car,19.16,mid,18,83.3333,45.7618
nuscenes_mini_subset,scene-0103_021,yaw,2.0,yaw_2deg,10,Car,35.37,far,10,40.0,45.8188
nuscenes_mini_subset,scene-0103_021,yaw,2.0,yaw_2deg,12,Car,18.08,mid,14,64.2857,60.0324
nuscenes_mini_subset,scene-0103_021,yaw,2.0,yaw_2deg,23,Car,12.64,near,142,97.1831,53.9715
nuscenes_mini_subset,scene-0103_021,yaw,3.0,yaw_3deg,2,Car,19.16,mid,18,83.3333,68.576
nuscenes_mini_subset,scene-0103_021,yaw,3.0,yaw_3deg,10,Car,35.37,far,10,0.0,68.5441
nuscenes_mini_subset,scene-0103_021,yaw,3.0,yaw_3deg,12,Car,18.08,mid,14,50.0,83.0626
nuscenes_mini_subset,scene-0103_021,yaw,3.0,yaw_3deg,23,Car,12.64,near,142,94.3662,81.4459
nuscenes_mini_subset,scene-0103_021,pitch,0.5,pitch_0.5deg,2,Car,19.16,mid,18,83.3333,11.4634
nuscenes_mini_subset,scene-0103_021,pitch,0.5,pitch_0.5deg,10,Car,35.37,far,10,20.0,11.1935
nuscenes_mini_subset,scene-0103_021,pitch,0.5,pitch_0.5deg,12,Car,18.08,mid,14,100.0,11.3957
nuscenes_mini_subset,scene-0103_021,pitch,0.5,pitch_0.5deg,23,Car,12.64,near,142,100.0,11.6267
nuscenes_mini_subset,scene-0103_021,pitch,1.0,pitch_1deg,2,Car,19.16,mid,18,44.4444,22.9482
nuscenes_mini_subset,scene-0103_021,pitch,1.0,pitch_1deg,10,Car,35.37,far,10,20.0,22.3991
nuscenes_mini_subset,scene-0103_021,pitch,1.0,pitch_1deg,12,Car,18.08,mid,14,100.0,22.8147
nuscenes_mini_subset,scene-0103_021,pitch,1.0,pitch_1deg,23,Car,12.64,near,142,100.0,23.2801
nuscenes_mini_subset,scene-0103_021,pitch,2.0,pitch_2deg,2,Car,19.16,mid,18,22.2222,45.99
nuscenes_mini_subset,scene-0103_021,pitch,2.0,pitch_2deg,10,Car,35.37,far,10,0.0,44.8533
nuscenes_mini_subset,scene-0103_021,pitch,2.0,pitch_2deg,12,Car,18.08,mid,14,92.8571,45.7307
nuscenes_mini_subset,scene-0103_021,pitch,2.0,pitch_2deg,23,Car,12.64,near,142,100.0,46.674
nuscenes_mini_subset,scene-0103_021,pitch,3.0,pitch_3deg,2,Car,19.16,mid,18,22.2222,69.1409
nuscenes_mini_subset,scene-0103_021,pitch,3.0,pitch_3deg,10,Car,35.37,far,10,0.0,67.3771
nuscenes_mini_subset,scene-0103_021,pitch,3.0,pitch_3deg,12,Car,18.08,mid,14,50.0,68.7653
nuscenes_mini_subset,scene-0103_021,pitch,3.0,pitch_3deg,23,Car,12.64,near,142,82.3944,70.2011
nuscenes_mini_subset,scene-0103_021,roll,0.5,roll_0.5deg,2,Car,19.16,mid,18,100.0,0.9781
nuscenes_mini_subset,scene-0103_021,roll,0.5,roll_0.5deg,10,Car,35.37,far,10,100.0,1.8877
nuscenes_mini_subset,scene-0103_021,roll,0.5,roll_0.5deg,12,Car,18.08,mid,14,100.0,6.1691
nuscenes_mini_subset,scene-0103_021,roll,0.5,roll_0.5deg,23,Car,12.64,near,142,100.0,4.5388
nuscenes_mini_subset,scene-0103_021,roll,1.0,roll_1deg,2,Car,19.16,mid,18,100.0,1.9562
nuscenes_mini_subset,scene-0103_021,roll,1.0,roll_1deg,10,Car,35.37,far,10,100.0,3.7754
nuscenes_mini_subset,scene-0103_021,roll,1.0,roll_1deg,12,Car,18.08,mid,14,100.0,12.3365
nuscenes_mini_subset,scene-0103_021,roll,1.0,roll_1deg,23,Car,12.64,near,142,100.0,9.0766
nuscenes_mini_subset,scene-0103_021,roll,2.0,roll_2deg,2,Car,19.16,mid,18,100.0,3.9123
nuscenes_mini_subset,scene-0103_021,roll,2.0,roll_2deg,10,Car,35.37,far,10,100.0,7.5512
nuscenes_mini_subset,scene-0103_021,roll,2.0,roll_2deg,12,Car,18.08,mid,14,57.1429,24.6652
nuscenes_mini_subset,scene-0103_021,roll,2.0,roll_2deg,23,Car,12.64,near,142,92.9577,18.1487
nuscenes_mini_subset,scene-0103_021,roll,3.0,roll_3deg,2,Car,19.16,mid,18,100.0,5.8683
nuscenes_mini_subset,scene-0103_021,roll,3.0,roll_3deg,10,Car,35.37,far,10,20.0,11.3269
nuscenes_mini_subset,scene-0103_021,roll,3.0,roll_3deg,12,Car,18.08,mid,14,57.1429,36.9852
nuscenes_mini_subset,scene-0103_021,roll,3.0,roll_3deg,23,Car,12.64,near,142,92.2535,27.2158
nuscenes_mini_subset,scene-0103_021,tx,0.02,tx_2cm,2,Car,19.16,mid,18,100.0,0.1255
nuscenes_mini_subset,scene-0103_021,tx,0.02,tx_2cm,10,Car,35.37,far,10,100.0,0.128
nuscenes_mini_subset,scene-0103_021,tx,0.02,tx_2cm,12,Car,18.08,mid,14,100.0,0.8407
nuscenes_mini_subset,scene-0103_021,tx,0.02,tx_2cm,23,Car,12.64,near,142,100.0,0.8632
nuscenes_mini_subset,scene-0103_021,tx,0.05,tx_5cm,2,Car,19.16,mid,18,100.0,0.3133
nuscenes_mini_subset,scene-0103_021,tx,0.05,tx_5cm,10,Car,35.37,far,10,100.0,0.3196
nuscenes_mini_subset,scene-0103_021,tx,0.05,tx_5cm,12,Car,18.08,mid,14,100.0,2.0981
nuscenes_mini_subset,scene-0103_021,tx,0.05,tx_5cm,23,Car,12.64,near,142,100.0,2.1529
nuscenes_mini_subset,scene-0103_021,tx,0.1,tx_10cm,2,Car,19.16,mid,18,100.0,0.6247
nuscenes_mini_subset,scene-0103_021,tx,0.1,tx_10cm,10,Car,35.37,far,10,100.0,0.6382
nuscenes_mini_subset,scene-0103_021,tx,0.1,tx_10cm,12,Car,18.08,mid,14,100.0,4.1837
nuscenes_mini_subset,scene-0103_021,tx,0.1,tx_10cm,23,Car,12.64,near,142,100.0,4.2886
nuscenes_mini_subset,scene-0103_021,ty,0.02,ty_2cm,2,Car,19.16,mid,18,100.0,1.4919
nuscenes_mini_subset,scene-0103_021,ty,0.02,ty_2cm,10,Car,35.37,far,10,100.0,0.7423
nuscenes_mini_subset,scene-0103_021,ty,0.02,ty_2cm,12,Car,18.08,mid,14,100.0,1.4748
nuscenes_mini_subset,scene-0103_021,ty,0.02,ty_2cm,23,Car,12.64,near,142,100.0,2.1072
nuscenes_mini_subset,scene-0103_021,ty,0.05,ty_5cm,2,Car,19.16,mid,18,100.0,3.7297
nuscenes_mini_subset,scene-0103_021,ty,0.05,ty_5cm,10,Car,35.37,far,10,100.0,1.8558
nuscenes_mini_subset,scene-0103_021,ty,0.05,ty_5cm,12,Car,18.08,mid,14,100.0,3.687
nuscenes_mini_subset,scene-0103_021,ty,0.05,ty_5cm,23,Car,12.64,near,142,100.0,5.268
nuscenes_mini_subset,scene-0103_021,ty,0.1,ty_10cm,2,Car,19.16,mid,18,100.0,7.4592
nuscenes_mini_subset,scene-0103_021,ty,0.1,ty_10cm,10,Car,35.37,far,10,100.0,3.7116
nuscenes_mini_subset,scene-0103_021,ty,0.1,ty_10cm,12,Car,18.08,mid,14,100.0,7.3737
nuscenes_mini_subset,scene-0103_021,ty,0.1,ty_10cm,23,Car,12.64,near,142,100.0,10.5354
nuscenes_mini_subset,scene-0103_021,tz,0.02,tz_2cm,2,Car,19.16,mid,18,100.0,1.4952
nuscenes_mini_subset,scene-0103_021,tz,0.02,tz_2cm,10,Car,35.37,far,10,100.0,0.7417
nuscenes_mini_subset,scene-0103_021,tz,0.02,tz_2cm,12,Car,18.08,mid,14,100.0,1.4888
nuscenes_mini_subset,scene-0103_021,tz,0.02,tz_2cm,23,Car,12.64,near,142,100.0,2.1263
nuscenes_mini_subset,scene-0103_021,tz,0.05,tz_5cm,2,Car,19.16,mid,18,100.0,3.7376
nuscenes_mini_subset,scene-0103_021,tz,0.05,tz_5cm,10,Car,35.37,far,10,100.0,1.8542
nuscenes_mini_subset,scene-0103_021,tz,0.05,tz_5cm,12,Car,18.08,mid,14,100.0,3.7217
nuscenes_mini_subset,scene-0103_021,tz,0.05,tz_5cm,23,Car,12.64,near,142,100.0,5.3151
nuscenes_mini_subset,scene-0103_021,tz,0.1,tz_10cm,2,Car,19.16,mid,18,100.0,7.474
nuscenes_mini_subset,scene-0103_021,tz,0.1,tz_10cm,10,Car,35.37,far,10,100.0,3.708
nuscenes_mini_subset,scene-0103_021,tz,0.1,tz_10cm,12,Car,18.08,mid,14,100.0,7.4421
nuscenes_mini_subset,scene-0103_021,tz,0.1,tz_10cm,23,Car,12.64,near,142,100.0,10.6277
nuscenes_mini_subset,scene-0103_021,time,35.8,no_ego_motion,2,Car,19.16,mid,18,100.0,0.6373
nuscenes_mini_subset,scene-0103_021,time,35.8,no_ego_motion,10,Car,35.37,far,10,100.0,0.6454
nuscenes_mini_subset,scene-0103_021,time,35.8,no_ego_motion,12,Car,18.08,mid,14,100.0,3.9692
nuscenes_mini_subset,scene-0103_021,time,35.8,no_ego_motion,23,Car,12.64,near,142,100.0,4.1445
nuscenes_mini_subset,scene-0103_022,baseline,0.0,baseline,10,Car,33.99,far,10,100.0,0.0
nuscenes_mini_subset,scene-0103_022,baseline,0.0,baseline,13,bicycle_rack,35.1,far,12,100.0,0.0
nuscenes_mini_subset,scene-0103_022,baseline,0.0,baseline,22,Car,10.97,near,162,90.1235,0.0
nuscenes_mini_subset,scene-0103_022,yaw,0.5,yaw_0.5deg,10,Car,33.99,far,10,100.0,11.5386
nuscenes_mini_subset,scene-0103_022,yaw,0.5,yaw_0.5deg,13,bicycle_rack,35.1,far,12,100.0,11.617
nuscenes_mini_subset,scene-0103_022,yaw,0.5,yaw_0.5deg,22,Car,10.97,near,162,87.6543,14.1176
nuscenes_mini_subset,scene-0103_022,yaw,1.0,yaw_1deg,10,Car,33.99,far,10,70.0,23.0402
nuscenes_mini_subset,scene-0103_022,yaw,1.0,yaw_1deg,13,bicycle_rack,35.1,far,12,100.0,23.2776
nuscenes_mini_subset,scene-0103_022,yaw,1.0,yaw_1deg,22,Car,10.97,near,162,85.8025,28.2345
nuscenes_mini_subset,scene-0103_022,yaw,2.0,yaw_2deg,10,Car,33.99,far,10,40.0,45.9407
nuscenes_mini_subset,scene-0103_022,yaw,2.0,yaw_2deg,13,bicycle_rack,35.1,far,12,100.0,46.7386
nuscenes_mini_subset,scene-0103_022,yaw,2.0,yaw_2deg,22,Car,10.97,near,162,81.4815,56.586
nuscenes_mini_subset,scene-0103_022,yaw,3.0,yaw_3deg,10,Car,33.99,far,10,0.0,68.7168
nuscenes_mini_subset,scene-0103_022,yaw,3.0,yaw_3deg,13,bicycle_rack,35.1,far,12,75.0,70.3998
nuscenes_mini_subset,scene-0103_022,yaw,3.0,yaw_3deg,22,Car,10.97,near,162,77.1605,84.9729
nuscenes_mini_subset,scene-0103_022,pitch,0.5,pitch_0.5deg,10,Car,33.99,far,10,60.0,11.1958
nuscenes_mini_subset,scene-0103_022,pitch,0.5,pitch_0.5deg,13,bicycle_rack,35.1,far,12,83.3333,11.1309
nuscenes_mini_subset,scene-0103_022,pitch,0.5,pitch_0.5deg,22,Car,10.97,near,162,90.1235,11.7542
nuscenes_mini_subset,scene-0103_022,pitch,1.0,pitch_1deg,10,Car,33.99,far,10,20.0,22.4035
nuscenes_mini_subset,scene-0103_022,pitch,1.0,pitch_1deg,13,bicycle_rack,35.1,far,12,83.3333,22.2738
nuscenes_mini_subset,scene-0103_022,pitch,1.0,pitch_1deg,22,Car,10.97,near,162,89.5062,23.541
nuscenes_mini_subset,scene-0103_022,pitch,2.0,pitch_2deg,10,Car,33.99,far,10,0.0,44.8621
nuscenes_mini_subset,scene-0103_022,pitch,2.0,pitch_2deg,13,bicycle_rack,35.1,far,12,8.3333,44.6029
nuscenes_mini_subset,scene-0103_022,pitch,2.0,pitch_2deg,22,Car,10.97,near,162,89.5062,47.2191
nuscenes_mini_subset,scene-0103_022,pitch,3.0,pitch_3deg,10,Car,33.99,far,10,0.0,67.3903
nuscenes_mini_subset,scene-0103_022,pitch,3.0,pitch_3deg,13,bicycle_rack,35.1,far,12,0.0,67.0015
nuscenes_mini_subset,scene-0103_022,pitch,3.0,pitch_3deg,22,Car,10.97,near,162,77.7778,71.0608
nuscenes_mini_subset,scene-0103_022,roll,0.5,roll_0.5deg,10,Car,33.99,far,10,100.0,1.9721
nuscenes_mini_subset,scene-0103_022,roll,0.5,roll_0.5deg,13,bicycle_rack,35.1,far,12,100.0,2.3616
nuscenes_mini_subset,scene-0103_022,roll,0.5,roll_0.5deg,22,Car,10.97,near,162,90.1235,5.4046
nuscenes_mini_subset,scene-0103_022,roll,1.0,roll_1deg,10,Car,33.99,far,10,100.0,3.9442
nuscenes_mini_subset,scene-0103_022,roll,1.0,roll_1deg,13,bicycle_rack,35.1,far,12,100.0,4.7229
nuscenes_mini_subset,scene-0103_022,roll,1.0,roll_1deg,22,Car,10.97,near,162,89.5062,10.7975
nuscenes_mini_subset,scene-0103_022,roll,2.0,roll_2deg,10,Car,33.99,far,10,100.0,7.8888
nuscenes_mini_subset,scene-0103_022,roll,2.0,roll_2deg,13,bicycle_rack,35.1,far,12,100.0,9.4444
nuscenes_mini_subset,scene-0103_022,roll,2.0,roll_2deg,22,Car,10.97,near,162,89.5062,21.5889
nuscenes_mini_subset,scene-0103_022,roll,3.0,roll_3deg,10,Car,33.99,far,10,40.0,11.8334
nuscenes_mini_subset,scene-0103_022,roll,3.0,roll_3deg,13,bicycle_rack,35.1,far,12,91.6667,14.1643
nuscenes_mini_subset,scene-0103_022,roll,3.0,roll_3deg,22,Car,10.97,near,162,89.5062,32.3735
nuscenes_mini_subset,scene-0103_022,tx,0.02,tx_2cm,10,Car,33.99,far,10,100.0,0.1396
nuscenes_mini_subset,scene-0103_022,tx,0.02,tx_2cm,13,bicycle_rack,35.1,far,12,100.0,0.1515
nuscenes_mini_subset,scene-0103_022,tx,0.02,tx_2cm,22,Car,10.97,near,162,90.7407,1.1659
nuscenes_mini_subset,scene-0103_022,tx,0.05,tx_5cm,10,Car,33.99,far,10,100.0,0.3487
nuscenes_mini_subset,scene-0103_022,tx,0.05,tx_5cm,13,bicycle_rack,35.1,far,12,100.0,0.3786
nuscenes_mini_subset,scene-0103_022,tx,0.05,tx_5cm,22,Car,10.97,near,162,90.7407,2.9064
nuscenes_mini_subset,scene-0103_022,tx,0.1,tx_10cm,10,Car,33.99,far,10,100.0,0.6963
nuscenes_mini_subset,scene-0103_022,tx,0.1,tx_10cm,13,bicycle_rack,35.1,far,12,100.0,0.756
nuscenes_mini_subset,scene-0103_022,tx,0.1,tx_10cm,22,Car,10.97,near,162,91.9753,5.7848
nuscenes_mini_subset,scene-0103_022,ty,0.02,ty_2cm,10,Car,33.99,far,10,100.0,0.7752
nuscenes_mini_subset,scene-0103_022,ty,0.02,ty_2cm,13,bicycle_rack,35.1,far,12,100.0,0.702
nuscenes_mini_subset,scene-0103_022,ty,0.02,ty_2cm,22,Car,10.97,near,162,89.5062,2.4028
nuscenes_mini_subset,scene-0103_022,ty,0.05,ty_5cm,10,Car,33.99,far,10,100.0,1.9379
nuscenes_mini_subset,scene-0103_022,ty,0.05,ty_5cm,13,bicycle_rack,35.1,far,12,100.0,1.7549
nuscenes_mini_subset,scene-0103_022,ty,0.05,ty_5cm,22,Car,10.97,near,162,88.8889,6.0007
nuscenes_mini_subset,scene-0103_022,ty,0.1,ty_10cm,10,Car,33.99,far,10,100.0,3.8757
nuscenes_mini_subset,scene-0103_022,ty,0.1,ty_10cm,13,bicycle_rack,35.1,far,12,100.0,3.5097
nuscenes_mini_subset,scene-0103_022,ty,0.1,ty_10cm,22,Car,10.97,near,162,88.2716,11.9888
nuscenes_mini_subset,scene-0103_022,tz,0.02,tz_2cm,10,Car,33.99,far,10,100.0,0.7743
nuscenes_mini_subset,scene-0103_022,tz,0.02,tz_2cm,13,bicycle_rack,35.1,far,12,100.0,0.7043
nuscenes_mini_subset,scene-0103_022,tz,0.02,tz_2cm,22,Car,10.97,near,162,90.1235,2.4342
nuscenes_mini_subset,scene-0103_022,tz,0.05,tz_5cm,10,Car,33.99,far,10,100.0,1.9357
nuscenes_mini_subset,scene-0103_022,tz,0.05,tz_5cm,13,bicycle_rack,35.1,far,12,100.0,1.7608
nuscenes_mini_subset,scene-0103_022,tz,0.05,tz_5cm,22,Car,10.97,near,162,90.1235,6.0844
nuscenes_mini_subset,scene-0103_022,tz,0.1,tz_10cm,10,Car,33.99,far,10,100.0,3.871
nuscenes_mini_subset,scene-0103_022,tz,0.1,tz_10cm,13,bicycle_rack,35.1,far,12,100.0,3.5213
nuscenes_mini_subset,scene-0103_022,tz,0.1,tz_10cm,22,Car,10.97,near,162,90.1235,12.1657
nuscenes_mini_subset,scene-0103_022,time,37.8,no_ego_motion,10,Car,33.99,far,10,100.0,0.4147
nuscenes_mini_subset,scene-0103_022,time,37.8,no_ego_motion,13,bicycle_rack,35.1,far,12,100.0,1.3232
nuscenes_mini_subset,scene-0103_022,time,37.8,no_ego_motion,22,Car,10.97,near,162,88.8889,7.7003
nuscenes_mini_subset,scene-0103_023,baseline,0.0,baseline,2,Car,23.61,mid,10,100.0,0.0
nuscenes_mini_subset,scene-0103_023,baseline,0.0,baseline,10,Car,32.33,far,10,100.0,0.0
nuscenes_mini_subset,scene-0103_023,baseline,0.0,baseline,13,bicycle_rack,33.45,far,12,100.0,0.0
nuscenes_mini_subset,scene-0103_023,yaw,0.5,yaw_0.5deg,2,Car,23.61,mid,10,100.0,11.362
nuscenes_mini_subset,scene-0103_023,yaw,0.5,yaw_0.5deg,10,Car,32.33,far,10,100.0,11.5786
nuscenes_mini_subset,scene-0103_023,yaw,0.5,yaw_0.5deg,13,bicycle_rack,33.45,far,12,100.0,11.5954
nuscenes_mini_subset,scene-0103_023,yaw,1.0,yaw_1deg,2,Car,23.61,mid,10,90.0,22.7076
nuscenes_mini_subset,scene-0103_023,yaw,1.0,yaw_1deg,10,Car,32.33,far,10,70.0,23.1187
nuscenes_mini_subset,scene-0103_023,yaw,1.0,yaw_1deg,13,bicycle_rack,33.45,far,12,91.6667,23.2336
nuscenes_mini_subset,scene-0103_023,yaw,2.0,yaw_2deg,2,Car,23.61,mid,10,50.0,45.3572
nuscenes_mini_subset,scene-0103_023,yaw,2.0,yaw_2deg,10,Car,32.33,far,10,40.0,46.0911
nuscenes_mini_subset,scene-0103_023,yaw,2.0,yaw_2deg,13,bicycle_rack,33.45,far,12,91.6667,46.6471
nuscenes_mini_subset,scene-0103_023,yaw,3.0,yaw_3deg,2,Car,23.61,mid,10,50.0,67.9634
nuscenes_mini_subset,scene-0103_023,yaw,3.0,yaw_3deg,10,Car,32.33,far,10,10.0,68.9329
nuscenes_mini_subset,scene-0103_023,yaw,3.0,yaw_3deg,13,bicycle_rack,33.45,far,12,91.6667,70.2571
nuscenes_mini_subset,scene-0103_023,pitch,0.5,pitch_0.5deg,2,Car,23.61,mid,10,100.0,11.3143
nuscenes_mini_subset,scene-0103_023,pitch,0.5,pitch_0.5deg,10,Car,32.33,far,10,100.0,11.2058
nuscenes_mini_subset,scene-0103_023,pitch,0.5,pitch_0.5deg,13,bicycle_rack,33.45,far,12,100.0,11.1277
nuscenes_mini_subset,scene-0103_023,pitch,1.0,pitch_1deg,2,Car,23.61,mid,10,30.0,22.645
nuscenes_mini_subset,scene-0103_023,pitch,1.0,pitch_1deg,10,Car,32.33,far,10,10.0,22.4237
nuscenes_mini_subset,scene-0103_023,pitch,1.0,pitch_1deg,13,bicycle_rack,33.45,far,12,83.3333,22.2674
nuscenes_mini_subset,scene-0103_023,pitch,2.0,pitch_2deg,2,Car,23.61,mid,10,0.0,45.3631
nuscenes_mini_subset,scene-0103_023,pitch,2.0,pitch_2deg,10,Car,32.33,far,10,0.0,44.9025
nuscenes_mini_subset,scene-0103_023,pitch,2.0,pitch_2deg,13,bicycle_rack,33.45,far,12,8.3333,44.5899
nuscenes_mini_subset,scene-0103_023,pitch,3.0,pitch_3deg,2,Car,23.61,mid,10,0.0,68.1692
nuscenes_mini_subset,scene-0103_023,pitch,3.0,pitch_3deg,10,Car,32.33,far,10,0.0,67.4512
nuscenes_mini_subset,scene-0103_023,pitch,3.0,pitch_3deg,13,bicycle_rack,33.45,far,12,8.3333,66.9819
nuscenes_mini_subset,scene-0103_023,roll,0.5,roll_0.5deg,2,Car,23.61,mid,10,100.0,0.9112
nuscenes_mini_subset,scene-0103_023,roll,0.5,roll_0.5deg,10,Car,32.33,far,10,100.0,2.0584
nuscenes_mini_subset,scene-0103_023,roll,0.5,roll_0.5deg,13,bicycle_rack,33.45,far,12,100.0,2.3148
nuscenes_mini_subset,scene-0103_023,roll,1.0,roll_1deg,2,Car,23.61,mid,10,100.0,1.8224
nuscenes_mini_subset,scene-0103_023,roll,1.0,roll_1deg,10,Car,32.33,far,10,100.0,4.117
nuscenes_mini_subset,scene-0103_023,roll,1.0,roll_1deg,13,bicycle_rack,33.45,far,12,100.0,4.6293
nuscenes_mini_subset,scene-0103_023,roll,2.0,roll_2deg,2,Car,23.61,mid,10,100.0,3.6448
nuscenes_mini_subset,scene-0103_023,roll,2.0,roll_2deg,10,Car,32.33,far,10,100.0,8.2343
nuscenes_mini_subset,scene-0103_023,roll,2.0,roll_2deg,13,bicycle_rack,33.45,far,12,91.6667,9.2574
nuscenes_mini_subset,scene-0103_023,roll,3.0,roll_3deg,2,Car,23.61,mid,10,100.0,5.467
nuscenes_mini_subset,scene-0103_023,roll,3.0,roll_3deg,10,Car,32.33,far,10,100.0,12.3518
nuscenes_mini_subset,scene-0103_023,roll,3.0,roll_3deg,13,bicycle_rack,33.45,far,12,91.6667,13.8837
nuscenes_mini_subset,scene-0103_023,tx,0.02,tx_2cm,2,Car,23.61,mid,10,100.0,0.0958
nuscenes_mini_subset,scene-0103_023,tx,0.02,tx_2cm,10,Car,32.33,far,10,100.0,0.1534
nuscenes_mini_subset,scene-0103_023,tx,0.02,tx_2cm,13,bicycle_rack,33.45,far,12,100.0,0.1462
nuscenes_mini_subset,scene-0103_023,tx,0.05,tx_5cm,2,Car,23.61,mid,10,100.0,0.2391
nuscenes_mini_subset,scene-0103_023,tx,0.05,tx_5cm,10,Car,32.33,far,10,100.0,0.3832
nuscenes_mini_subset,scene-0103_023,tx,0.05,tx_5cm,13,bicycle_rack,33.45,far,12,100.0,0.3653
nuscenes_mini_subset,scene-0103_023,tx,0.1,tx_10cm,2,Car,23.61,mid,10,100.0,0.477
nuscenes_mini_subset,scene-0103_023,tx,0.1,tx_10cm,10,Car,32.33,far,10,100.0,0.7652
nuscenes_mini_subset,scene-0103_023,tx,0.1,tx_10cm,13,bicycle_rack,33.45,far,12,100.0,0.7296
nuscenes_mini_subset,scene-0103_023,ty,0.02,ty_2cm,2,Car,23.61,mid,10,100.0,1.1766
nuscenes_mini_subset,scene-0103_023,ty,0.02,ty_2cm,10,Car,32.33,far,10,100.0,0.8166
nuscenes_mini_subset,scene-0103_023,ty,0.02,ty_2cm,13,bicycle_rack,33.45,far,12,100.0,0.6907
nuscenes_mini_subset,scene-0103_023,ty,0.05,ty_5cm,2,Car,23.61,mid,10,100.0,2.9413
nuscenes_mini_subset,scene-0103_023,ty,0.05,ty_5cm,10,Car,32.33,far,10,100.0,2.0415
nuscenes_mini_subset,scene-0103_023,ty,0.05,ty_5cm,13,bicycle_rack,33.45,far,12,100.0,1.7268
nuscenes_mini_subset,scene-0103_023,ty,0.1,ty_10cm,2,Car,23.61,mid,10,100.0,5.8826
nuscenes_mini_subset,scene-0103_023,ty,0.1,ty_10cm,10,Car,32.33,far,10,100.0,4.083
nuscenes_mini_subset,scene-0103_023,ty,0.1,ty_10cm,13,bicycle_rack,33.45,far,12,100.0,3.4536
nuscenes_mini_subset,scene-0103_023,tz,0.02,tz_2cm,2,Car,23.61,mid,10,100.0,1.1769
nuscenes_mini_subset,scene-0103_023,tz,0.02,tz_2cm,10,Car,32.33,far,10,100.0,0.8158
nuscenes_mini_subset,scene-0103_023,tz,0.02,tz_2cm,13,bicycle_rack,33.45,far,12,100.0,0.693
nuscenes_mini_subset,scene-0103_023,tz,0.05,tz_5cm,2,Car,23.61,mid,10,100.0,2.9421
nuscenes_mini_subset,scene-0103_023,tz,0.05,tz_5cm,10,Car,32.33,far,10,100.0,2.0394
nuscenes_mini_subset,scene-0103_023,tz,0.05,tz_5cm,13,bicycle_rack,33.45,far,12,100.0,1.7324
nuscenes_mini_subset,scene-0103_023,tz,0.1,tz_10cm,2,Car,23.61,mid,10,100.0,5.8834
nuscenes_mini_subset,scene-0103_023,tz,0.1,tz_10cm,10,Car,32.33,far,10,100.0,4.0784
nuscenes_mini_subset,scene-0103_023,tz,0.1,tz_10cm,13,bicycle_rack,33.45,far,12,100.0,3.4645
nuscenes_mini_subset,scene-0103_023,time,36.1,no_ego_motion,2,Car,23.61,mid,10,100.0,0.8497
nuscenes_mini_subset,scene-0103_023,time,36.1,no_ego_motion,10,Car,32.33,far,10,100.0,1.1907
nuscenes_mini_subset,scene-0103_023,time,36.1,no_ego_motion,13,bicycle_rack,33.45,far,12,100.0,0.6584
nuscenes_mini_subset,scene-0103_024,baseline,0.0,baseline,10,Car,30.46,far,10,100.0,0.0
nuscenes_mini_subset,scene-0103_024,baseline,0.0,baseline,13,bicycle_rack,31.58,far,18,100.0,0.0
nuscenes_mini_subset,scene-0103_024,baseline,0.0,baseline,24,Car,19.84,mid,18,100.0,0.0
nuscenes_mini_subset,scene-0103_024,yaw,0.5,yaw_0.5deg,10,Car,30.46,far,10,100.0,11.6407
nuscenes_mini_subset,scene-0103_024,yaw,0.5,yaw_0.5deg,13,bicycle_rack,31.58,far,18,100.0,11.9228
nuscenes_mini_subset,scene-0103_024,yaw,0.5,yaw_0.5deg,24,Car,19.84,mid,18,100.0,13.567
nuscenes_mini_subset,scene-0103_024,yaw,1.0,yaw_1deg,10,Car,30.46,far,10,90.0,23.2401
nuscenes_mini_subset,scene-0103_024,yaw,1.0,yaw_1deg,13,bicycle_rack,31.58,far,18,100.0,23.9014
nuscenes_mini_subset,scene-0103_024,yaw,1.0,yaw_1deg,24,Car,19.84,mid,18,100.0,27.2441
nuscenes_mini_subset,scene-0103_024,yaw,2.0,yaw_2deg,10,Car,30.46,far,10,50.0,46.323
nuscenes_mini_subset,scene-0103_024,yaw,2.0,yaw_2deg,13,bicycle_rack,31.58,far,18,83.3333,48.0351
nuscenes_mini_subset,scene-0103_024,yaw,2.0,yaw_2deg,24,Car,19.84,mid,18,100.0,54.9432
nuscenes_mini_subset,scene-0103_024,yaw,3.0,yaw_3deg,10,Car,30.46,far,10,20.0,69.2646
nuscenes_mini_subset,scene-0103_024,yaw,3.0,yaw_3deg,13,bicycle_rack,31.58,far,18,72.2222,72.4198
nuscenes_mini_subset,scene-0103_024,yaw,3.0,yaw_3deg,24,Car,19.84,mid,18,83.3333,83.1268
nuscenes_mini_subset,scene-0103_024,pitch,0.5,pitch_0.5deg,10,Car,30.46,far,10,100.0,11.2143
nuscenes_mini_subset,scene-0103_024,pitch,0.5,pitch_0.5deg,13,bicycle_rack,31.58,far,18,100.0,11.1592
nuscenes_mini_subset,scene-0103_024,pitch,0.5,pitch_0.5deg,24,Car,19.84,mid,18,100.0,11.3636
nuscenes_mini_subset,scene-0103_024,pitch,1.0,pitch_1deg,10,Car,30.46,far,10,10.0,22.4406
nuscenes_mini_subset,scene-0103_024,pitch,1.0,pitch_1deg,13,bicycle_rack,31.58,far,18,100.0,22.3304
nuscenes_mini_subset,scene-0103_024,pitch,1.0,pitch_1deg,24,Car,19.84,mid,18,100.0,22.7513
nuscenes_mini_subset,scene-0103_024,pitch,2.0,pitch_2deg,10,Car,30.46,far,10,10.0,44.9363
nuscenes_mini_subset,scene-0103_024,pitch,2.0,pitch_2deg,13,bicycle_rack,31.58,far,18,55.5556,44.7163
nuscenes_mini_subset,scene-0103_024,pitch,2.0,pitch_2deg,24,Car,19.84,mid,18,27.7778,45.6068
nuscenes_mini_subset,scene-0103_024,pitch,3.0,pitch_3deg,10,Car,30.46,far,10,0.0,67.5019
nuscenes_mini_subset,scene-0103_024,pitch,3.0,pitch_3deg,13,bicycle_rack,31.58,far,18,11.1111,67.1722
nuscenes_mini_subset,scene-0103_024,pitch,3.0,pitch_3deg,24,Car,19.84,mid,18,27.7778,68.5827
nuscenes_mini_subset,scene-0103_024,roll,0.5,roll_0.5deg,10,Car,30.46,far,10,100.0,2.1942
nuscenes_mini_subset,scene-0103_024,roll,0.5,roll_0.5deg,13,bicycle_rack,31.58,far,18,100.0,2.9244
nuscenes_mini_subset,scene-0103_024,roll,0.5,roll_0.5deg,24,Car,19.84,mid,18,100.0,5.0288
nuscenes_mini_subset,scene-0103_024,roll,1.0,roll_1deg,10,Car,30.46,far,10,100.0,4.3886
nuscenes_mini_subset,scene-0103_024,roll,1.0,roll_1deg,13,bicycle_rack,31.58,far,18,88.8889,5.8484
nuscenes_mini_subset,scene-0103_024,roll,1.0,roll_1deg,24,Car,19.84,mid,18,100.0,10.0564
nuscenes_mini_subset,scene-0103_024,roll,2.0,roll_2deg,10,Car,30.46,far,10,100.0,8.7777
nuscenes_mini_subset,scene-0103_024,roll,2.0,roll_2deg,13,bicycle_rack,31.58,far,18,88.8889,11.6948
nuscenes_mini_subset,scene-0103_024,roll,2.0,roll_2deg,24,Car,19.84,mid,18,100.0,20.1076
nuscenes_mini_subset,scene-0103_024,roll,3.0,roll_3deg,10,Car,30.46,far,10,100.0,13.1668
nuscenes_mini_subset,scene-0103_024,roll,3.0,roll_3deg,13,bicycle_rack,31.58,far,18,88.8889,17.5388
nuscenes_mini_subset,scene-0103_024,roll,3.0,roll_3deg,24,Car,19.84,mid,18,100.0,30.1527
nuscenes_mini_subset,scene-0103_024,tx,0.02,tx_2cm,10,Car,30.46,far,10,100.0,0.1741
nuscenes_mini_subset,scene-0103_024,tx,0.02,tx_2cm,13,bicycle_rack,31.58,far,18,100.0,0.2315
nuscenes_mini_subset,scene-0103_024,tx,0.02,tx_2cm,24,Car,19.84,mid,18,100.0,0.6395
nuscenes_mini_subset,scene-0103_024,tx,0.05,tx_5cm,10,Car,30.46,far,10,100.0,0.4349
nuscenes_mini_subset,scene-0103_024,tx,0.05,tx_5cm,13,bicycle_rack,31.58,far,18,100.0,0.5781
nuscenes_mini_subset,scene-0103_024,tx,0.05,tx_5cm,24,Car,19.84,mid,18,100.0,1.5961
nuscenes_mini_subset,scene-0103_024,tx,0.1,tx_10cm,10,Car,30.46,far,10,100.0,0.8683
nuscenes_mini_subset,scene-0103_024,tx,0.1,tx_10cm,13,bicycle_rack,31.58,far,18,100.0,1.1542
nuscenes_mini_subset,scene-0103_024,tx,0.1,tx_10cm,24,Car,19.84,mid,18,100.0,3.1834
nuscenes_mini_subset,scene-0103_024,ty,0.02,ty_2cm,10,Car,30.46,far,10,100.0,0.8694
nuscenes_mini_subset,scene-0103_024,ty,0.02,ty_2cm,13,bicycle_rack,31.58,far,18,100.0,0.8649
nuscenes_mini_subset,scene-0103_024,ty,0.02,ty_2cm,24,Car,19.84,mid,18,100.0,1.3891
nuscenes_mini_subset,scene-0103_024,ty,0.05,ty_5cm,10,Car,30.46,far,10,100.0,2.1735
nuscenes_mini_subset,scene-0103_024,ty,0.05,ty_5cm,13,bicycle_rack,31.58,far,18,100.0,2.1623
nuscenes_mini_subset,scene-0103_024,ty,0.05,ty_5cm,24,Car,19.84,mid,18,100.0,3.4727
nuscenes_mini_subset,scene-0103_024,ty,0.1,ty_10cm,10,Car,30.46,far,10,100.0,4.3468
nuscenes_mini_subset,scene-0103_024,ty,0.1,ty_10cm,13,bicycle_rack,31.58,far,18,100.0,4.3246
nuscenes_mini_subset,scene-0103_024,ty,0.1,ty_10cm,24,Car,19.84,mid,18,100.0,6.9452
nuscenes_mini_subset,scene-0103_024,tz,0.02,tz_2cm,10,Car,30.46,far,10,100.0,0.8684
nuscenes_mini_subset,scene-0103_024,tz,0.02,tz_2cm,13,bicycle_rack,31.58,far,18,100.0,0.8683
nuscenes_mini_subset,scene-0103_024,tz,0.02,tz_2cm,24,Car,19.84,mid,18,100.0,1.3992
nuscenes_mini_subset,scene-0103_024,tz,0.05,tz_5cm,10,Car,30.46,far,10,100.0,2.1708
nuscenes_mini_subset,scene-0103_024,tz,0.05,tz_5cm,13,bicycle_rack,31.58,far,18,100.0,2.1706
nuscenes_mini_subset,scene-0103_024,tz,0.05,tz_5cm,24,Car,19.84,mid,18,100.0,3.4976
nuscenes_mini_subset,scene-0103_024,tz,0.1,tz_10cm,10,Car,30.46,far,10,100.0,4.3411
nuscenes_mini_subset,scene-0103_024,tz,0.1,tz_10cm,13,bicycle_rack,31.58,far,18,100.0,4.3407
nuscenes_mini_subset,scene-0103_024,tz,0.1,tz_10cm,24,Car,19.84,mid,18,100.0,6.9941
nuscenes_mini_subset,scene-0103_024,time,36.0,no_ego_motion,10,Car,30.46,far,10,100.0,1.3426
nuscenes_mini_subset,scene-0103_024,time,36.0,no_ego_motion,13,bicycle_rack,31.58,far,18,100.0,1.8172
nuscenes_mini_subset,scene-0103_024,time,36.0,no_ego_motion,24,Car,19.84,mid,18,100.0,4.7593
nuscenes_mini_subset,scene-0103_025,baseline,0.0,baseline,10,Car,28.38,mid,15,100.0,0.0
nuscenes_mini_subset,scene-0103_025,baseline,0.0,baseline,13,bicycle_rack,29.49,mid,12,100.0,0.0
nuscenes_mini_subset,scene-0103_025,baseline,0.0,baseline,20,Truck,44.81,far,10,100.0,0.0
nuscenes_mini_subset,scene-0103_025,baseline,0.0,baseline,25,Car,17.73,mid,30,100.0,0.0
nuscenes_mini_subset,scene-0103_025,yaw,0.5,yaw_0.5deg,10,Car,28.38,mid,15,100.0,11.7107
nuscenes_mini_subset,scene-0103_025,yaw,0.5,yaw_0.5deg,13,bicycle_rack,29.49,mid,12,100.0,11.9086
nuscenes_mini_subset,scene-0103_025,yaw,0.5,yaw_0.5deg,20,Truck,44.81,far,10,100.0,11.3182
nuscenes_mini_subset,scene-0103_025,yaw,0.5,yaw_0.5deg,25,Car,17.73,mid,30,100.0,14.4092
nuscenes_mini_subset,scene-0103_025,yaw,1.0,yaw_1deg,10,Car,28.38,mid,15,86.6667,23.3771
nuscenes_mini_subset,scene-0103_025,yaw,1.0,yaw_1deg,13,bicycle_rack,29.49,mid,12,100.0,23.8728
nuscenes_mini_subset,scene-0103_025,yaw,1.0,yaw_1deg,20,Truck,44.81,far,10,100.0,22.6664
nuscenes_mini_subset,scene-0103_025,yaw,1.0,yaw_1deg,25,Car,17.73,mid,30,96.6667,28.955
nuscenes_mini_subset,scene-0103_025,yaw,2.0,yaw_2deg,10,Car,28.38,mid,15,53.3333,46.5854
nuscenes_mini_subset,scene-0103_025,yaw,2.0,yaw_2deg,13,bicycle_rack,29.49,mid,12,100.0,47.9771
nuscenes_mini_subset,scene-0103_025,yaw,2.0,yaw_2deg,20,Truck,44.81,far,10,100.0,45.4621
nuscenes_mini_subset,scene-0103_025,yaw,2.0,yaw_2deg,25,Car,17.73,mid,30,80.0,58.4739
nuscenes_mini_subset,scene-0103_025,yaw,3.0,yaw_3deg,10,Car,28.38,mid,15,26.6667,69.641
nuscenes_mini_subset,scene-0103_025,yaw,3.0,yaw_3deg,13,bicycle_rack,29.49,mid,12,75.0,72.3317
nuscenes_mini_subset,scene-0103_025,yaw,3.0,yaw_3deg,20,Truck,44.81,far,10,80.0,68.4034
nuscenes_mini_subset,scene-0103_025,yaw,3.0,yaw_3deg,25,Car,17.73,mid,30,70.0,88.1038
nuscenes_mini_subset,scene-0103_025,pitch,0.5,pitch_0.5deg,10,Car,28.38,mid,15,100.0,11.2231
nuscenes_mini_subset,scene-0103_025,pitch,0.5,pitch_0.5deg,13,bicycle_rack,29.49,mid,12,91.6667,11.1667
nuscenes_mini_subset,scene-0103_025,pitch,0.5,pitch_0.5deg,20,Truck,44.81,far,10,100.0,11.0625
nuscenes_mini_subset,scene-0103_025,pitch,0.5,pitch_0.5deg,25,Car,17.73,mid,30,100.0,11.4069
nuscenes_mini_subset,scene-0103_025,pitch,1.0,pitch_1deg,10,Car,28.38,mid,15,100.0,22.4581
nuscenes_mini_subset,scene-0103_025,pitch,1.0,pitch_1deg,13,bicycle_rack,29.49,mid,12,91.6667,22.3478
nuscenes_mini_subset,scene-0103_025,pitch,1.0,pitch_1deg,20,Truck,44.81,far,10,80.0,22.1322
nuscenes_mini_subset,scene-0103_025,pitch,1.0,pitch_1deg,25,Car,17.73,mid,30,60.0,22.8397
nuscenes_mini_subset,scene-0103_025,pitch,2.0,pitch_2deg,10,Car,28.38,mid,15,26.6667,44.9712
nuscenes_mini_subset,scene-0103_025,pitch,2.0,pitch_2deg,13,bicycle_rack,29.49,mid,12,50.0,44.761
nuscenes_mini_subset,scene-0103_025,pitch,2.0,pitch_2deg,20,Truck,44.81,far,10,40.0,44.3001
nuscenes_mini_subset,scene-0103_025,pitch,2.0,pitch_2deg,25,Car,17.73,mid,30,60.0,45.7914
nuscenes_mini_subset,scene-0103_025,pitch,3.0,pitch_3deg,10,Car,28.38,mid,15,0.0,67.5541
nuscenes_mini_subset,scene-0103_025,pitch,3.0,pitch_3deg,13,bicycle_rack,29.49,mid,12,50.0,67.2542
nuscenes_mini_subset,scene-0103_025,pitch,3.0,pitch_3deg,20,Truck,44.81,far,10,40.0,66.5179
nuscenes_mini_subset,scene-0103_025,pitch,3.0,pitch_3deg,25,Car,17.73,mid,30,10.0,68.8726
nuscenes_mini_subset,scene-0103_025,roll,0.5,roll_0.5deg,10,Car,28.38,mid,15,100.0,2.3359
nuscenes_mini_subset,scene-0103_025,roll,0.5,roll_0.5deg,13,bicycle_rack,29.49,mid,12,100.0,2.9217
nuscenes_mini_subset,scene-0103_025,roll,0.5,roll_0.5deg,20,Truck,44.81,far,10,100.0,1.7511
nuscenes_mini_subset,scene-0103_025,roll,0.5,roll_0.5deg,25,Car,17.73,mid,30,100.0,5.8576
nuscenes_mini_subset,scene-0103_025,roll,1.0,roll_1deg,10,Car,28.38,mid,15,100.0,4.6719
nuscenes_mini_subset,scene-0103_025,roll,1.0,roll_1deg,13,bicycle_rack,29.49,mid,12,100.0,5.8431
nuscenes_mini_subset,scene-0103_025,roll,1.0,roll_1deg,20,Truck,44.81,far,10,100.0,3.5021
nuscenes_mini_subset,scene-0103_025,roll,1.0,roll_1deg,25,Car,17.73,mid,30,100.0,11.7136
nuscenes_mini_subset,scene-0103_025,roll,2.0,roll_2deg,10,Car,28.38,mid,15,100.0,9.3444
nuscenes_mini_subset,scene-0103_025,roll,2.0,roll_2deg,13,bicycle_rack,29.49,mid,12,100.0,11.6841
nuscenes_mini_subset,scene-0103_025,roll,2.0,roll_2deg,20,Truck,44.81,far,10,100.0,7.0034
nuscenes_mini_subset,scene-0103_025,roll,2.0,roll_2deg,25,Car,17.73,mid,30,100.0,23.4201
nuscenes_mini_subset,scene-0103_025,roll,3.0,roll_3deg,10,Car,28.38,mid,15,100.0,14.017
nuscenes_mini_subset,scene-0103_025,roll,3.0,roll_3deg,13,bicycle_rack,29.49,mid,12,100.0,17.5228
nuscenes_mini_subset,scene-0103_025,roll,3.0,roll_3deg,20,Truck,44.81,far,10,100.0,10.5036
nuscenes_mini_subset,scene-0103_025,roll,3.0,roll_3deg,25,Car,17.73,mid,30,100.0,35.1188
nuscenes_mini_subset,scene-0103_025,tx,0.02,tx_2cm,10,Car,28.38,mid,15,100.0,0.1996
nuscenes_mini_subset,scene-0103_025,tx,0.02,tx_2cm,13,bicycle_rack,29.49,mid,12,100.0,0.227
nuscenes_mini_subset,scene-0103_025,tx,0.02,tx_2cm,20,Truck,44.81,far,10,100.0,0.089
nuscenes_mini_subset,scene-0103_025,tx,0.02,tx_2cm,25,Car,17.73,mid,30,100.0,0.8382
nuscenes_mini_subset,scene-0103_025,tx,0.05,tx_5cm,10,Car,28.38,mid,15,100.0,0.4984
nuscenes_mini_subset,scene-0103_025,tx,0.05,tx_5cm,13,bicycle_rack,29.49,mid,12,100.0,0.5669
nuscenes_mini_subset,scene-0103_025,tx,0.05,tx_5cm,20,Truck,44.81,far,10,100.0,0.2224
nuscenes_mini_subset,scene-0103_025,tx,0.05,tx_5cm,25,Car,17.73,mid,30,100.0,2.0915
nuscenes_mini_subset,scene-0103_025,tx,0.1,tx_10cm,10,Car,28.38,mid,15,100.0,0.995
nuscenes_mini_subset,scene-0103_025,tx,0.1,tx_10cm,13,bicycle_rack,29.49,mid,12,100.0,1.1318
nuscenes_mini_subset,scene-0103_025,tx,0.1,tx_10cm,20,Truck,44.81,far,10,100.0,0.4443
nuscenes_mini_subset,scene-0103_025,tx,0.1,tx_10cm,25,Car,17.73,mid,30,100.0,4.1698
nuscenes_mini_subset,scene-0103_025,ty,0.02,ty_2cm,10,Car,28.38,mid,15,100.0,0.934
nuscenes_mini_subset,scene-0103_025,ty,0.02,ty_2cm,13,bicycle_rack,29.49,mid,12,100.0,0.851
nuscenes_mini_subset,scene-0103_025,ty,0.02,ty_2cm,20,Truck,44.81,far,10,100.0,0.5417
nuscenes_mini_subset,scene-0103_025,ty,0.02,ty_2cm,25,Car,17.73,mid,30,100.0,1.5773
nuscenes_mini_subset,scene-0103_025,ty,0.05,ty_5cm,10,Car,28.38,mid,15,100.0,2.3349
nuscenes_mini_subset,scene-0103_025,ty,0.05,ty_5cm,13,bicycle_rack,29.49,mid,12,100.0,2.1276
nuscenes_mini_subset,scene-0103_025,ty,0.05,ty_5cm,20,Truck,44.81,far,10,100.0,1.3542
nuscenes_mini_subset,scene-0103_025,ty,0.05,ty_5cm,25,Car,17.73,mid,30,100.0,3.9431
nuscenes_mini_subset,scene-0103_025,ty,0.1,ty_10cm,10,Car,28.38,mid,15,100.0,4.6696
nuscenes_mini_subset,scene-0103_025,ty,0.1,ty_10cm,13,bicycle_rack,29.49,mid,12,100.0,4.255
nuscenes_mini_subset,scene-0103_025,ty,0.1,ty_10cm,20,Truck,44.81,far,10,100.0,2.7083
nuscenes_mini_subset,scene-0103_025,ty,0.1,ty_10cm,25,Car,17.73,mid,30,100.0,7.8858
nuscenes_mini_subset,scene-0103_025,tz,0.02,tz_2cm,10,Car,28.38,mid,15,100.0,0.9328
nuscenes_mini_subset,scene-0103_025,tz,0.02,tz_2cm,13,bicycle_rack,29.49,mid,12,100.0,0.8549
nuscenes_mini_subset,scene-0103_025,tz,0.02,tz_2cm,20,Truck,44.81,far,10,100.0,0.5418
nuscenes_mini_subset,scene-0103_025,tz,0.02,tz_2cm,25,Car,17.73,mid,30,100.0,1.5945
nuscenes_mini_subset,scene-0103_025,tz,0.05,tz_5cm,10,Car,28.38,mid,15,100.0,2.3318
nuscenes_mini_subset,scene-0103_025,tz,0.05,tz_5cm,13,bicycle_rack,29.49,mid,12,100.0,2.137
nuscenes_mini_subset,scene-0103_025,tz,0.05,tz_5cm,20,Truck,44.81,far,10,100.0,1.3543
nuscenes_mini_subset,scene-0103_025,tz,0.05,tz_5cm,25,Car,17.73,mid,30,100.0,3.9859
nuscenes_mini_subset,scene-0103_025,tz,0.1,tz_10cm,10,Car,28.38,mid,15,100.0,4.6631
nuscenes_mini_subset,scene-0103_025,tz,0.1,tz_10cm,13,bicycle_rack,29.49,mid,12,100.0,4.2737
nuscenes_mini_subset,scene-0103_025,tz,0.1,tz_10cm,20,Truck,44.81,far,10,100.0,2.7085
nuscenes_mini_subset,scene-0103_025,tz,0.1,tz_10cm,25,Car,17.73,mid,30,100.0,7.9705
nuscenes_mini_subset,scene-0103_025,time,35.3,no_ego_motion,10,Car,28.38,mid,15,100.0,1.5556
nuscenes_mini_subset,scene-0103_025,time,35.3,no_ego_motion,13,bicycle_rack,29.49,mid,12,100.0,2.1714
nuscenes_mini_subset,scene-0103_025,time,35.3,no_ego_motion,20,Truck,44.81,far,10,100.0,0.9593
nuscenes_mini_subset,scene-0103_025,time,35.3,no_ego_motion,25,Car,17.73,mid,30,100.0,7.3079
nuscenes_mini_subset,scene-0103_026,baseline,0.0,baseline,9,Car,26.03,mid,10,100.0,0.0
nuscenes_mini_subset,scene-0103_026,baseline,0.0,baseline,11,bicycle_rack,27.12,mid,27,100.0,0.0
nuscenes_mini_subset,scene-0103_026,baseline,0.0,baseline,18,Truck,42.38,far,15,100.0,0.0
nuscenes_mini_subset,scene-0103_026,baseline,0.0,baseline,22,Car,15.38,mid,34,85.2941,0.0
nuscenes_mini_subset,scene-0103_026,yaw,0.5,yaw_0.5deg,9,Car,26.03,mid,10,100.0,11.7861
nuscenes_mini_subset,scene-0103_026,yaw,0.5,yaw_0.5deg,11,bicycle_rack,27.12,mid,27,100.0,12.523
nuscenes_mini_subset,scene-0103_026,yaw,0.5,yaw_0.5deg,18,Truck,42.38,far,15,100.0,11.4118
nuscenes_mini_subset,scene-0103_026,yaw,0.5,yaw_0.5deg,22,Car,15.38,mid,34,79.4118,15.2626
nuscenes_mini_subset,scene-0103_026,yaw,1.0,yaw_1deg,9,Car,26.03,mid,10,90.0,23.5248
nuscenes_mini_subset,scene-0103_026,yaw,1.0,yaw_1deg,11,bicycle_rack,27.12,mid,27,96.2963,25.1233
nuscenes_mini_subset,scene-0103_026,yaw,1.0,yaw_1deg,18,Truck,42.38,far,15,100.0,22.8582
nuscenes_mini_subset,scene-0103_026,yaw,1.0,yaw_1deg,22,Car,15.38,mid,34,76.4706,30.609
nuscenes_mini_subset,scene-0103_026,yaw,2.0,yaw_2deg,9,Car,26.03,mid,10,70.0,46.8685
nuscenes_mini_subset,scene-0103_026,yaw,2.0,yaw_2deg,11,bicycle_rack,27.12,mid,27,85.1852,50.5665
nuscenes_mini_subset,scene-0103_026,yaw,2.0,yaw_2deg,18,Truck,42.38,far,15,93.3333,45.8628
nuscenes_mini_subset,scene-0103_026,yaw,2.0,yaw_2deg,22,Car,15.38,mid,34,58.8235,60.8644
nuscenes_mini_subset,scene-0103_026,yaw,3.0,yaw_3deg,9,Car,26.03,mid,10,40.0,70.0476
nuscenes_mini_subset,scene-0103_026,yaw,3.0,yaw_3deg,11,bicycle_rack,27.12,mid,27,77.7778,76.3522
nuscenes_mini_subset,scene-0103_026,yaw,3.0,yaw_3deg,18,Truck,42.38,far,15,60.0,69.0298
nuscenes_mini_subset,scene-0103_026,yaw,3.0,yaw_3deg,22,Car,15.38,mid,34,44.1176,90.5701
nuscenes_mini_subset,scene-0103_026,pitch,0.5,pitch_0.5deg,9,Car,26.03,mid,10,100.0,11.2442
nuscenes_mini_subset,scene-0103_026,pitch,0.5,pitch_0.5deg,11,bicycle_rack,27.12,mid,27,100.0,11.2304
nuscenes_mini_subset,scene-0103_026,pitch,0.5,pitch_0.5deg,18,Truck,42.38,far,15,100.0,11.0727
nuscenes_mini_subset,scene-0103_026,pitch,0.5,pitch_0.5deg,22,Car,15.38,mid,34,85.2941,11.5487
nuscenes_mini_subset,scene-0103_026,pitch,1.0,pitch_1deg,9,Car,26.03,mid,10,100.0,22.5002
nuscenes_mini_subset,scene-0103_026,pitch,1.0,pitch_1deg,11,bicycle_rack,27.12,mid,27,100.0,22.4782
nuscenes_mini_subset,scene-0103_026,pitch,1.0,pitch_1deg,18,Truck,42.38,far,15,100.0,22.1526
nuscenes_mini_subset,scene-0103_026,pitch,1.0,pitch_1deg,22,Car,15.38,mid,34,64.7059,23.122
nuscenes_mini_subset,scene-0103_026,pitch,2.0,pitch_2deg,9,Car,26.03,mid,10,20.0,45.0556
nuscenes_mini_subset,scene-0103_026,pitch,2.0,pitch_2deg,11,bicycle_rack,27.12,mid,27,55.5556,45.0335
nuscenes_mini_subset,scene-0103_026,pitch,2.0,pitch_2deg,18,Truck,42.38,far,15,60.0,44.3407
nuscenes_mini_subset,scene-0103_026,pitch,2.0,pitch_2deg,22,Car,15.38,mid,34,64.7059,46.3859
nuscenes_mini_subset,scene-0103_026,pitch,3.0,pitch_3deg,9,Car,26.03,mid,10,0.0,67.6808
nuscenes_mini_subset,scene-0103_026,pitch,3.0,pitch_3deg,11,bicycle_rack,27.12,mid,27,7.4074,67.6813
nuscenes_mini_subset,scene-0103_026,pitch,3.0,pitch_3deg,18,Truck,42.38,far,15,13.3333,66.5786
nuscenes_mini_subset,scene-0103_026,pitch,3.0,pitch_3deg,22,Car,15.38,mid,34,17.6471,69.8099
nuscenes_mini_subset,scene-0103_026,roll,0.5,roll_0.5deg,9,Car,26.03,mid,10,100.0,2.4962
nuscenes_mini_subset,scene-0103_026,roll,0.5,roll_0.5deg,11,bicycle_rack,27.12,mid,27,100.0,3.8429
nuscenes_mini_subset,scene-0103_026,roll,0.5,roll_0.5deg,18,Truck,42.38,far,15,100.0,1.982
nuscenes_mini_subset,scene-0103_026,roll,0.5,roll_0.5deg,22,Car,15.38,mid,34,85.2941,6.6421
nuscenes_mini_subset,scene-0103_026,roll,1.0,roll_1deg,9,Car,26.03,mid,10,100.0,4.9926
nuscenes_mini_subset,scene-0103_026,roll,1.0,roll_1deg,11,bicycle_rack,27.12,mid,27,100.0,7.6851
nuscenes_mini_subset,scene-0103_026,roll,1.0,roll_1deg,18,Truck,42.38,far,15,100.0,3.9638
nuscenes_mini_subset,scene-0103_026,roll,1.0,roll_1deg,22,Car,15.38,mid,34,85.2941,13.2821
nuscenes_mini_subset,scene-0103_026,roll,2.0,roll_2deg,9,Car,26.03,mid,10,100.0,9.9859
nuscenes_mini_subset,scene-0103_026,roll,2.0,roll_2deg,11,bicycle_rack,27.12,mid,27,100.0,15.3669
nuscenes_mini_subset,scene-0103_026,roll,2.0,roll_2deg,18,Truck,42.38,far,15,100.0,7.9267
nuscenes_mini_subset,scene-0103_026,roll,2.0,roll_2deg,22,Car,15.38,mid,34,82.3529,26.4332
nuscenes_mini_subset,scene-0103_026,roll,3.0,roll_3deg,9,Car,26.03,mid,10,100.0,14.9795
nuscenes_mini_subset,scene-0103_026,roll,3.0,roll_3deg,11,bicycle_rack,27.12,mid,27,100.0,23.0449
nuscenes_mini_subset,scene-0103_026,roll,3.0,roll_3deg,18,Truck,42.38,far,15,100.0,11.8881
nuscenes_mini_subset,scene-0103_026,roll,3.0,roll_3deg,22,Car,15.38,mid,34,79.4118,39.6355
nuscenes_mini_subset,scene-0103_026,tx,0.02,tx_2cm,9,Car,26.03,mid,10,100.0,0.23
nuscenes_mini_subset,scene-0103_026,tx,0.02,tx_2cm,11,bicycle_rack,27.12,mid,27,100.0,0.3775
nuscenes_mini_subset,scene-0103_026,tx,0.02,tx_2cm,18,Truck,42.38,far,15,100.0,0.1083
nuscenes_mini_subset,scene-0103_026,tx,0.02,tx_2cm,22,Car,15.38,mid,34,85.2941,1.1001
nuscenes_mini_subset,scene-0103_026,tx,0.05,tx_5cm,9,Car,26.03,mid,10,100.0,0.5742
nuscenes_mini_subset,scene-0103_026,tx,0.05,tx_5cm,11,bicycle_rack,27.12,mid,27,100.0,0.9426
nuscenes_mini_subset,scene-0103_026,tx,0.05,tx_5cm,18,Truck,42.38,far,15,100.0,0.2705
nuscenes_mini_subset,scene-0103_026,tx,0.05,tx_5cm,22,Car,15.38,mid,34,85.2941,2.7442
nuscenes_mini_subset,scene-0103_026,tx,0.1,tx_10cm,9,Car,26.03,mid,10,100.0,1.1461
nuscenes_mini_subset,scene-0103_026,tx,0.1,tx_10cm,11,bicycle_rack,27.12,mid,27,100.0,1.8811
nuscenes_mini_subset,scene-0103_026,tx,0.1,tx_10cm,18,Truck,42.38,far,15,100.0,0.5404
nuscenes_mini_subset,scene-0103_026,tx,0.1,tx_10cm,22,Car,15.38,mid,34,85.2941,5.4685
nuscenes_mini_subset,scene-0103_026,ty,0.02,ty_2cm,9,Car,26.03,mid,10,100.0,1.0231
nuscenes_mini_subset,scene-0103_026,ty,0.02,ty_2cm,11,bicycle_rack,27.12,mid,27,100.0,1.0805
nuscenes_mini_subset,scene-0103_026,ty,0.02,ty_2cm,18,Truck,42.38,far,15,100.0,0.6009
nuscenes_mini_subset,scene-0103_026,ty,0.02,ty_2cm,22,Car,15.38,mid,34,82.3529,1.8211
nuscenes_mini_subset,scene-0103_026,ty,0.05,ty_5cm,9,Car,26.03,mid,10,100.0,2.5577
nuscenes_mini_subset,scene-0103_026,ty,0.05,ty_5cm,11,bicycle_rack,27.12,mid,27,100.0,2.7012
nuscenes_mini_subset,scene-0103_026,ty,0.05,ty_5cm,18,Truck,42.38,far,15,100.0,1.5021
nuscenes_mini_subset,scene-0103_026,ty,0.05,ty_5cm,22,Car,15.38,mid,34,82.3529,4.5526
nuscenes_mini_subset,scene-0103_026,ty,0.1,ty_10cm,9,Car,26.03,mid,10,100.0,5.1153
nuscenes_mini_subset,scene-0103_026,ty,0.1,ty_10cm,11,bicycle_rack,27.12,mid,27,100.0,5.4023
nuscenes_mini_subset,scene-0103_026,ty,0.1,ty_10cm,18,Truck,42.38,far,15,100.0,3.0042
nuscenes_mini_subset,scene-0103_026,ty,0.1,ty_10cm,22,Car,15.38,mid,34,82.3529,9.1048
nuscenes_mini_subset,scene-0103_026,tz,0.02,tz_2cm,9,Car,26.03,mid,10,100.0,1.0212
nuscenes_mini_subset,scene-0103_026,tz,0.02,tz_2cm,11,bicycle_rack,27.12,mid,27,100.0,1.087
nuscenes_mini_subset,scene-0103_026,tz,0.02,tz_2cm,18,Truck,42.38,far,15,100.0,0.602
nuscenes_mini_subset,scene-0103_026,tz,0.02,tz_2cm,22,Car,15.38,mid,34,85.2941,1.8432
nuscenes_mini_subset,scene-0103_026,tz,0.05,tz_5cm,9,Car,26.03,mid,10,100.0,2.5529
nuscenes_mini_subset,scene-0103_026,tz,0.05,tz_5cm,11,bicycle_rack,27.12,mid,27,100.0,2.7173
nuscenes_mini_subset,scene-0103_026,tz,0.05,tz_5cm,18,Truck,42.38,far,15,100.0,1.5049
nuscenes_mini_subset,scene-0103_026,tz,0.05,tz_5cm,22,Car,15.38,mid,34,85.2941,4.6074
nuscenes_mini_subset,scene-0103_026,tz,0.1,tz_10cm,9,Car,26.03,mid,10,100.0,5.1052
nuscenes_mini_subset,scene-0103_026,tz,0.1,tz_10cm,11,bicycle_rack,27.12,mid,27,100.0,5.434
nuscenes_mini_subset,scene-0103_026,tz,0.1,tz_10cm,18,Truck,42.38,far,15,100.0,3.0096
nuscenes_mini_subset,scene-0103_026,tz,0.1,tz_10cm,22,Car,15.38,mid,34,85.2941,9.2129
nuscenes_mini_subset,scene-0103_026,time,35.2,no_ego_motion,9,Car,26.03,mid,10,100.0,1.3834
nuscenes_mini_subset,scene-0103_026,time,35.2,no_ego_motion,11,bicycle_rack,27.12,mid,27,100.0,3.8215
nuscenes_mini_subset,scene-0103_026,time,35.2,no_ego_motion,18,Truck,42.38,far,15,100.0,1.4386
nuscenes_mini_subset,scene-0103_026,time,35.2,no_ego_motion,22,Car,15.38,mid,34,82.3529,10.2168
nuscenes_mini_subset,scene-0103_027,baseline,0.0,baseline,8,Car,23.45,mid,24,100.0,0.0
nuscenes_mini_subset,scene-0103_027,baseline,0.0,baseline,10,bicycle_rack,24.49,mid,46,100.0,0.0
nuscenes_mini_subset,scene-0103_027,baseline,0.0,baseline,17,Truck,39.78,far,18,100.0,0.0
nuscenes_mini_subset,scene-0103_027,yaw,0.5,yaw_0.5deg,8,Car,23.45,mid,24,100.0,11.9675
nuscenes_mini_subset,scene-0103_027,yaw,0.5,yaw_0.5deg,10,bicycle_rack,24.49,mid,46,100.0,12.9064
nuscenes_mini_subset,scene-0103_027,yaw,0.5,yaw_0.5deg,17,Truck,39.78,far,18,100.0,11.4855
nuscenes_mini_subset,scene-0103_027,yaw,1.0,yaw_1deg,8,Car,23.45,mid,24,91.6667,23.8811
nuscenes_mini_subset,scene-0103_027,yaw,1.0,yaw_1deg,10,bicycle_rack,24.49,mid,46,97.8261,25.9026
nuscenes_mini_subset,scene-0103_027,yaw,1.0,yaw_1deg,17,Truck,39.78,far,18,100.0,23.0099
nuscenes_mini_subset,scene-0103_027,yaw,2.0,yaw_2deg,8,Car,23.45,mid,24,70.8333,47.556
nuscenes_mini_subset,scene-0103_027,yaw,2.0,yaw_2deg,10,bicycle_rack,24.49,mid,46,91.3043,52.1765
nuscenes_mini_subset,scene-0103_027,yaw,2.0,yaw_2deg,17,Truck,39.78,far,18,94.4444,46.1834
nuscenes_mini_subset,scene-0103_027,yaw,3.0,yaw_3deg,8,Car,23.45,mid,24,45.8333,71.0421
nuscenes_mini_subset,scene-0103_027,yaw,3.0,yaw_3deg,10,bicycle_rack,24.49,mid,46,84.7826,78.8469
nuscenes_mini_subset,scene-0103_027,yaw,3.0,yaw_3deg,17,Truck,39.78,far,18,61.1111,69.537
nuscenes_mini_subset,scene-0103_027,pitch,0.5,pitch_0.5deg,8,Car,23.45,mid,24,100.0,11.2803
nuscenes_mini_subset,scene-0103_027,pitch,0.5,pitch_0.5deg,10,bicycle_rack,24.49,mid,46,100.0,11.2919
nuscenes_mini_subset,scene-0103_027,pitch,0.5,pitch_0.5deg,17,Truck,39.78,far,18,100.0,11.0813
nuscenes_mini_subset,scene-0103_027,pitch,1.0,pitch_1deg,8,Car,23.45,mid,24,45.8333,22.5775
nuscenes_mini_subset,scene-0103_027,pitch,1.0,pitch_1deg,10,bicycle_rack,24.49,mid,46,86.9565,22.6069
nuscenes_mini_subset,scene-0103_027,pitch,1.0,pitch_1deg,17,Truck,39.78,far,18,100.0,22.1721
nuscenes_mini_subset,scene-0103_027,pitch,2.0,pitch_2deg,8,Car,23.45,mid,24,45.8333,45.23
nuscenes_mini_subset,scene-0103_027,pitch,2.0,pitch_2deg,10,bicycle_rack,24.49,mid,46,76.087,45.3145
nuscenes_mini_subset,scene-0103_027,pitch,2.0,pitch_2deg,17,Truck,39.78,far,18,50.0,44.3895
nuscenes_mini_subset,scene-0103_027,pitch,3.0,pitch_3deg,8,Car,23.45,mid,24,0.0,67.9726
nuscenes_mini_subset,scene-0103_027,pitch,3.0,pitch_3deg,10,bicycle_rack,24.49,mid,46,41.3043,68.1385
nuscenes_mini_subset,scene-0103_027,pitch,3.0,pitch_3deg,17,Truck,39.78,far,18,0.0,66.6662
nuscenes_mini_subset,scene-0103_027,roll,0.5,roll_0.5deg,8,Car,23.45,mid,24,100.0,2.7806
nuscenes_mini_subset,scene-0103_027,roll,0.5,roll_0.5deg,10,bicycle_rack,24.49,mid,46,100.0,4.3377
nuscenes_mini_subset,scene-0103_027,roll,0.5,roll_0.5deg,17,Truck,39.78,far,18,100.0,2.1408
nuscenes_mini_subset,scene-0103_027,roll,1.0,roll_1deg,8,Car,23.45,mid,24,100.0,5.5615
nuscenes_mini_subset,scene-0103_027,roll,1.0,roll_1deg,10,bicycle_rack,24.49,mid,46,100.0,8.6745
nuscenes_mini_subset,scene-0103_027,roll,1.0,roll_1deg,17,Truck,39.78,far,18,100.0,4.2814
nuscenes_mini_subset,scene-0103_027,roll,2.0,roll_2deg,8,Car,23.45,mid,24,100.0,11.1238
nuscenes_mini_subset,scene-0103_027,roll,2.0,roll_2deg,10,bicycle_rack,24.49,mid,46,100.0,17.3451
nuscenes_mini_subset,scene-0103_027,roll,2.0,roll_2deg,17,Truck,39.78,far,18,100.0,8.5618
nuscenes_mini_subset,scene-0103_027,roll,3.0,roll_3deg,8,Car,23.45,mid,24,83.3333,16.6866
nuscenes_mini_subset,scene-0103_027,roll,3.0,roll_3deg,10,bicycle_rack,24.49,mid,46,100.0,26.011
nuscenes_mini_subset,scene-0103_027,roll,3.0,roll_3deg,17,Truck,39.78,far,18,100.0,12.8406
nuscenes_mini_subset,scene-0103_027,tx,0.02,tx_2cm,8,Car,23.45,mid,24,100.0,0.2898
nuscenes_mini_subset,scene-0103_027,tx,0.02,tx_2cm,10,bicycle_rack,24.49,mid,46,100.0,0.4815
nuscenes_mini_subset,scene-0103_027,tx,0.02,tx_2cm,17,Truck,39.78,far,18,100.0,0.1283
nuscenes_mini_subset,scene-0103_027,tx,0.05,tx_5cm,8,Car,23.45,mid,24,100.0,0.7236
nuscenes_mini_subset,scene-0103_027,tx,0.05,tx_5cm,10,bicycle_rack,24.49,mid,46,100.0,1.2021
nuscenes_mini_subset,scene-0103_027,tx,0.05,tx_5cm,17,Truck,39.78,far,18,100.0,0.3206
nuscenes_mini_subset,scene-0103_027,tx,0.1,tx_10cm,8,Car,23.45,mid,24,100.0,1.4438
nuscenes_mini_subset,scene-0103_027,tx,0.1,tx_10cm,10,bicycle_rack,24.49,mid,46,100.0,2.3984
nuscenes_mini_subset,scene-0103_027,tx,0.1,tx_10cm,17,Truck,39.78,far,18,100.0,0.6404
nuscenes_mini_subset,scene-0103_027,ty,0.02,ty_2cm,8,Car,23.45,mid,24,100.0,1.1414
nuscenes_mini_subset,scene-0103_027,ty,0.02,ty_2cm,10,bicycle_rack,24.49,mid,46,100.0,1.2213
nuscenes_mini_subset,scene-0103_027,ty,0.02,ty_2cm,17,Truck,39.78,far,18,100.0,0.641
nuscenes_mini_subset,scene-0103_027,ty,0.05,ty_5cm,8,Car,23.45,mid,24,100.0,2.8534
nuscenes_mini_subset,scene-0103_027,ty,0.05,ty_5cm,10,bicycle_rack,24.49,mid,46,100.0,3.0531
nuscenes_mini_subset,scene-0103_027,ty,0.05,ty_5cm,17,Truck,39.78,far,18,100.0,1.6025
nuscenes_mini_subset,scene-0103_027,ty,0.1,ty_10cm,8,Car,23.45,mid,24,100.0,5.7067
nuscenes_mini_subset,scene-0103_027,ty,0.1,ty_10cm,10,bicycle_rack,24.49,mid,46,100.0,6.1061
nuscenes_mini_subset,scene-0103_027,ty,0.1,ty_10cm,17,Truck,39.78,far,18,100.0,3.205
nuscenes_mini_subset,scene-0103_027,tz,0.02,tz_2cm,8,Car,23.45,mid,24,100.0,1.139
nuscenes_mini_subset,scene-0103_027,tz,0.02,tz_2cm,10,bicycle_rack,24.49,mid,46,100.0,1.231
nuscenes_mini_subset,scene-0103_027,tz,0.02,tz_2cm,17,Truck,39.78,far,18,100.0,0.6425
nuscenes_mini_subset,scene-0103_027,tz,0.05,tz_5cm,8,Car,23.45,mid,24,100.0,2.8472
nuscenes_mini_subset,scene-0103_027,tz,0.05,tz_5cm,10,bicycle_rack,24.49,mid,46,100.0,3.0773
nuscenes_mini_subset,scene-0103_027,tz,0.05,tz_5cm,17,Truck,39.78,far,18,100.0,1.6062
nuscenes_mini_subset,scene-0103_027,tz,0.1,tz_10cm,8,Car,23.45,mid,24,100.0,5.6938
nuscenes_mini_subset,scene-0103_027,tz,0.1,tz_10cm,10,bicycle_rack,24.49,mid,46,100.0,6.1538
nuscenes_mini_subset,scene-0103_027,tz,0.1,tz_10cm,17,Truck,39.78,far,18,100.0,3.2122
nuscenes_mini_subset,scene-0103_027,time,35.1,no_ego_motion,8,Car,23.45,mid,24,100.0,2.575
nuscenes_mini_subset,scene-0103_027,time,35.1,no_ego_motion,10,bicycle_rack,24.49,mid,46,100.0,5.8147
nuscenes_mini_subset,scene-0103_027,time,35.1,no_ego_motion,17,Truck,39.78,far,18,100.0,2.2841
nuscenes_mini_subset,scene-0103_028,baseline,0.0,baseline,8,Car,20.94,mid,27,100.0,0.0
nuscenes_mini_subset,scene-0103_028,baseline,0.0,baseline,10,bicycle_rack,21.94,mid,53,100.0,0.0
nuscenes_mini_subset,scene-0103_028,baseline,0.0,baseline,17,Truck,37.24,far,23,100.0,0.0
nuscenes_mini_subset,scene-0103_028,baseline,0.0,baseline,22,Car,25.88,mid,14,100.0,0.0
nuscenes_mini_subset,scene-0103_028,yaw,0.5,yaw_0.5deg,8,Car,20.94,mid,27,96.2963,12.1666
nuscenes_mini_subset,scene-0103_028,yaw,0.5,yaw_0.5deg,10,bicycle_rack,21.94,mid,53,100.0,13.456
nuscenes_mini_subset,scene-0103_028,yaw,0.5,yaw_0.5deg,17,Truck,37.24,far,23,100.0,11.5563
nuscenes_mini_subset,scene-0103_028,yaw,0.5,yaw_0.5deg,22,Car,25.88,mid,14,100.0,11.7426
nuscenes_mini_subset,scene-0103_028,yaw,1.0,yaw_1deg,8,Car,20.94,mid,27,92.5926,24.2728
nuscenes_mini_subset,scene-0103_028,yaw,1.0,yaw_1deg,10,bicycle_rack,21.94,mid,53,98.1132,27.0188
nuscenes_mini_subset,scene-0103_028,yaw,1.0,yaw_1deg,17,Truck,37.24,far,23,95.6522,23.1545
nuscenes_mini_subset,scene-0103_028,yaw,1.0,yaw_1deg,22,Car,25.88,mid,14,92.8571,23.4398
nuscenes_mini_subset,scene-0103_028,yaw,2.0,yaw_2deg,8,Car,20.94,mid,27,77.7778,48.3129
nuscenes_mini_subset,scene-0103_028,yaw,2.0,yaw_2deg,10,bicycle_rack,21.94,mid,53,94.3396,54.4788
nuscenes_mini_subset,scene-0103_028,yaw,2.0,yaw_2deg,17,Truck,37.24,far,23,82.6087,46.4848
nuscenes_mini_subset,scene-0103_028,yaw,2.0,yaw_2deg,22,Car,25.88,mid,14,85.7143,46.7063
nuscenes_mini_subset,scene-0103_028,yaw,3.0,yaw_3deg,8,Car,20.94,mid,27,55.5556,72.1388
nuscenes_mini_subset,scene-0103_028,yaw,3.0,yaw_3deg,10,bicycle_rack,21.94,mid,53,88.6792,82.0339
nuscenes_mini_subset,scene-0103_028,yaw,3.0,yaw_3deg,17,Truck,37.24,far,23,65.2174,70.0076
nuscenes_mini_subset,scene-0103_028,yaw,3.0,yaw_3deg,22,Car,25.88,mid,14,42.8571,69.8159
nuscenes_mini_subset,scene-0103_028,pitch,0.5,pitch_0.5deg,8,Car,20.94,mid,27,100.0,11.3418
nuscenes_mini_subset,scene-0103_028,pitch,0.5,pitch_0.5deg,10,bicycle_rack,21.94,mid,53,100.0,11.3805
nuscenes_mini_subset,scene-0103_028,pitch,0.5,pitch_0.5deg,17,Truck,37.24,far,23,100.0,11.0833
nuscenes_mini_subset,scene-0103_028,pitch,0.5,pitch_0.5deg,22,Car,25.88,mid,14,100.0,11.2376
nuscenes_mini_subset,scene-0103_028,pitch,1.0,pitch_1deg,8,Car,20.94,mid,27,59.2593,22.701
nuscenes_mini_subset,scene-0103_028,pitch,1.0,pitch_1deg,10,bicycle_rack,21.94,mid,53,98.1132,22.7862
nuscenes_mini_subset,scene-0103_028,pitch,1.0,pitch_1deg,17,Truck,37.24,far,23,82.6087,22.1736
nuscenes_mini_subset,scene-0103_028,pitch,1.0,pitch_1deg,22,Car,25.88,mid,14,100.0,22.4877
nuscenes_mini_subset,scene-0103_028,pitch,2.0,pitch_2deg,8,Car,20.94,mid,27,55.5556,45.4793
nuscenes_mini_subset,scene-0103_028,pitch,2.0,pitch_2deg,10,bicycle_rack,21.94,mid,53,83.0189,45.6817
nuscenes_mini_subset,scene-0103_028,pitch,2.0,pitch_2deg,17,Truck,37.24,far,23,82.6087,44.3824
nuscenes_mini_subset,scene-0103_028,pitch,2.0,pitch_2deg,22,Car,25.88,mid,14,64.2857,45.0303
nuscenes_mini_subset,scene-0103_028,pitch,3.0,pitch_3deg,8,Car,20.94,mid,27,11.1111,68.3504
nuscenes_mini_subset,scene-0103_028,pitch,3.0,pitch_3deg,10,bicycle_rack,21.94,mid,53,52.8302,68.7034
nuscenes_mini_subset,scene-0103_028,pitch,3.0,pitch_3deg,17,Truck,37.24,far,23,52.1739,66.6407
nuscenes_mini_subset,scene-0103_028,pitch,3.0,pitch_3deg,22,Car,25.88,mid,14,42.8571,67.6425
nuscenes_mini_subset,scene-0103_028,roll,0.5,roll_0.5deg,8,Car,20.94,mid,27,100.0,3.0835
nuscenes_mini_subset,scene-0103_028,roll,0.5,roll_0.5deg,10,bicycle_rack,21.94,mid,53,100.0,4.975
nuscenes_mini_subset,scene-0103_028,roll,0.5,roll_0.5deg,17,Truck,37.24,far,23,100.0,2.2866
nuscenes_mini_subset,scene-0103_028,roll,0.5,roll_0.5deg,22,Car,25.88,mid,14,100.0,2.3947
nuscenes_mini_subset,scene-0103_028,roll,1.0,roll_1deg,8,Car,20.94,mid,27,100.0,6.1672
nuscenes_mini_subset,scene-0103_028,roll,1.0,roll_1deg,10,bicycle_rack,21.94,mid,53,100.0,9.9489
nuscenes_mini_subset,scene-0103_028,roll,1.0,roll_1deg,17,Truck,37.24,far,23,100.0,4.5729
nuscenes_mini_subset,scene-0103_028,roll,1.0,roll_1deg,22,Car,25.88,mid,14,100.0,4.7896
nuscenes_mini_subset,scene-0103_028,roll,2.0,roll_2deg,8,Car,20.94,mid,27,100.0,12.3356
nuscenes_mini_subset,scene-0103_028,roll,2.0,roll_2deg,10,bicycle_rack,21.94,mid,53,96.2264,19.8925
nuscenes_mini_subset,scene-0103_028,roll,2.0,roll_2deg,17,Truck,37.24,far,23,100.0,9.1444
nuscenes_mini_subset,scene-0103_028,roll,2.0,roll_2deg,22,Car,25.88,mid,14,100.0,9.5799
nuscenes_mini_subset,scene-0103_028,roll,3.0,roll_3deg,8,Car,20.94,mid,27,59.2593,18.5044
nuscenes_mini_subset,scene-0103_028,roll,3.0,roll_3deg,10,bicycle_rack,21.94,mid,53,96.2264,29.8303
nuscenes_mini_subset,scene-0103_028,roll,3.0,roll_3deg,17,Truck,37.24,far,23,100.0,13.7144
nuscenes_mini_subset,scene-0103_028,roll,3.0,roll_3deg,22,Car,25.88,mid,14,100.0,14.3703
nuscenes_mini_subset,scene-0103_028,tx,0.02,tx_2cm,8,Car,20.94,mid,27,100.0,0.3537
nuscenes_mini_subset,scene-0103_028,tx,0.02,tx_2cm,10,bicycle_rack,21.94,mid,53,100.0,0.6304
nuscenes_mini_subset,scene-0103_028,tx,0.02,tx_2cm,17,Truck,37.24,far,23,100.0,0.1477
nuscenes_mini_subset,scene-0103_028,tx,0.02,tx_2cm,22,Car,25.88,mid,14,100.0,0.2272
nuscenes_mini_subset,scene-0103_028,tx,0.05,tx_5cm,8,Car,20.94,mid,27,100.0,0.883
nuscenes_mini_subset,scene-0103_028,tx,0.05,tx_5cm,10,bicycle_rack,21.94,mid,53,100.0,1.5733
nuscenes_mini_subset,scene-0103_028,tx,0.05,tx_5cm,17,Truck,37.24,far,23,100.0,0.3689
nuscenes_mini_subset,scene-0103_028,tx,0.05,tx_5cm,22,Car,25.88,mid,14,100.0,0.5674
nuscenes_mini_subset,scene-0103_028,tx,0.1,tx_10cm,8,Car,20.94,mid,27,100.0,1.7614
nuscenes_mini_subset,scene-0103_028,tx,0.1,tx_10cm,10,bicycle_rack,21.94,mid,53,100.0,3.1379
nuscenes_mini_subset,scene-0103_028,tx,0.1,tx_10cm,17,Truck,37.24,far,23,100.0,0.7367
nuscenes_mini_subset,scene-0103_028,tx,0.1,tx_10cm,22,Car,25.88,mid,14,100.0,1.1324
nuscenes_mini_subset,scene-0103_028,ty,0.02,ty_2cm,8,Car,20.94,mid,27,100.0,1.2819
nuscenes_mini_subset,scene-0103_028,ty,0.02,ty_2cm,10,bicycle_rack,21.94,mid,53,100.0,1.3868
nuscenes_mini_subset,scene-0103_028,ty,0.02,ty_2cm,17,Truck,37.24,far,23,100.0,0.7022
nuscenes_mini_subset,scene-0103_028,ty,0.02,ty_2cm,22,Car,25.88,mid,14,100.0,1.0283
nuscenes_mini_subset,scene-0103_028,ty,0.05,ty_5cm,8,Car,20.94,mid,27,100.0,3.2046
nuscenes_mini_subset,scene-0103_028,ty,0.05,ty_5cm,10,bicycle_rack,21.94,mid,53,100.0,3.4669
nuscenes_mini_subset,scene-0103_028,ty,0.05,ty_5cm,17,Truck,37.24,far,23,100.0,1.7554
nuscenes_mini_subset,scene-0103_028,ty,0.05,ty_5cm,22,Car,25.88,mid,14,100.0,2.5707
nuscenes_mini_subset,scene-0103_028,ty,0.1,ty_10cm,8,Car,20.94,mid,27,100.0,6.409
nuscenes_mini_subset,scene-0103_028,ty,0.1,ty_10cm,10,bicycle_rack,21.94,mid,53,100.0,6.9335
nuscenes_mini_subset,scene-0103_028,ty,0.1,ty_10cm,17,Truck,37.24,far,23,100.0,3.5107
nuscenes_mini_subset,scene-0103_028,ty,0.1,ty_10cm,22,Car,25.88,mid,14,100.0,5.1412
nuscenes_mini_subset,scene-0103_028,tz,0.02,tz_2cm,8,Car,20.94,mid,27,100.0,1.2826
nuscenes_mini_subset,scene-0103_028,tz,0.02,tz_2cm,10,bicycle_rack,21.94,mid,53,100.0,1.3991
nuscenes_mini_subset,scene-0103_028,tz,0.02,tz_2cm,17,Truck,37.24,far,23,100.0,0.704
nuscenes_mini_subset,scene-0103_028,tz,0.02,tz_2cm,22,Car,25.88,mid,14,100.0,1.025
nuscenes_mini_subset,scene-0103_028,tz,0.05,tz_5cm,8,Car,20.94,mid,27,100.0,3.2064
nuscenes_mini_subset,scene-0103_028,tz,0.05,tz_5cm,10,bicycle_rack,21.94,mid,53,100.0,3.4974
nuscenes_mini_subset,scene-0103_028,tz,0.05,tz_5cm,17,Truck,37.24,far,23,100.0,1.7599
nuscenes_mini_subset,scene-0103_028,tz,0.05,tz_5cm,22,Car,25.88,mid,14,100.0,2.5624
nuscenes_mini_subset,scene-0103_028,tz,0.1,tz_10cm,8,Car,20.94,mid,27,100.0,6.4118
nuscenes_mini_subset,scene-0103_028,tz,0.1,tz_10cm,10,bicycle_rack,21.94,mid,53,100.0,6.9938
nuscenes_mini_subset,scene-0103_028,tz,0.1,tz_10cm,17,Truck,37.24,far,23,100.0,3.5196
nuscenes_mini_subset,scene-0103_028,tz,0.1,tz_10cm,22,Car,25.88,mid,14,100.0,5.1243
nuscenes_mini_subset,scene-0103_028,time,34.6,no_ego_motion,8,Car,20.94,mid,27,100.0,3.2227
nuscenes_mini_subset,scene-0103_028,time,34.6,no_ego_motion,10,bicycle_rack,21.94,mid,53,100.0,7.1538
nuscenes_mini_subset,scene-0103_028,time,34.6,no_ego_motion,17,Truck,37.24,far,23,100.0,2.0281
nuscenes_mini_subset,scene-0103_028,time,34.6,no_ego_motion,22,Car,25.88,mid,14,100.0,1.8796
nuscenes_mini_subset,scene-0103_029,baseline,0.0,baseline,8,Car,17.69,mid,40,100.0,0.0
nuscenes_mini_subset,scene-0103_029,baseline,0.0,baseline,10,bicycle_rack,18.62,mid,91,81.3187,0.0
nuscenes_mini_subset,scene-0103_029,baseline,0.0,baseline,17,Truck,33.93,far,26,100.0,0.0
nuscenes_mini_subset,scene-0103_029,baseline,0.0,baseline,21,Car,22.62,mid,11,100.0,0.0
nuscenes_mini_subset,scene-0103_029,yaw,0.5,yaw_0.5deg,8,Car,17.69,mid,40,100.0,12.4952
nuscenes_mini_subset,scene-0103_029,yaw,0.5,yaw_0.5deg,10,bicycle_rack,18.62,mid,91,78.022,14.4554
nuscenes_mini_subset,scene-0103_029,yaw,0.5,yaw_0.5deg,17,Truck,33.93,far,26,100.0,11.6657
nuscenes_mini_subset,scene-0103_029,yaw,0.5,yaw_0.5deg,21,Car,22.62,mid,11,100.0,11.8924
nuscenes_mini_subset,scene-0103_029,yaw,1.0,yaw_1deg,8,Car,17.69,mid,40,95.0,24.9192
nuscenes_mini_subset,scene-0103_029,yaw,1.0,yaw_1deg,10,bicycle_rack,18.62,mid,91,73.6264,28.7565
nuscenes_mini_subset,scene-0103_029,yaw,1.0,yaw_1deg,17,Truck,33.93,far,26,100.0,23.3778
nuscenes_mini_subset,scene-0103_029,yaw,1.0,yaw_1deg,21,Car,22.62,mid,11,90.9091,23.7349
nuscenes_mini_subset,scene-0103_029,yaw,2.0,yaw_2deg,8,Car,17.69,mid,40,80.0,49.5644
nuscenes_mini_subset,scene-0103_029,yaw,2.0,yaw_2deg,10,bicycle_rack,18.62,mid,91,64.8352,56.8573
nuscenes_mini_subset,scene-0103_029,yaw,2.0,yaw_2deg,17,Truck,33.93,far,26,88.4615,46.95
nuscenes_mini_subset,scene-0103_029,yaw,2.0,yaw_2deg,21,Car,22.62,mid,11,90.9091,47.2788
nuscenes_mini_subset,scene-0103_029,yaw,3.0,yaw_3deg,8,Car,17.69,mid,40,62.5,73.9554
nuscenes_mini_subset,scene-0103_029,yaw,3.0,yaw_3deg,10,bicycle_rack,18.62,mid,91,56.044,82.8307
nuscenes_mini_subset,scene-0103_029,yaw,3.0,yaw_3deg,17,Truck,33.93,far,26,76.9231,70.734
nuscenes_mini_subset,scene-0103_029,yaw,3.0,yaw_3deg,21,Car,22.62,mid,11,45.4545,70.6486
nuscenes_mini_subset,scene-0103_029,pitch,0.5,pitch_0.5deg,8,Car,17.69,mid,40,100.0,11.397
nuscenes_mini_subset,scene-0103_029,pitch,0.5,pitch_0.5deg,10,bicycle_rack,18.62,mid,91,81.3187,11.4278
nuscenes_mini_subset,scene-0103_029,pitch,0.5,pitch_0.5deg,17,Truck,33.93,far,26,100.0,11.0948
nuscenes_mini_subset,scene-0103_029,pitch,0.5,pitch_0.5deg,21,Car,22.62,mid,11,100.0,11.3102
nuscenes_mini_subset,scene-0103_029,pitch,1.0,pitch_1deg,8,Car,17.69,mid,40,90.0,22.814
nuscenes_mini_subset,scene-0103_029,pitch,1.0,pitch_1deg,10,bicycle_rack,18.62,mid,91,81.3187,22.8826
nuscenes_mini_subset,scene-0103_029,pitch,1.0,pitch_1deg,17,Truck,33.93,far,26,100.0,22.199
nuscenes_mini_subset,scene-0103_029,pitch,1.0,pitch_1deg,21,Car,22.62,mid,11,54.5455,22.6375
nuscenes_mini_subset,scene-0103_029,pitch,2.0,pitch_2deg,8,Car,17.69,mid,40,47.5,45.716
nuscenes_mini_subset,scene-0103_029,pitch,2.0,pitch_2deg,10,bicycle_rack,18.62,mid,91,73.6264,45.8815
nuscenes_mini_subset,scene-0103_029,pitch,2.0,pitch_2deg,17,Truck,33.93,far,26,73.0769,44.443
nuscenes_mini_subset,scene-0103_029,pitch,2.0,pitch_2deg,21,Car,22.62,mid,11,54.5455,45.3506
nuscenes_mini_subset,scene-0103_029,pitch,3.0,pitch_3deg,8,Car,17.69,mid,40,47.5,68.7343
nuscenes_mini_subset,scene-0103_029,pitch,3.0,pitch_3deg,10,bicycle_rack,18.62,mid,91,73.6264,68.9636
nuscenes_mini_subset,scene-0103_029,pitch,3.0,pitch_3deg,17,Truck,33.93,far,26,50.0,66.7461
nuscenes_mini_subset,scene-0103_029,pitch,3.0,pitch_3deg,21,Car,22.62,mid,11,18.1818,68.1546
nuscenes_mini_subset,scene-0103_029,roll,0.5,roll_0.5deg,8,Car,17.69,mid,40,100.0,3.5411
nuscenes_mini_subset,scene-0103_029,roll,0.5,roll_0.5deg,10,bicycle_rack,18.62,mid,91,81.3187,5.9893
nuscenes_mini_subset,scene-0103_029,roll,0.5,roll_0.5deg,17,Truck,33.93,far,26,100.0,2.5041
nuscenes_mini_subset,scene-0103_029,roll,0.5,roll_0.5deg,21,Car,22.62,mid,11,100.0,2.6459
nuscenes_mini_subset,scene-0103_029,roll,1.0,roll_1deg,8,Car,17.69,mid,40,100.0,7.0826
nuscenes_mini_subset,scene-0103_029,roll,1.0,roll_1deg,10,bicycle_rack,18.62,mid,91,80.2198,11.9769
nuscenes_mini_subset,scene-0103_029,roll,1.0,roll_1deg,17,Truck,33.93,far,26,100.0,5.0078
nuscenes_mini_subset,scene-0103_029,roll,1.0,roll_1deg,21,Car,22.62,mid,11,100.0,5.292
nuscenes_mini_subset,scene-0103_029,roll,2.0,roll_2deg,8,Car,17.69,mid,40,95.0,14.1668
nuscenes_mini_subset,scene-0103_029,roll,2.0,roll_2deg,10,bicycle_rack,18.62,mid,91,80.2198,23.9465
nuscenes_mini_subset,scene-0103_029,roll,2.0,roll_2deg,17,Truck,33.93,far,26,100.0,10.0141
nuscenes_mini_subset,scene-0103_029,roll,2.0,roll_2deg,21,Car,22.62,mid,11,100.0,10.5847
nuscenes_mini_subset,scene-0103_029,roll,3.0,roll_3deg,8,Car,17.69,mid,40,90.0,21.2519
nuscenes_mini_subset,scene-0103_029,roll,3.0,roll_3deg,10,bicycle_rack,18.62,mid,91,79.1209,35.8137
nuscenes_mini_subset,scene-0103_029,roll,3.0,roll_3deg,17,Truck,33.93,far,26,100.0,15.0186
nuscenes_mini_subset,scene-0103_029,roll,3.0,roll_3deg,21,Car,22.62,mid,11,100.0,15.8777
nuscenes_mini_subset,scene-0103_029,tx,0.02,tx_2cm,8,Car,17.69,mid,40,100.0,0.499
nuscenes_mini_subset,scene-0103_029,tx,0.02,tx_2cm,10,bicycle_rack,18.62,mid,91,81.3187,0.8882
nuscenes_mini_subset,scene-0103_029,tx,0.02,tx_2cm,17,Truck,33.93,far,26,100.0,0.1722
nuscenes_mini_subset,scene-0103_029,tx,0.02,tx_2cm,21,Car,22.62,mid,11,100.0,0.2894
nuscenes_mini_subset,scene-0103_029,tx,0.05,tx_5cm,8,Car,17.69,mid,40,100.0,1.2451
nuscenes_mini_subset,scene-0103_029,tx,0.05,tx_5cm,10,bicycle_rack,18.62,mid,91,82.4176,2.2163
nuscenes_mini_subset,scene-0103_029,tx,0.05,tx_5cm,17,Truck,33.93,far,26,100.0,0.4302
nuscenes_mini_subset,scene-0103_029,tx,0.05,tx_5cm,21,Car,22.62,mid,11,100.0,0.7225
nuscenes_mini_subset,scene-0103_029,tx,0.1,tx_10cm,8,Car,17.69,mid,40,100.0,2.4826
nuscenes_mini_subset,scene-0103_029,tx,0.1,tx_10cm,10,bicycle_rack,18.62,mid,91,83.5165,4.4182
nuscenes_mini_subset,scene-0103_029,tx,0.1,tx_10cm,17,Truck,33.93,far,26,100.0,0.8591
nuscenes_mini_subset,scene-0103_029,tx,0.1,tx_10cm,21,Car,22.62,mid,11,100.0,1.4414
nuscenes_mini_subset,scene-0103_029,ty,0.02,ty_2cm,8,Car,17.69,mid,40,100.0,1.5473
nuscenes_mini_subset,scene-0103_029,ty,0.02,ty_2cm,10,bicycle_rack,18.62,mid,91,81.3187,1.6268
nuscenes_mini_subset,scene-0103_029,ty,0.02,ty_2cm,17,Truck,33.93,far,26,100.0,0.7541
nuscenes_mini_subset,scene-0103_029,ty,0.02,ty_2cm,21,Car,22.62,mid,11,100.0,1.2053
nuscenes_mini_subset,scene-0103_029,ty,0.05,ty_5cm,8,Car,17.69,mid,40,100.0,3.8682
nuscenes_mini_subset,scene-0103_029,ty,0.05,ty_5cm,10,bicycle_rack,18.62,mid,91,81.3187,4.0668
nuscenes_mini_subset,scene-0103_029,ty,0.05,ty_5cm,17,Truck,33.93,far,26,100.0,1.8853
nuscenes_mini_subset,scene-0103_029,ty,0.05,ty_5cm,21,Car,22.62,mid,11,100.0,3.0133
nuscenes_mini_subset,scene-0103_029,ty,0.1,ty_10cm,8,Car,17.69,mid,40,100.0,7.7361
nuscenes_mini_subset,scene-0103_029,ty,0.1,ty_10cm,10,bicycle_rack,18.62,mid,91,79.1209,8.1283
nuscenes_mini_subset,scene-0103_029,ty,0.1,ty_10cm,17,Truck,33.93,far,26,100.0,3.7705
nuscenes_mini_subset,scene-0103_029,ty,0.1,ty_10cm,21,Car,22.62,mid,11,100.0,6.0264
nuscenes_mini_subset,scene-0103_029,tz,0.02,tz_2cm,8,Car,17.69,mid,40,100.0,1.5466
nuscenes_mini_subset,scene-0103_029,tz,0.02,tz_2cm,10,bicycle_rack,18.62,mid,91,81.3187,1.646
nuscenes_mini_subset,scene-0103_029,tz,0.02,tz_2cm,17,Truck,33.93,far,26,100.0,0.7572
nuscenes_mini_subset,scene-0103_029,tz,0.02,tz_2cm,21,Car,22.62,mid,11,100.0,1.2048
nuscenes_mini_subset,scene-0103_029,tz,0.05,tz_5cm,8,Car,17.69,mid,40,100.0,3.8661
nuscenes_mini_subset,scene-0103_029,tz,0.05,tz_5cm,10,bicycle_rack,18.62,mid,91,81.3187,4.1145
nuscenes_mini_subset,scene-0103_029,tz,0.05,tz_5cm,17,Truck,33.93,far,26,100.0,1.893
nuscenes_mini_subset,scene-0103_029,tz,0.05,tz_5cm,21,Car,22.62,mid,11,100.0,3.0117
nuscenes_mini_subset,scene-0103_029,tz,0.1,tz_10cm,8,Car,17.69,mid,40,100.0,7.731
nuscenes_mini_subset,scene-0103_029,tz,0.1,tz_10cm,10,bicycle_rack,18.62,mid,91,80.2198,8.2276
nuscenes_mini_subset,scene-0103_029,tz,0.1,tz_10cm,17,Truck,33.93,far,26,100.0,3.7856
nuscenes_mini_subset,scene-0103_029,tz,0.1,tz_10cm,21,Car,22.62,mid,11,100.0,6.0226
nuscenes_mini_subset,scene-0103_029,time,34.8,no_ego_motion,8,Car,17.69,mid,40,100.0,5.1164
nuscenes_mini_subset,scene-0103_029,time,34.8,no_ego_motion,10,bicycle_rack,18.62,mid,91,78.022,9.8694
nuscenes_mini_subset,scene-0103_029,time,34.8,no_ego_motion,17,Truck,33.93,far,26,100.0,2.0583
nuscenes_mini_subset,scene-0103_029,time,34.8,no_ego_motion,21,Car,22.62,mid,11,100.0,2.8743
nuscenes_mini_subset,scene-0103_030,baseline,0.0,baseline,7,Car,14.52,near,64,100.0,0.0
nuscenes_mini_subset,scene-0103_030,baseline,0.0,baseline,14,Car,25.32,mid,18,100.0,0.0
nuscenes_mini_subset,scene-0103_030,baseline,0.0,baseline,15,Truck,30.72,far,43,100.0,0.0
nuscenes_mini_subset,scene-0103_030,baseline,0.0,baseline,19,Car,19.44,mid,30,100.0,0.0
nuscenes_mini_subset,scene-0103_030,yaw,0.5,yaw_0.5deg,7,Car,14.52,near,64,100.0,13.1821
nuscenes_mini_subset,scene-0103_030,yaw,0.5,yaw_0.5deg,14,Car,25.32,mid,18,100.0,11.6814
nuscenes_mini_subset,scene-0103_030,yaw,0.5,yaw_0.5deg,15,Truck,30.72,far,43,100.0,11.842
nuscenes_mini_subset,scene-0103_030,yaw,0.5,yaw_0.5deg,19,Car,19.44,mid,30,100.0,12.1885
nuscenes_mini_subset,scene-0103_030,yaw,1.0,yaw_1deg,7,Car,14.52,near,64,98.4375,26.2713
nuscenes_mini_subset,scene-0103_030,yaw,1.0,yaw_1deg,14,Car,25.32,mid,18,94.4444,23.3197
nuscenes_mini_subset,scene-0103_030,yaw,1.0,yaw_1deg,15,Truck,30.72,far,43,100.0,23.7395
nuscenes_mini_subset,scene-0103_030,yaw,1.0,yaw_1deg,19,Car,19.44,mid,30,93.3333,24.3163
nuscenes_mini_subset,scene-0103_030,yaw,2.0,yaw_2deg,7,Car,14.52,near,64,90.625,52.1836
nuscenes_mini_subset,scene-0103_030,yaw,2.0,yaw_2deg,14,Car,25.32,mid,18,61.1111,46.4753
nuscenes_mini_subset,scene-0103_030,yaw,2.0,yaw_2deg,15,Truck,30.72,far,43,93.0233,47.71
nuscenes_mini_subset,scene-0103_030,yaw,2.0,yaw_2deg,19,Car,19.44,mid,30,93.3333,48.3992
nuscenes_mini_subset,scene-0103_030,yaw,3.0,yaw_3deg,7,Car,14.52,near,64,79.6875,77.7605
nuscenes_mini_subset,scene-0103_030,yaw,3.0,yaw_3deg,14,Car,25.32,mid,18,22.2222,69.483
nuscenes_mini_subset,scene-0103_030,yaw,3.0,yaw_3deg,15,Truck,30.72,far,43,86.0465,71.9301
nuscenes_mini_subset,scene-0103_030,yaw,3.0,yaw_3deg,19,Car,19.44,mid,30,86.6667,72.2672
nuscenes_mini_subset,scene-0103_030,pitch,0.5,pitch_0.5deg,7,Car,14.52,near,64,100.0,11.5289
nuscenes_mini_subset,scene-0103_030,pitch,0.5,pitch_0.5deg,14,Car,25.32,mid,18,100.0,11.2104
nuscenes_mini_subset,scene-0103_030,pitch,0.5,pitch_0.5deg,15,Truck,30.72,far,43,100.0,11.0981
nuscenes_mini_subset,scene-0103_030,pitch,0.5,pitch_0.5deg,19,Car,19.44,mid,30,100.0,11.2996
nuscenes_mini_subset,scene-0103_030,pitch,1.0,pitch_1deg,7,Car,14.52,near,64,100.0,23.0812
nuscenes_mini_subset,scene-0103_030,pitch,1.0,pitch_1deg,14,Car,25.32,mid,18,83.3333,22.4302
nuscenes_mini_subset,scene-0103_030,pitch,1.0,pitch_1deg,15,Truck,30.72,far,43,100.0,22.203
nuscenes_mini_subset,scene-0103_030,pitch,1.0,pitch_1deg,19,Car,19.44,mid,30,100.0,22.6058
nuscenes_mini_subset,scene-0103_030,pitch,2.0,pitch_2deg,7,Car,14.52,near,64,73.4375,46.2644
nuscenes_mini_subset,scene-0103_030,pitch,2.0,pitch_2deg,14,Car,25.32,mid,18,83.3333,44.9051
nuscenes_mini_subset,scene-0103_030,pitch,2.0,pitch_2deg,15,Truck,30.72,far,43,83.7209,44.441
nuscenes_mini_subset,scene-0103_030,pitch,2.0,pitch_2deg,19,Car,19.44,mid,30,76.6667,45.2659
nuscenes_mini_subset,scene-0103_030,pitch,3.0,pitch_3deg,7,Car,14.52,near,64,40.625,69.5663
nuscenes_mini_subset,scene-0103_030,pitch,3.0,pitch_3deg,14,Car,25.32,mid,18,44.4444,67.4513
nuscenes_mini_subset,scene-0103_030,pitch,3.0,pitch_3deg,15,Truck,30.72,far,43,58.1395,66.7281
nuscenes_mini_subset,scene-0103_030,pitch,3.0,pitch_3deg,19,Car,19.44,mid,30,53.3333,68.0263
nuscenes_mini_subset,scene-0103_030,roll,0.5,roll_0.5deg,7,Car,14.52,near,64,100.0,4.3746
nuscenes_mini_subset,scene-0103_030,roll,0.5,roll_0.5deg,14,Car,25.32,mid,18,100.0,2.2547
nuscenes_mini_subset,scene-0103_030,roll,0.5,roll_0.5deg,15,Truck,30.72,far,43,100.0,2.9114
nuscenes_mini_subset,scene-0103_030,roll,0.5,roll_0.5deg,19,Car,19.44,mid,30,100.0,3.1091
nuscenes_mini_subset,scene-0103_030,roll,1.0,roll_1deg,7,Car,14.52,near,64,100.0,8.75
nuscenes_mini_subset,scene-0103_030,roll,1.0,roll_1deg,14,Car,25.32,mid,18,100.0,4.5096
nuscenes_mini_subset,scene-0103_030,roll,1.0,roll_1deg,15,Truck,30.72,far,43,100.0,5.8224
nuscenes_mini_subset,scene-0103_030,roll,1.0,roll_1deg,19,Car,19.44,mid,30,100.0,6.2186
nuscenes_mini_subset,scene-0103_030,roll,2.0,roll_2deg,7,Car,14.52,near,64,100.0,17.5023
nuscenes_mini_subset,scene-0103_030,roll,2.0,roll_2deg,14,Car,25.32,mid,18,100.0,9.0197
nuscenes_mini_subset,scene-0103_030,roll,2.0,roll_2deg,15,Truck,30.72,far,43,100.0,11.6428
nuscenes_mini_subset,scene-0103_030,roll,2.0,roll_2deg,19,Car,19.44,mid,30,100.0,12.4383
nuscenes_mini_subset,scene-0103_030,roll,3.0,roll_3deg,7,Car,14.52,near,64,100.0,26.2564
nuscenes_mini_subset,scene-0103_030,roll,3.0,roll_3deg,14,Car,25.32,mid,18,100.0,13.5299
nuscenes_mini_subset,scene-0103_030,roll,3.0,roll_3deg,15,Truck,30.72,far,43,100.0,17.4609
nuscenes_mini_subset,scene-0103_030,roll,3.0,roll_3deg,19,Car,19.44,mid,30,100.0,18.6587
nuscenes_mini_subset,scene-0103_030,tx,0.02,tx_2cm,7,Car,14.52,near,64,100.0,0.7569
nuscenes_mini_subset,scene-0103_030,tx,0.02,tx_2cm,14,Car,25.32,mid,18,100.0,0.2197
nuscenes_mini_subset,scene-0103_030,tx,0.02,tx_2cm,15,Truck,30.72,far,43,100.0,0.2182
nuscenes_mini_subset,scene-0103_030,tx,0.02,tx_2cm,19,Car,19.44,mid,30,100.0,0.4066
nuscenes_mini_subset,scene-0103_030,tx,0.05,tx_5cm,7,Car,14.52,near,64,100.0,1.888
nuscenes_mini_subset,scene-0103_030,tx,0.05,tx_5cm,14,Car,25.32,mid,18,100.0,0.5486
nuscenes_mini_subset,scene-0103_030,tx,0.05,tx_5cm,15,Truck,30.72,far,43,100.0,0.545
nuscenes_mini_subset,scene-0103_030,tx,0.05,tx_5cm,19,Car,19.44,mid,30,100.0,1.0148
nuscenes_mini_subset,scene-0103_030,tx,0.1,tx_10cm,7,Car,14.52,near,64,100.0,3.7616
nuscenes_mini_subset,scene-0103_030,tx,0.1,tx_10cm,14,Car,25.32,mid,18,100.0,1.0949
nuscenes_mini_subset,scene-0103_030,tx,0.1,tx_10cm,15,Truck,30.72,far,43,100.0,1.0883
nuscenes_mini_subset,scene-0103_030,tx,0.1,tx_10cm,19,Car,19.44,mid,30,100.0,2.0238
nuscenes_mini_subset,scene-0103_030,ty,0.02,ty_2cm,7,Car,14.52,near,64,100.0,1.9223
nuscenes_mini_subset,scene-0103_030,ty,0.02,ty_2cm,14,Car,25.32,mid,18,100.0,1.064
nuscenes_mini_subset,scene-0103_030,ty,0.02,ty_2cm,15,Truck,30.72,far,43,100.0,0.8339
nuscenes_mini_subset,scene-0103_030,ty,0.02,ty_2cm,19,Car,19.44,mid,30,100.0,1.4316
nuscenes_mini_subset,scene-0103_030,ty,0.05,ty_5cm,7,Car,14.52,near,64,100.0,4.8057
nuscenes_mini_subset,scene-0103_030,ty,0.05,ty_5cm,14,Car,25.32,mid,18,100.0,2.6601
nuscenes_mini_subset,scene-0103_030,ty,0.05,ty_5cm,15,Truck,30.72,far,43,100.0,2.0848
nuscenes_mini_subset,scene-0103_030,ty,0.05,ty_5cm,19,Car,19.44,mid,30,100.0,3.579
nuscenes_mini_subset,scene-0103_030,ty,0.1,ty_10cm,7,Car,14.52,near,64,100.0,9.611
nuscenes_mini_subset,scene-0103_030,ty,0.1,ty_10cm,14,Car,25.32,mid,18,100.0,5.32
nuscenes_mini_subset,scene-0103_030,ty,0.1,ty_10cm,15,Truck,30.72,far,43,100.0,4.1696
nuscenes_mini_subset,scene-0103_030,ty,0.1,ty_10cm,19,Car,19.44,mid,30,100.0,7.1578
nuscenes_mini_subset,scene-0103_030,tz,0.02,tz_2cm,7,Car,14.52,near,64,100.0,1.9168
nuscenes_mini_subset,scene-0103_030,tz,0.02,tz_2cm,14,Car,25.32,mid,18,100.0,1.0624
nuscenes_mini_subset,scene-0103_030,tz,0.02,tz_2cm,15,Truck,30.72,far,43,100.0,0.8363
nuscenes_mini_subset,scene-0103_030,tz,0.02,tz_2cm,19,Car,19.44,mid,30,100.0,1.4263
nuscenes_mini_subset,scene-0103_030,tz,0.05,tz_5cm,7,Car,14.52,near,64,100.0,4.7915
nuscenes_mini_subset,scene-0103_030,tz,0.05,tz_5cm,14,Car,25.32,mid,18,100.0,2.6558
nuscenes_mini_subset,scene-0103_030,tz,0.05,tz_5cm,15,Truck,30.72,far,43,100.0,2.0906
nuscenes_mini_subset,scene-0103_030,tz,0.05,tz_5cm,19,Car,19.44,mid,30,100.0,3.5654
nuscenes_mini_subset,scene-0103_030,tz,0.1,tz_10cm,7,Car,14.52,near,64,100.0,9.5809
nuscenes_mini_subset,scene-0103_030,tz,0.1,tz_10cm,14,Car,25.32,mid,18,100.0,5.3109
nuscenes_mini_subset,scene-0103_030,tz,0.1,tz_10cm,15,Truck,30.72,far,43,100.0,4.1808
nuscenes_mini_subset,scene-0103_030,tz,0.1,tz_10cm,19,Car,19.44,mid,30,100.0,7.1298
nuscenes_mini_subset,scene-0103_030,time,34.7,no_ego_motion,7,Car,14.52,near,64,100.0,7.824
nuscenes_mini_subset,scene-0103_030,time,34.7,no_ego_motion,14,Car,25.32,mid,18,100.0,1.8227
nuscenes_mini_subset,scene-0103_030,time,34.7,no_ego_motion,15,Truck,30.72,far,43,100.0,3.1017
nuscenes_mini_subset,scene-0103_030,time,34.7,no_ego_motion,19,Car,19.44,mid,30,100.0,3.873
nuscenes_mini_subset,scene-0103_031,baseline,0.0,baseline,6,Car,11.14,near,120,94.1667,0.0
nuscenes_mini_subset,scene-0103_031,baseline,0.0,baseline,7,Car,28.09,mid,12,100.0,0.0
nuscenes_mini_subset,scene-0103_031,baseline,0.0,baseline,12,Car,21.93,mid,18,100.0,0.0
nuscenes_mini_subset,scene-0103_031,baseline,0.0,baseline,13,Truck,27.28,mid,49,100.0,0.0
nuscenes_mini_subset,scene-0103_031,baseline,0.0,baseline,17,Car,16.08,mid,47,100.0,0.0
nuscenes_mini_subset,scene-0103_031,yaw,0.5,yaw_0.5deg,6,Car,11.14,near,120,97.5,14.2552
nuscenes_mini_subset,scene-0103_031,yaw,0.5,yaw_0.5deg,7,Car,28.09,mid,12,100.0,11.5943
nuscenes_mini_subset,scene-0103_031,yaw,0.5,yaw_0.5deg,12,Car,21.93,mid,18,100.0,11.84
nuscenes_mini_subset,scene-0103_031,yaw,0.5,yaw_0.5deg,13,Truck,27.28,mid,49,100.0,12.1923
nuscenes_mini_subset,scene-0103_031,yaw,0.5,yaw_0.5deg,17,Car,16.08,mid,47,100.0,12.56
nuscenes_mini_subset,scene-0103_031,yaw,1.0,yaw_1deg,6,Car,11.14,near,120,99.1667,28.3863
nuscenes_mini_subset,scene-0103_031,yaw,1.0,yaw_1deg,7,Car,28.09,mid,12,100.0,23.1493
nuscenes_mini_subset,scene-0103_031,yaw,1.0,yaw_1deg,12,Car,21.93,mid,18,88.8889,23.6322
nuscenes_mini_subset,scene-0103_031,yaw,1.0,yaw_1deg,13,Truck,27.28,mid,49,100.0,24.4516
nuscenes_mini_subset,scene-0103_031,yaw,1.0,yaw_1deg,17,Car,16.08,mid,47,97.8723,25.0479
nuscenes_mini_subset,scene-0103_031,yaw,2.0,yaw_2deg,6,Car,11.14,near,120,93.3333,56.292
nuscenes_mini_subset,scene-0103_031,yaw,2.0,yaw_2deg,7,Car,28.09,mid,12,83.3333,46.1491
nuscenes_mini_subset,scene-0103_031,yaw,2.0,yaw_2deg,12,Car,21.93,mid,18,61.1111,47.0816
nuscenes_mini_subset,scene-0103_031,yaw,2.0,yaw_2deg,13,Truck,27.28,mid,49,95.9184,49.1811
nuscenes_mini_subset,scene-0103_031,yaw,2.0,yaw_2deg,17,Car,16.08,mid,47,87.234,49.8177
nuscenes_mini_subset,scene-0103_031,yaw,3.0,yaw_3deg,6,Car,11.14,near,120,85.0,83.747
nuscenes_mini_subset,scene-0103_031,yaw,3.0,yaw_3deg,7,Car,28.09,mid,12,33.3333,69.015
nuscenes_mini_subset,scene-0103_031,yaw,3.0,yaw_3deg,12,Car,21.93,mid,18,22.2222,70.3648
nuscenes_mini_subset,scene-0103_031,yaw,3.0,yaw_3deg,13,Truck,27.28,mid,49,87.7551,74.2089
nuscenes_mini_subset,scene-0103_031,yaw,3.0,yaw_3deg,17,Car,16.08,mid,47,74.4681,74.3297
nuscenes_mini_subset,scene-0103_031,pitch,0.5,pitch_0.5deg,6,Car,11.14,near,120,93.3333,11.7065
nuscenes_mini_subset,scene-0103_031,pitch,0.5,pitch_0.5deg,7,Car,28.09,mid,12,100.0,11.1789
nuscenes_mini_subset,scene-0103_031,pitch,0.5,pitch_0.5deg,12,Car,21.93,mid,18,100.0,11.2729
nuscenes_mini_subset,scene-0103_031,pitch,0.5,pitch_0.5deg,13,Truck,27.28,mid,49,87.7551,11.1142
nuscenes_mini_subset,scene-0103_031,pitch,0.5,pitch_0.5deg,17,Car,16.08,mid,47,100.0,11.4393
nuscenes_mini_subset,scene-0103_031,pitch,1.0,pitch_1deg,6,Car,11.14,near,120,92.5,23.4403
nuscenes_mini_subset,scene-0103_031,pitch,1.0,pitch_1deg,7,Car,28.09,mid,12,75.0,22.3647
nuscenes_mini_subset,scene-0103_031,pitch,1.0,pitch_1deg,12,Car,21.93,mid,18,88.8889,22.5576
nuscenes_mini_subset,scene-0103_031,pitch,1.0,pitch_1deg,13,Truck,27.28,mid,49,85.7143,22.2351
nuscenes_mini_subset,scene-0103_031,pitch,1.0,pitch_1deg,17,Car,16.08,mid,47,100.0,22.8962
nuscenes_mini_subset,scene-0103_031,pitch,2.0,pitch_2deg,6,Car,11.14,near,120,88.3333,46.9897
nuscenes_mini_subset,scene-0103_031,pitch,2.0,pitch_2deg,7,Car,28.09,mid,12,75.0,44.7646
nuscenes_mini_subset,scene-0103_031,pitch,2.0,pitch_2deg,12,Car,21.93,mid,18,44.4444,45.1715
nuscenes_mini_subset,scene-0103_031,pitch,2.0,pitch_2deg,13,Truck,27.28,mid,49,65.3061,44.5047
nuscenes_mini_subset,scene-0103_031,pitch,2.0,pitch_2deg,17,Car,16.08,mid,47,82.9787,45.8709
nuscenes_mini_subset,scene-0103_031,pitch,3.0,pitch_3deg,6,Car,11.14,near,120,66.6667,70.6672
nuscenes_mini_subset,scene-0103_031,pitch,3.0,pitch_3deg,7,Car,28.09,mid,12,58.3333,67.214
nuscenes_mini_subset,scene-0103_031,pitch,3.0,pitch_3deg,12,Car,21.93,mid,18,44.4444,67.8695
nuscenes_mini_subset,scene-0103_031,pitch,3.0,pitch_3deg,13,Truck,27.28,mid,49,65.3061,66.8234
nuscenes_mini_subset,scene-0103_031,pitch,3.0,pitch_3deg,17,Car,16.08,mid,47,42.5532,68.9654
nuscenes_mini_subset,scene-0103_031,roll,0.5,roll_0.5deg,6,Car,11.14,near,120,94.1667,5.4331
nuscenes_mini_subset,scene-0103_031,roll,0.5,roll_0.5deg,7,Car,28.09,mid,12,100.0,2.1345
nuscenes_mini_subset,scene-0103_031,roll,0.5,roll_0.5deg,12,Car,21.93,mid,18,100.0,2.5245
nuscenes_mini_subset,scene-0103_031,roll,0.5,roll_0.5deg,13,Truck,27.28,mid,49,100.0,3.4413
nuscenes_mini_subset,scene-0103_031,roll,0.5,roll_0.5deg,17,Car,16.08,mid,47,100.0,3.6146
nuscenes_mini_subset,scene-0103_031,roll,1.0,roll_1deg,6,Car,11.14,near,120,94.1667,10.8673
nuscenes_mini_subset,scene-0103_031,roll,1.0,roll_1deg,7,Car,28.09,mid,12,100.0,4.2692
nuscenes_mini_subset,scene-0103_031,roll,1.0,roll_1deg,12,Car,21.93,mid,18,100.0,5.0491
nuscenes_mini_subset,scene-0103_031,roll,1.0,roll_1deg,13,Truck,27.28,mid,49,100.0,6.882
nuscenes_mini_subset,scene-0103_031,roll,1.0,roll_1deg,17,Car,16.08,mid,47,100.0,7.2297
nuscenes_mini_subset,scene-0103_031,roll,2.0,roll_2deg,6,Car,11.14,near,120,94.1667,21.7385
nuscenes_mini_subset,scene-0103_031,roll,2.0,roll_2deg,7,Car,28.09,mid,12,100.0,8.5387
nuscenes_mini_subset,scene-0103_031,roll,2.0,roll_2deg,12,Car,21.93,mid,18,100.0,10.0989
nuscenes_mini_subset,scene-0103_031,roll,2.0,roll_2deg,13,Truck,27.28,mid,49,100.0,13.7614
nuscenes_mini_subset,scene-0103_031,roll,2.0,roll_2deg,17,Car,16.08,mid,47,100.0,14.4609
nuscenes_mini_subset,scene-0103_031,roll,3.0,roll_3deg,6,Car,11.14,near,120,93.3333,32.6128
nuscenes_mini_subset,scene-0103_031,roll,3.0,roll_3deg,7,Car,28.09,mid,12,100.0,12.8084
nuscenes_mini_subset,scene-0103_031,roll,3.0,roll_3deg,12,Car,21.93,mid,18,88.8889,15.1488
nuscenes_mini_subset,scene-0103_031,roll,3.0,roll_3deg,13,Truck,27.28,mid,49,100.0,20.6378
nuscenes_mini_subset,scene-0103_031,roll,3.0,roll_3deg,17,Car,16.08,mid,47,100.0,21.6932
nuscenes_mini_subset,scene-0103_031,tx,0.02,tx_2cm,6,Car,11.14,near,120,94.1667,1.227
nuscenes_mini_subset,scene-0103_031,tx,0.02,tx_2cm,7,Car,28.09,mid,12,100.0,0.1881
nuscenes_mini_subset,scene-0103_031,tx,0.02,tx_2cm,12,Car,21.93,mid,18,100.0,0.2816
nuscenes_mini_subset,scene-0103_031,tx,0.02,tx_2cm,13,Truck,27.28,mid,49,100.0,0.3051
nuscenes_mini_subset,scene-0103_031,tx,0.02,tx_2cm,17,Car,16.08,mid,47,100.0,0.5651
nuscenes_mini_subset,scene-0103_031,tx,0.05,tx_5cm,6,Car,11.14,near,120,94.1667,3.059
nuscenes_mini_subset,scene-0103_031,tx,0.05,tx_5cm,7,Car,28.09,mid,12,100.0,0.4698
nuscenes_mini_subset,scene-0103_031,tx,0.05,tx_5cm,12,Car,21.93,mid,18,100.0,0.7029
nuscenes_mini_subset,scene-0103_031,tx,0.05,tx_5cm,13,Truck,27.28,mid,49,100.0,0.7619
nuscenes_mini_subset,scene-0103_031,tx,0.05,tx_5cm,17,Car,16.08,mid,47,100.0,1.4097
nuscenes_mini_subset,scene-0103_031,tx,0.1,tx_10cm,6,Car,11.14,near,120,95.0,6.0901
nuscenes_mini_subset,scene-0103_031,tx,0.1,tx_10cm,7,Car,28.09,mid,12,100.0,0.9378
nuscenes_mini_subset,scene-0103_031,tx,0.1,tx_10cm,12,Car,21.93,mid,18,100.0,1.4023
nuscenes_mini_subset,scene-0103_031,tx,0.1,tx_10cm,13,Truck,27.28,mid,49,100.0,1.5211
nuscenes_mini_subset,scene-0103_031,tx,0.1,tx_10cm,17,Car,16.08,mid,47,100.0,2.8098
nuscenes_mini_subset,scene-0103_031,ty,0.02,ty_2cm,6,Car,11.14,near,120,94.1667,2.528
nuscenes_mini_subset,scene-0103_031,ty,0.02,ty_2cm,7,Car,28.09,mid,12,100.0,0.956
nuscenes_mini_subset,scene-0103_031,ty,0.02,ty_2cm,12,Car,21.93,mid,18,100.0,1.232
nuscenes_mini_subset,scene-0103_031,ty,0.02,ty_2cm,13,Truck,27.28,mid,49,100.0,0.9722
nuscenes_mini_subset,scene-0103_031,ty,0.02,ty_2cm,17,Car,16.08,mid,47,100.0,1.7289
nuscenes_mini_subset,scene-0103_031,ty,0.05,ty_5cm,6,Car,11.14,near,120,95.0,6.3199
nuscenes_mini_subset,scene-0103_031,ty,0.05,ty_5cm,7,Car,28.09,mid,12,100.0,2.3901
nuscenes_mini_subset,scene-0103_031,ty,0.05,ty_5cm,12,Car,21.93,mid,18,100.0,3.08
nuscenes_mini_subset,scene-0103_031,ty,0.05,ty_5cm,13,Truck,27.28,mid,49,100.0,2.4305
nuscenes_mini_subset,scene-0103_031,ty,0.05,ty_5cm,17,Car,16.08,mid,47,100.0,4.3222
nuscenes_mini_subset,scene-0103_031,ty,0.1,ty_10cm,6,Car,11.14,near,120,97.5,12.639
nuscenes_mini_subset,scene-0103_031,ty,0.1,ty_10cm,7,Car,28.09,mid,12,100.0,4.78
nuscenes_mini_subset,scene-0103_031,ty,0.1,ty_10cm,12,Car,21.93,mid,18,100.0,6.1598
nuscenes_mini_subset,scene-0103_031,ty,0.1,ty_10cm,13,Truck,27.28,mid,49,100.0,4.8609
nuscenes_mini_subset,scene-0103_031,ty,0.1,ty_10cm,17,Car,16.08,mid,47,100.0,8.644
nuscenes_mini_subset,scene-0103_031,tz,0.02,tz_2cm,6,Car,11.14,near,120,94.1667,2.5302
nuscenes_mini_subset,scene-0103_031,tz,0.02,tz_2cm,7,Car,28.09,mid,12,100.0,0.9534
nuscenes_mini_subset,scene-0103_031,tz,0.02,tz_2cm,12,Car,21.93,mid,18,100.0,1.233
nuscenes_mini_subset,scene-0103_031,tz,0.02,tz_2cm,13,Truck,27.28,mid,49,100.0,0.9759
nuscenes_mini_subset,scene-0103_031,tz,0.02,tz_2cm,17,Car,16.08,mid,47,100.0,1.7257
nuscenes_mini_subset,scene-0103_031,tz,0.05,tz_5cm,6,Car,11.14,near,120,94.1667,6.3244
nuscenes_mini_subset,scene-0103_031,tz,0.05,tz_5cm,7,Car,28.09,mid,12,100.0,2.3834
nuscenes_mini_subset,scene-0103_031,tz,0.05,tz_5cm,12,Car,21.93,mid,18,100.0,3.0823
nuscenes_mini_subset,scene-0103_031,tz,0.05,tz_5cm,13,Truck,27.28,mid,49,100.0,2.4397
nuscenes_mini_subset,scene-0103_031,tz,0.05,tz_5cm,17,Car,16.08,mid,47,100.0,4.3139
nuscenes_mini_subset,scene-0103_031,tz,0.1,tz_10cm,6,Car,11.14,near,120,85.0,12.6453
nuscenes_mini_subset,scene-0103_031,tz,0.1,tz_10cm,7,Car,28.09,mid,12,100.0,4.7663
nuscenes_mini_subset,scene-0103_031,tz,0.1,tz_10cm,12,Car,21.93,mid,18,100.0,6.1637
nuscenes_mini_subset,scene-0103_031,tz,0.1,tz_10cm,13,Truck,27.28,mid,49,100.0,4.8788
nuscenes_mini_subset,scene-0103_031,tz,0.1,tz_10cm,17,Car,16.08,mid,47,100.0,8.6261
nuscenes_mini_subset,scene-0103_031,time,34.6,no_ego_motion,6,Car,11.14,near,120,88.3333,13.301
nuscenes_mini_subset,scene-0103_031,time,34.6,no_ego_motion,7,Car,28.09,mid,12,100.0,1.3769
nuscenes_mini_subset,scene-0103_031,time,34.6,no_ego_motion,12,Car,21.93,mid,18,100.0,2.4715
nuscenes_mini_subset,scene-0103_031,time,34.6,no_ego_motion,13,Truck,27.28,mid,49,100.0,4.5815
nuscenes_mini_subset,scene-0103_031,time,34.6,no_ego_motion,17,Car,16.08,mid,47,100.0,5.7872
nuscenes_mini_subset,scene-0103_032,baseline,0.0,baseline,6,Car,24.57,mid,22,100.0,0.0
nuscenes_mini_subset,scene-0103_032,baseline,0.0,baseline,8,Car,32.17,far,10,100.0,0.0
nuscenes_mini_subset,scene-0103_032,baseline,0.0,baseline,10,Bicycle,16.18,mid,16,100.0,0.0
nuscenes_mini_subset,scene-0103_032,baseline,0.0,baseline,11,Car,18.39,mid,24,100.0,0.0
nuscenes_mini_subset,scene-0103_032,baseline,0.0,baseline,12,Truck,23.7,mid,70,100.0,0.0
nuscenes_mini_subset,scene-0103_032,baseline,0.0,baseline,16,Car,12.57,near,111,100.0,0.0
nuscenes_mini_subset,scene-0103_032,yaw,0.5,yaw_0.5deg,6,Car,24.57,mid,22,100.0,11.7289
nuscenes_mini_subset,scene-0103_032,yaw,0.5,yaw_0.5deg,8,Car,32.17,far,10,100.0,11.7968
nuscenes_mini_subset,scene-0103_032,yaw,0.5,yaw_0.5deg,10,Bicycle,16.18,mid,16,100.0,12.7743
nuscenes_mini_subset,scene-0103_032,yaw,0.5,yaw_0.5deg,11,Car,18.39,mid,24,100.0,12.1244
nuscenes_mini_subset,scene-0103_032,yaw,0.5,yaw_0.5deg,12,Truck,23.7,mid,70,100.0,12.4521
nuscenes_mini_subset,scene-0103_032,yaw,0.5,yaw_0.5deg,16,Car,12.57,near,111,100.0,13.552
nuscenes_mini_subset,scene-0103_032,yaw,1.0,yaw_1deg,6,Car,24.57,mid,22,86.3636,23.4124
nuscenes_mini_subset,scene-0103_032,yaw,1.0,yaw_1deg,8,Car,32.17,far,10,100.0,23.6462
nuscenes_mini_subset,scene-0103_032,yaw,1.0,yaw_1deg,10,Bicycle,16.18,mid,16,100.0,25.6331
nuscenes_mini_subset,scene-0103_032,yaw,1.0,yaw_1deg,11,Car,18.39,mid,24,95.8333,24.1903
nuscenes_mini_subset,scene-0103_032,yaw,1.0,yaw_1deg,12,Truck,23.7,mid,70,100.0,24.9798
nuscenes_mini_subset,scene-0103_032,yaw,1.0,yaw_1deg,16,Car,12.57,near,111,98.1982,27.0009
nuscenes_mini_subset,scene-0103_032,yaw,2.0,yaw_2deg,6,Car,24.57,mid,22,72.7273,46.6516
nuscenes_mini_subset,scene-0103_032,yaw,2.0,yaw_2deg,8,Car,32.17,far,10,100.0,47.5117
nuscenes_mini_subset,scene-0103_032,yaw,2.0,yaw_2deg,10,Bicycle,16.18,mid,16,81.25,51.6158
nuscenes_mini_subset,scene-0103_032,yaw,2.0,yaw_2deg,11,Car,18.39,mid,24,66.6667,48.1559
nuscenes_mini_subset,scene-0103_032,yaw,2.0,yaw_2deg,12,Truck,23.7,mid,70,95.7143,50.2731
nuscenes_mini_subset,scene-0103_032,yaw,2.0,yaw_2deg,16,Car,12.57,near,111,91.8919,53.603
nuscenes_mini_subset,scene-0103_032,yaw,3.0,yaw_3deg,6,Car,24.57,mid,22,40.9091,69.734
nuscenes_mini_subset,scene-0103_032,yaw,3.0,yaw_3deg,8,Car,32.17,far,10,80.0,71.6147
nuscenes_mini_subset,scene-0103_032,yaw,3.0,yaw_3deg,10,Bicycle,16.18,mid,16,25.0,77.9721
nuscenes_mini_subset,scene-0103_032,yaw,3.0,yaw_3deg,11,Car,18.39,mid,24,50.0,71.9149
nuscenes_mini_subset,scene-0103_032,yaw,3.0,yaw_3deg,12,Truck,23.7,mid,70,87.1429,75.902
nuscenes_mini_subset,scene-0103_032,yaw,3.0,yaw_3deg,16,Car,12.57,near,111,83.7838,79.8319
nuscenes_mini_subset,scene-0103_032,pitch,0.5,pitch_0.5deg,6,Car,24.57,mid,22,100.0,11.2166
nuscenes_mini_subset,scene-0103_032,pitch,0.5,pitch_0.5deg,8,Car,32.17,far,10,100.0,11.1075
nuscenes_mini_subset,scene-0103_032,pitch,0.5,pitch_0.5deg,10,Bicycle,16.18,mid,16,100.0,11.3115
nuscenes_mini_subset,scene-0103_032,pitch,0.5,pitch_0.5deg,11,Car,18.39,mid,24,100.0,11.3514
nuscenes_mini_subset,scene-0103_032,pitch,0.5,pitch_0.5deg,12,Truck,23.7,mid,70,100.0,11.1387
nuscenes_mini_subset,scene-0103_032,pitch,0.5,pitch_0.5deg,16,Car,12.57,near,111,100.0,11.5714
nuscenes_mini_subset,scene-0103_032,pitch,1.0,pitch_1deg,6,Car,24.57,mid,22,100.0,22.4471
nuscenes_mini_subset,scene-0103_032,pitch,1.0,pitch_1deg,8,Car,32.17,far,10,80.0,22.2269
nuscenes_mini_subset,scene-0103_032,pitch,1.0,pitch_1deg,10,Bicycle,16.18,mid,16,100.0,22.6431
nuscenes_mini_subset,scene-0103_032,pitch,1.0,pitch_1deg,11,Car,18.39,mid,24,100.0,22.7226
nuscenes_mini_subset,scene-0103_032,pitch,1.0,pitch_1deg,12,Truck,23.7,mid,70,100.0,22.287
nuscenes_mini_subset,scene-0103_032,pitch,1.0,pitch_1deg,16,Car,12.57,near,111,100.0,23.1616
nuscenes_mini_subset,scene-0103_032,pitch,2.0,pitch_2deg,6,Car,24.57,mid,22,68.1818,44.9484
nuscenes_mini_subset,scene-0103_032,pitch,2.0,pitch_2deg,8,Car,32.17,far,10,80.0,44.5088
nuscenes_mini_subset,scene-0103_032,pitch,2.0,pitch_2deg,10,Bicycle,16.18,mid,16,75.0,45.3749
nuscenes_mini_subset,scene-0103_032,pitch,2.0,pitch_2deg,11,Car,18.39,mid,24,66.6667,45.5317
nuscenes_mini_subset,scene-0103_032,pitch,2.0,pitch_2deg,12,Truck,23.7,mid,70,87.1429,44.629
nuscenes_mini_subset,scene-0103_032,pitch,2.0,pitch_2deg,16,Car,12.57,near,111,100.0,46.4093
nuscenes_mini_subset,scene-0103_032,pitch,3.0,pitch_3deg,6,Car,24.57,mid,22,40.9091,67.5187
nuscenes_mini_subset,scene-0103_032,pitch,3.0,pitch_3deg,8,Car,32.17,far,10,0.0,66.8601
nuscenes_mini_subset,scene-0103_032,pitch,3.0,pitch_3deg,10,Bicycle,16.18,mid,16,50.0,68.2111
nuscenes_mini_subset,scene-0103_032,pitch,3.0,pitch_3deg,11,Car,18.39,mid,24,45.8333,68.432
nuscenes_mini_subset,scene-0103_032,pitch,3.0,pitch_3deg,12,Truck,23.7,mid,70,64.2857,67.0407
nuscenes_mini_subset,scene-0103_032,pitch,3.0,pitch_3deg,16,Car,12.57,near,111,87.3874,69.7768
nuscenes_mini_subset,scene-0103_032,roll,0.5,roll_0.5deg,6,Car,24.57,mid,22,100.0,2.37
nuscenes_mini_subset,scene-0103_032,roll,0.5,roll_0.5deg,8,Car,32.17,far,10,100.0,2.7935
nuscenes_mini_subset,scene-0103_032,roll,0.5,roll_0.5deg,10,Bicycle,16.18,mid,16,100.0,4.1251
nuscenes_mini_subset,scene-0103_032,roll,0.5,roll_0.5deg,11,Car,18.39,mid,24,100.0,3.002
nuscenes_mini_subset,scene-0103_032,roll,0.5,roll_0.5deg,12,Truck,23.7,mid,70,100.0,3.8324
nuscenes_mini_subset,scene-0103_032,roll,0.5,roll_0.5deg,16,Car,12.57,near,111,100.0,4.7607
nuscenes_mini_subset,scene-0103_032,roll,1.0,roll_1deg,6,Car,24.57,mid,22,100.0,4.7402
nuscenes_mini_subset,scene-0103_032,roll,1.0,roll_1deg,8,Car,32.17,far,10,100.0,5.5867
nuscenes_mini_subset,scene-0103_032,roll,1.0,roll_1deg,10,Bicycle,16.18,mid,16,100.0,8.2494
nuscenes_mini_subset,scene-0103_032,roll,1.0,roll_1deg,11,Car,18.39,mid,24,100.0,6.0044
nuscenes_mini_subset,scene-0103_032,roll,1.0,roll_1deg,12,Truck,23.7,mid,70,100.0,7.6641
nuscenes_mini_subset,scene-0103_032,roll,1.0,roll_1deg,16,Car,12.57,near,111,100.0,9.5223
nuscenes_mini_subset,scene-0103_032,roll,2.0,roll_2deg,6,Car,24.57,mid,22,100.0,9.481
nuscenes_mini_subset,scene-0103_032,roll,2.0,roll_2deg,8,Car,32.17,far,10,100.0,11.1715
nuscenes_mini_subset,scene-0103_032,roll,2.0,roll_2deg,10,Bicycle,16.18,mid,16,100.0,16.4951
nuscenes_mini_subset,scene-0103_032,roll,2.0,roll_2deg,11,Car,18.39,mid,24,100.0,12.0098
nuscenes_mini_subset,scene-0103_032,roll,2.0,roll_2deg,12,Truck,23.7,mid,70,100.0,15.3249
nuscenes_mini_subset,scene-0103_032,roll,2.0,roll_2deg,16,Car,12.57,near,111,100.0,19.0477
nuscenes_mini_subset,scene-0103_032,roll,3.0,roll_3deg,6,Car,24.57,mid,22,100.0,14.2221
nuscenes_mini_subset,scene-0103_032,roll,3.0,roll_3deg,8,Car,32.17,far,10,100.0,16.754
nuscenes_mini_subset,scene-0103_032,roll,3.0,roll_3deg,10,Bicycle,16.18,mid,16,100.0,24.7366
nuscenes_mini_subset,scene-0103_032,roll,3.0,roll_3deg,11,Car,18.39,mid,24,100.0,18.0157
nuscenes_mini_subset,scene-0103_032,roll,3.0,roll_3deg,12,Truck,23.7,mid,70,94.2857,22.982
nuscenes_mini_subset,scene-0103_032,roll,3.0,roll_3deg,16,Car,12.57,near,111,100.0,28.5754
nuscenes_mini_subset,scene-0103_032,tx,0.02,tx_2cm,6,Car,24.57,mid,22,100.0,0.2411
nuscenes_mini_subset,scene-0103_032,tx,0.02,tx_2cm,8,Car,32.17,far,10,100.0,0.2061
nuscenes_mini_subset,scene-0103_032,tx,0.02,tx_2cm,10,Bicycle,16.18,mid,16,100.0,0.574
nuscenes_mini_subset,scene-0103_032,tx,0.02,tx_2cm,11,Car,18.39,mid,24,100.0,0.4034
nuscenes_mini_subset,scene-0103_032,tx,0.02,tx_2cm,12,Truck,23.7,mid,70,100.0,0.3735
nuscenes_mini_subset,scene-0103_032,tx,0.02,tx_2cm,16,Car,12.57,near,111,100.0,1.0027
nuscenes_mini_subset,scene-0103_032,tx,0.05,tx_5cm,6,Car,24.57,mid,22,100.0,0.602
nuscenes_mini_subset,scene-0103_032,tx,0.05,tx_5cm,8,Car,32.17,far,10,100.0,0.5148
nuscenes_mini_subset,scene-0103_032,tx,0.05,tx_5cm,10,Bicycle,16.18,mid,16,100.0,1.4323
nuscenes_mini_subset,scene-0103_032,tx,0.05,tx_5cm,11,Car,18.39,mid,24,100.0,1.0067
nuscenes_mini_subset,scene-0103_032,tx,0.05,tx_5cm,12,Truck,23.7,mid,70,100.0,0.9324
nuscenes_mini_subset,scene-0103_032,tx,0.05,tx_5cm,16,Car,12.57,near,111,100.0,2.4999
nuscenes_mini_subset,scene-0103_032,tx,0.1,tx_10cm,6,Car,24.57,mid,22,100.0,1.2013
nuscenes_mini_subset,scene-0103_032,tx,0.1,tx_10cm,8,Car,32.17,far,10,100.0,1.028
nuscenes_mini_subset,scene-0103_032,tx,0.1,tx_10cm,10,Bicycle,16.18,mid,16,100.0,2.856
nuscenes_mini_subset,scene-0103_032,tx,0.1,tx_10cm,11,Car,18.39,mid,24,100.0,2.0076
nuscenes_mini_subset,scene-0103_032,tx,0.1,tx_10cm,12,Truck,23.7,mid,70,100.0,1.8609
nuscenes_mini_subset,scene-0103_032,tx,0.1,tx_10cm,16,Car,12.57,near,111,100.0,4.9771
nuscenes_mini_subset,scene-0103_032,ty,0.02,ty_2cm,6,Car,24.57,mid,22,100.0,1.1054
nuscenes_mini_subset,scene-0103_032,ty,0.02,ty_2cm,8,Car,32.17,far,10,100.0,0.807
nuscenes_mini_subset,scene-0103_032,ty,0.02,ty_2cm,10,Bicycle,16.18,mid,16,100.0,1.523
nuscenes_mini_subset,scene-0103_032,ty,0.02,ty_2cm,11,Car,18.39,mid,24,100.0,1.4769
nuscenes_mini_subset,scene-0103_032,ty,0.02,ty_2cm,12,Truck,23.7,mid,70,100.0,1.0783
nuscenes_mini_subset,scene-0103_032,ty,0.02,ty_2cm,16,Car,12.57,near,111,100.0,2.3293
nuscenes_mini_subset,scene-0103_032,ty,0.05,ty_5cm,6,Car,24.57,mid,22,100.0,2.7634
nuscenes_mini_subset,scene-0103_032,ty,0.05,ty_5cm,8,Car,32.17,far,10,100.0,2.0176
nuscenes_mini_subset,scene-0103_032,ty,0.05,ty_5cm,10,Bicycle,16.18,mid,16,100.0,3.8075
nuscenes_mini_subset,scene-0103_032,ty,0.05,ty_5cm,11,Car,18.39,mid,24,100.0,3.6923
nuscenes_mini_subset,scene-0103_032,ty,0.05,ty_5cm,12,Truck,23.7,mid,70,100.0,2.6957
nuscenes_mini_subset,scene-0103_032,ty,0.05,ty_5cm,16,Car,12.57,near,111,100.0,5.8232
nuscenes_mini_subset,scene-0103_032,ty,0.1,ty_10cm,6,Car,24.57,mid,22,100.0,5.5266
nuscenes_mini_subset,scene-0103_032,ty,0.1,ty_10cm,8,Car,32.17,far,10,100.0,4.0351
nuscenes_mini_subset,scene-0103_032,ty,0.1,ty_10cm,10,Bicycle,16.18,mid,16,100.0,7.6147
nuscenes_mini_subset,scene-0103_032,ty,0.1,ty_10cm,11,Car,18.39,mid,24,100.0,7.3843
nuscenes_mini_subset,scene-0103_032,ty,0.1,ty_10cm,12,Truck,23.7,mid,70,100.0,5.3913
nuscenes_mini_subset,scene-0103_032,ty,0.1,ty_10cm,16,Car,12.57,near,111,100.0,11.6458
nuscenes_mini_subset,scene-0103_032,tz,0.02,tz_2cm,6,Car,24.57,mid,22,100.0,1.1019
nuscenes_mini_subset,scene-0103_032,tz,0.02,tz_2cm,8,Car,32.17,far,10,100.0,0.8101
nuscenes_mini_subset,scene-0103_032,tz,0.02,tz_2cm,10,Bicycle,16.18,mid,16,100.0,1.5355
nuscenes_mini_subset,scene-0103_032,tz,0.02,tz_2cm,11,Car,18.39,mid,24,100.0,1.4719
nuscenes_mini_subset,scene-0103_032,tz,0.02,tz_2cm,12,Truck,23.7,mid,70,100.0,1.0824
nuscenes_mini_subset,scene-0103_032,tz,0.02,tz_2cm,16,Car,12.57,near,111,100.0,2.3235
nuscenes_mini_subset,scene-0103_032,tz,0.05,tz_5cm,6,Car,24.57,mid,22,100.0,2.7546
nuscenes_mini_subset,scene-0103_032,tz,0.05,tz_5cm,8,Car,32.17,far,10,100.0,2.0251
nuscenes_mini_subset,scene-0103_032,tz,0.05,tz_5cm,10,Bicycle,16.18,mid,16,100.0,3.8384
nuscenes_mini_subset,scene-0103_032,tz,0.05,tz_5cm,11,Car,18.39,mid,24,100.0,3.6794
nuscenes_mini_subset,scene-0103_032,tz,0.05,tz_5cm,12,Truck,23.7,mid,70,100.0,2.7058
nuscenes_mini_subset,scene-0103_032,tz,0.05,tz_5cm,16,Car,12.57,near,111,100.0,5.8078
nuscenes_mini_subset,scene-0103_032,tz,0.1,tz_10cm,6,Car,24.57,mid,22,100.0,5.5085
nuscenes_mini_subset,scene-0103_032,tz,0.1,tz_10cm,8,Car,32.17,far,10,100.0,4.0498
nuscenes_mini_subset,scene-0103_032,tz,0.1,tz_10cm,10,Bicycle,16.18,mid,16,100.0,7.6755
nuscenes_mini_subset,scene-0103_032,tz,0.1,tz_10cm,11,Car,18.39,mid,24,100.0,7.3576
nuscenes_mini_subset,scene-0103_032,tz,0.1,tz_10cm,12,Truck,23.7,mid,70,100.0,5.411
nuscenes_mini_subset,scene-0103_032,tz,0.1,tz_10cm,16,Car,12.57,near,111,100.0,11.6127
nuscenes_mini_subset,scene-0103_032,time,34.5,no_ego_motion,6,Car,24.57,mid,22,100.0,2.5853
nuscenes_mini_subset,scene-0103_032,time,34.5,no_ego_motion,8,Car,32.17,far,10,100.0,3.0468
nuscenes_mini_subset,scene-0103_032,time,34.5,no_ego_motion,10,Bicycle,16.18,mid,16,100.0,7.9309
nuscenes_mini_subset,scene-0103_032,time,34.5,no_ego_motion,11,Car,18.39,mid,24,100.0,4.6401
nuscenes_mini_subset,scene-0103_032,time,34.5,no_ego_motion,12,Truck,23.7,mid,70,100.0,5.2377
nuscenes_mini_subset,scene-0103_032,time,34.5,no_ego_motion,16,Car,12.57,near,111,100.0,12.1556
nuscenes_mini_subset,scene-0103_033,baseline,0.0,baseline,5,Car,20.86,mid,30,100.0,0.0
nuscenes_mini_subset,scene-0103_033,baseline,0.0,baseline,7,Car,28.41,mid,20,100.0,0.0
nuscenes_mini_subset,scene-0103_033,baseline,0.0,baseline,9,Car,14.65,near,56,100.0,0.0
nuscenes_mini_subset,scene-0103_033,baseline,0.0,baseline,11,Truck,19.91,mid,118,100.0,0.0
nuscenes_mini_subset,scene-0103_033,yaw,0.5,yaw_0.5deg,5,Car,20.86,mid,30,100.0,11.9178
nuscenes_mini_subset,scene-0103_033,yaw,0.5,yaw_0.5deg,7,Car,28.41,mid,20,100.0,12.0248
nuscenes_mini_subset,scene-0103_033,yaw,0.5,yaw_0.5deg,9,Car,14.65,near,56,100.0,12.8343
nuscenes_mini_subset,scene-0103_033,yaw,0.5,yaw_0.5deg,11,Truck,19.91,mid,118,100.0,13.1376
nuscenes_mini_subset,scene-0103_033,yaw,1.0,yaw_1deg,5,Car,20.86,mid,30,96.6667,23.7842
nuscenes_mini_subset,scene-0103_033,yaw,1.0,yaw_1deg,7,Car,28.41,mid,20,100.0,24.1106
nuscenes_mini_subset,scene-0103_033,yaw,1.0,yaw_1deg,9,Car,14.65,near,56,96.4286,25.5867
nuscenes_mini_subset,scene-0103_033,yaw,1.0,yaw_1deg,11,Truck,19.91,mid,118,100.0,26.373
nuscenes_mini_subset,scene-0103_033,yaw,2.0,yaw_2deg,5,Car,20.86,mid,30,83.3333,47.372
nuscenes_mini_subset,scene-0103_033,yaw,2.0,yaw_2deg,7,Car,28.41,mid,20,100.0,48.4753
nuscenes_mini_subset,scene-0103_033,yaw,2.0,yaw_2deg,9,Car,14.65,near,56,87.5,50.8553
nuscenes_mini_subset,scene-0103_033,yaw,2.0,yaw_2deg,11,Truck,19.91,mid,118,100.0,53.1508
nuscenes_mini_subset,scene-0103_033,yaw,3.0,yaw_3deg,5,Car,20.86,mid,30,50.0,70.7806
nuscenes_mini_subset,scene-0103_033,yaw,3.0,yaw_3deg,7,Car,28.41,mid,20,85.0,73.1135
nuscenes_mini_subset,scene-0103_033,yaw,3.0,yaw_3deg,9,Car,14.65,near,56,76.7857,75.8266
nuscenes_mini_subset,scene-0103_033,yaw,3.0,yaw_3deg,11,Truck,19.91,mid,118,94.9153,80.3598
nuscenes_mini_subset,scene-0103_033,pitch,0.5,pitch_0.5deg,5,Car,20.86,mid,30,100.0,11.2685
nuscenes_mini_subset,scene-0103_033,pitch,0.5,pitch_0.5deg,7,Car,28.41,mid,20,100.0,11.1345
nuscenes_mini_subset,scene-0103_033,pitch,0.5,pitch_0.5deg,9,Car,14.65,near,56,100.0,11.4442
nuscenes_mini_subset,scene-0103_033,pitch,0.5,pitch_0.5deg,11,Truck,19.91,mid,118,100.0,11.2001
nuscenes_mini_subset,scene-0103_033,pitch,1.0,pitch_1deg,5,Car,20.86,mid,30,93.3333,22.5488
nuscenes_mini_subset,scene-0103_033,pitch,1.0,pitch_1deg,7,Car,28.41,mid,20,100.0,22.2835
nuscenes_mini_subset,scene-0103_033,pitch,1.0,pitch_1deg,9,Car,14.65,near,56,100.0,22.9085
nuscenes_mini_subset,scene-0103_033,pitch,1.0,pitch_1deg,11,Truck,19.91,mid,118,100.0,22.4149
nuscenes_mini_subset,scene-0103_033,pitch,2.0,pitch_2deg,5,Car,20.86,mid,30,83.3333,45.1521
nuscenes_mini_subset,scene-0103_033,pitch,2.0,pitch_2deg,7,Car,28.41,mid,20,50.0,44.6322
nuscenes_mini_subset,scene-0103_033,pitch,2.0,pitch_2deg,9,Car,14.65,near,56,83.9286,45.897
nuscenes_mini_subset,scene-0103_033,pitch,2.0,pitch_2deg,11,Truck,19.91,mid,118,89.8305,44.9048
nuscenes_mini_subset,scene-0103_033,pitch,3.0,pitch_3deg,5,Car,20.86,mid,30,56.6667,67.8314
nuscenes_mini_subset,scene-0103_033,pitch,3.0,pitch_3deg,7,Car,28.41,mid,20,0.0,67.0607
nuscenes_mini_subset,scene-0103_033,pitch,3.0,pitch_3deg,9,Car,14.65,near,56,83.9286,68.9885
nuscenes_mini_subset,scene-0103_033,pitch,3.0,pitch_3deg,11,Truck,19.91,mid,118,79.661,67.4879
nuscenes_mini_subset,scene-0103_033,roll,0.5,roll_0.5deg,5,Car,20.86,mid,30,100.0,2.6754
nuscenes_mini_subset,scene-0103_033,roll,0.5,roll_0.5deg,7,Car,28.41,mid,20,100.0,3.1763
nuscenes_mini_subset,scene-0103_033,roll,0.5,roll_0.5deg,9,Car,14.65,near,56,100.0,3.9672
nuscenes_mini_subset,scene-0103_033,roll,0.5,roll_0.5deg,11,Truck,19.91,mid,118,100.0,4.6527
nuscenes_mini_subset,scene-0103_033,roll,1.0,roll_1deg,5,Car,20.86,mid,30,100.0,5.351
nuscenes_mini_subset,scene-0103_033,roll,1.0,roll_1deg,7,Car,28.41,mid,20,100.0,6.3521
nuscenes_mini_subset,scene-0103_033,roll,1.0,roll_1deg,9,Car,14.65,near,56,100.0,7.935
nuscenes_mini_subset,scene-0103_033,roll,1.0,roll_1deg,11,Truck,19.91,mid,118,100.0,9.3043
nuscenes_mini_subset,scene-0103_033,roll,2.0,roll_2deg,5,Car,20.86,mid,30,100.0,10.7027
nuscenes_mini_subset,scene-0103_033,roll,2.0,roll_2deg,7,Car,28.41,mid,20,100.0,12.7019
nuscenes_mini_subset,scene-0103_033,roll,2.0,roll_2deg,9,Car,14.65,near,56,100.0,15.8719
nuscenes_mini_subset,scene-0103_033,roll,2.0,roll_2deg,11,Truck,19.91,mid,118,100.0,18.6041
nuscenes_mini_subset,scene-0103_033,roll,3.0,roll_3deg,5,Car,20.86,mid,30,93.3333,16.0547
nuscenes_mini_subset,scene-0103_033,roll,3.0,roll_3deg,7,Car,28.41,mid,20,100.0,19.0489
nuscenes_mini_subset,scene-0103_033,roll,3.0,roll_3deg,9,Car,14.65,near,56,100.0,23.8102
nuscenes_mini_subset,scene-0103_033,roll,3.0,roll_3deg,11,Truck,19.91,mid,118,94.9153,27.8987
nuscenes_mini_subset,scene-0103_033,tx,0.02,tx_2cm,5,Car,20.86,mid,30,100.0,0.3259
nuscenes_mini_subset,scene-0103_033,tx,0.02,tx_2cm,7,Car,28.41,mid,20,100.0,0.2651
nuscenes_mini_subset,scene-0103_033,tx,0.02,tx_2cm,9,Car,14.65,near,56,100.0,0.6828
nuscenes_mini_subset,scene-0103_033,tx,0.02,tx_2cm,11,Truck,19.91,mid,118,100.0,0.5685
nuscenes_mini_subset,scene-0103_033,tx,0.05,tx_5cm,5,Car,20.86,mid,30,100.0,0.8134
nuscenes_mini_subset,scene-0103_033,tx,0.05,tx_5cm,7,Car,28.41,mid,20,100.0,0.6621
nuscenes_mini_subset,scene-0103_033,tx,0.05,tx_5cm,9,Car,14.65,near,56,100.0,1.7035
nuscenes_mini_subset,scene-0103_033,tx,0.05,tx_5cm,11,Truck,19.91,mid,118,100.0,1.4189
nuscenes_mini_subset,scene-0103_033,tx,0.1,tx_10cm,5,Car,20.86,mid,30,100.0,1.6224
nuscenes_mini_subset,scene-0103_033,tx,0.1,tx_10cm,7,Car,28.41,mid,20,100.0,1.3219
nuscenes_mini_subset,scene-0103_033,tx,0.1,tx_10cm,9,Car,14.65,near,56,100.0,3.3952
nuscenes_mini_subset,scene-0103_033,tx,0.1,tx_10cm,11,Truck,19.91,mid,118,100.0,2.8304
nuscenes_mini_subset,scene-0103_033,ty,0.02,ty_2cm,5,Car,20.86,mid,30,100.0,1.3231
nuscenes_mini_subset,scene-0103_033,ty,0.02,ty_2cm,7,Car,28.41,mid,20,100.0,0.9144
nuscenes_mini_subset,scene-0103_033,ty,0.02,ty_2cm,9,Car,14.65,near,56,100.0,1.8908
nuscenes_mini_subset,scene-0103_033,ty,0.02,ty_2cm,11,Truck,19.91,mid,118,100.0,1.3107
nuscenes_mini_subset,scene-0103_033,ty,0.05,ty_5cm,5,Car,20.86,mid,30,100.0,3.3077
nuscenes_mini_subset,scene-0103_033,ty,0.05,ty_5cm,7,Car,28.41,mid,20,100.0,2.2861
nuscenes_mini_subset,scene-0103_033,ty,0.05,ty_5cm,9,Car,14.65,near,56,100.0,4.727
nuscenes_mini_subset,scene-0103_033,ty,0.05,ty_5cm,11,Truck,19.91,mid,118,100.0,3.2766
nuscenes_mini_subset,scene-0103_033,ty,0.1,ty_10cm,5,Car,20.86,mid,30,100.0,6.6152
nuscenes_mini_subset,scene-0103_033,ty,0.1,ty_10cm,7,Car,28.41,mid,20,100.0,4.572
nuscenes_mini_subset,scene-0103_033,ty,0.1,ty_10cm,9,Car,14.65,near,56,100.0,9.4536
nuscenes_mini_subset,scene-0103_033,ty,0.1,ty_10cm,11,Truck,19.91,mid,118,100.0,6.553
nuscenes_mini_subset,scene-0103_033,tz,0.02,tz_2cm,5,Car,20.86,mid,30,100.0,1.3195
nuscenes_mini_subset,scene-0103_033,tz,0.02,tz_2cm,7,Car,28.41,mid,20,100.0,0.9187
nuscenes_mini_subset,scene-0103_033,tz,0.02,tz_2cm,9,Car,14.65,near,56,100.0,1.8873
nuscenes_mini_subset,scene-0103_033,tz,0.02,tz_2cm,11,Truck,19.91,mid,118,100.0,1.3165
nuscenes_mini_subset,scene-0103_033,tz,0.05,tz_5cm,5,Car,20.86,mid,30,100.0,3.2984
nuscenes_mini_subset,scene-0103_033,tz,0.05,tz_5cm,7,Car,28.41,mid,20,100.0,2.2965
nuscenes_mini_subset,scene-0103_033,tz,0.05,tz_5cm,9,Car,14.65,near,56,100.0,4.7176
nuscenes_mini_subset,scene-0103_033,tz,0.05,tz_5cm,11,Truck,19.91,mid,118,100.0,3.2909
nuscenes_mini_subset,scene-0103_033,tz,0.1,tz_10cm,5,Car,20.86,mid,30,100.0,6.5958
nuscenes_mini_subset,scene-0103_033,tz,0.1,tz_10cm,7,Car,28.41,mid,20,100.0,4.5926
nuscenes_mini_subset,scene-0103_033,tz,0.1,tz_10cm,9,Car,14.65,near,56,100.0,9.4333
nuscenes_mini_subset,scene-0103_033,tz,0.1,tz_10cm,11,Truck,19.91,mid,118,100.0,6.5808
nuscenes_mini_subset,scene-0103_033,time,34.9,no_ego_motion,5,Car,20.86,mid,30,100.0,4.7736
nuscenes_mini_subset,scene-0103_033,time,34.9,no_ego_motion,7,Car,28.41,mid,20,100.0,3.5229
nuscenes_mini_subset,scene-0103_033,time,34.9,no_ego_motion,9,Car,14.65,near,56,100.0,9.4668
nuscenes_mini_subset,scene-0103_033,time,34.9,no_ego_motion,11,Truck,19.91,mid,118,100.0,7.4713
nuscenes_mini_subset,scene-0103_034,baseline,0.0,baseline,6,Car,17.0,mid,52,100.0,0.0
nuscenes_mini_subset,scene-0103_034,baseline,0.0,baseline,8,Car,24.53,mid,22,100.0,0.0
nuscenes_mini_subset,scene-0103_034,baseline,0.0,baseline,11,Truck,16.06,mid,180,89.4444,0.0
nuscenes_mini_subset,scene-0103_034,baseline,0.0,baseline,14,Car,22.66,mid,17,100.0,0.0
nuscenes_mini_subset,scene-0103_034,yaw,0.5,yaw_0.5deg,6,Car,17.0,mid,52,100.0,12.2999
nuscenes_mini_subset,scene-0103_034,yaw,0.5,yaw_0.5deg,8,Car,24.53,mid,22,100.0,12.3661
nuscenes_mini_subset,scene-0103_034,yaw,0.5,yaw_0.5deg,11,Truck,16.06,mid,180,85.0,14.0921
nuscenes_mini_subset,scene-0103_034,yaw,0.5,yaw_0.5deg,14,Car,22.66,mid,17,94.1176,11.7839
nuscenes_mini_subset,scene-0103_034,yaw,1.0,yaw_1deg,6,Car,17.0,mid,52,96.1538,24.5355
nuscenes_mini_subset,scene-0103_034,yaw,1.0,yaw_1deg,8,Car,24.53,mid,22,100.0,24.8054
nuscenes_mini_subset,scene-0103_034,yaw,1.0,yaw_1deg,11,Truck,16.06,mid,180,82.7778,28.2917
nuscenes_mini_subset,scene-0103_034,yaw,1.0,yaw_1deg,14,Car,22.66,mid,17,88.2353,23.5205
nuscenes_mini_subset,scene-0103_034,yaw,2.0,yaw_2deg,6,Car,17.0,mid,52,82.6923,48.8233
nuscenes_mini_subset,scene-0103_034,yaw,2.0,yaw_2deg,8,Car,24.53,mid,22,100.0,49.9143
nuscenes_mini_subset,scene-0103_034,yaw,2.0,yaw_2deg,11,Truck,16.06,mid,180,75.0,56.6699
nuscenes_mini_subset,scene-0103_034,yaw,2.0,yaw_2deg,14,Car,22.66,mid,17,76.4706,46.8602
nuscenes_mini_subset,scene-0103_034,yaw,3.0,yaw_3deg,6,Car,17.0,mid,52,71.1538,72.8825
nuscenes_mini_subset,scene-0103_034,yaw,3.0,yaw_3deg,8,Car,24.53,mid,22,86.3636,75.3482
nuscenes_mini_subset,scene-0103_034,yaw,3.0,yaw_3deg,11,Truck,16.06,mid,180,68.8889,85.306
nuscenes_mini_subset,scene-0103_034,yaw,3.0,yaw_3deg,14,Car,22.66,mid,17,23.5294,70.0357
nuscenes_mini_subset,scene-0103_034,pitch,0.5,pitch_0.5deg,6,Car,17.0,mid,52,100.0,11.344
nuscenes_mini_subset,scene-0103_034,pitch,0.5,pitch_0.5deg,8,Car,24.53,mid,22,100.0,11.1783
nuscenes_mini_subset,scene-0103_034,pitch,0.5,pitch_0.5deg,11,Truck,16.06,mid,180,89.4444,11.2534
nuscenes_mini_subset,scene-0103_034,pitch,0.5,pitch_0.5deg,14,Car,22.66,mid,17,100.0,11.231
nuscenes_mini_subset,scene-0103_034,pitch,1.0,pitch_1deg,6,Car,17.0,mid,52,96.1538,22.7075
nuscenes_mini_subset,scene-0103_034,pitch,1.0,pitch_1deg,8,Car,24.53,mid,22,77.2727,22.3739
nuscenes_mini_subset,scene-0103_034,pitch,1.0,pitch_1deg,11,Truck,16.06,mid,180,89.4444,22.5194
nuscenes_mini_subset,scene-0103_034,pitch,1.0,pitch_1deg,14,Car,22.66,mid,17,100.0,22.476
nuscenes_mini_subset,scene-0103_034,pitch,2.0,pitch_2deg,6,Car,17.0,mid,52,96.1538,45.5007
nuscenes_mini_subset,scene-0103_034,pitch,2.0,pitch_2deg,8,Car,24.53,mid,22,22.7273,44.8243
nuscenes_mini_subset,scene-0103_034,pitch,2.0,pitch_2deg,11,Truck,16.06,mid,180,85.0,45.099
nuscenes_mini_subset,scene-0103_034,pitch,2.0,pitch_2deg,14,Car,22.66,mid,17,58.8235,45.0062
nuscenes_mini_subset,scene-0103_034,pitch,3.0,pitch_3deg,6,Car,17.0,mid,52,67.3077,68.3844
nuscenes_mini_subset,scene-0103_034,pitch,3.0,pitch_3deg,8,Car,24.53,mid,22,22.7273,67.3663
nuscenes_mini_subset,scene-0103_034,pitch,3.0,pitch_3deg,11,Truck,16.06,mid,180,82.2222,67.7603
nuscenes_mini_subset,scene-0103_034,pitch,3.0,pitch_3deg,14,Car,22.66,mid,17,35.2941,67.6054
nuscenes_mini_subset,scene-0103_034,roll,0.5,roll_0.5deg,6,Car,17.0,mid,52,100.0,3.2948
nuscenes_mini_subset,scene-0103_034,roll,0.5,roll_0.5deg,8,Car,24.53,mid,22,100.0,3.689
nuscenes_mini_subset,scene-0103_034,roll,0.5,roll_0.5deg,11,Truck,16.06,mid,180,89.4444,5.7278
nuscenes_mini_subset,scene-0103_034,roll,0.5,roll_0.5deg,14,Car,22.66,mid,17,100.0,2.4964
nuscenes_mini_subset,scene-0103_034,roll,1.0,roll_1deg,6,Car,17.0,mid,52,100.0,6.59
nuscenes_mini_subset,scene-0103_034,roll,1.0,roll_1deg,8,Car,24.53,mid,22,100.0,7.3772
nuscenes_mini_subset,scene-0103_034,roll,1.0,roll_1deg,11,Truck,16.06,mid,180,89.4444,11.454
nuscenes_mini_subset,scene-0103_034,roll,1.0,roll_1deg,14,Car,22.66,mid,17,100.0,4.9929
nuscenes_mini_subset,scene-0103_034,roll,2.0,roll_2deg,6,Car,17.0,mid,52,100.0,13.1812
nuscenes_mini_subset,scene-0103_034,roll,2.0,roll_2deg,8,Car,24.53,mid,22,100.0,14.7514
nuscenes_mini_subset,scene-0103_034,roll,2.0,roll_2deg,11,Truck,16.06,mid,180,88.8889,22.8749
nuscenes_mini_subset,scene-0103_034,roll,2.0,roll_2deg,14,Car,22.66,mid,17,100.0,9.9866
nuscenes_mini_subset,scene-0103_034,roll,3.0,roll_3deg,6,Car,17.0,mid,52,98.0769,19.7733
nuscenes_mini_subset,scene-0103_034,roll,3.0,roll_3deg,8,Car,24.53,mid,22,100.0,22.122
nuscenes_mini_subset,scene-0103_034,roll,3.0,roll_3deg,11,Truck,16.06,mid,180,88.8889,34.3016
nuscenes_mini_subset,scene-0103_034,roll,3.0,roll_3deg,14,Car,22.66,mid,17,100.0,14.9805
nuscenes_mini_subset,scene-0103_034,tx,0.02,tx_2cm,6,Car,17.0,mid,52,100.0,0.4941
nuscenes_mini_subset,scene-0103_034,tx,0.02,tx_2cm,8,Car,24.53,mid,22,100.0,0.3569
nuscenes_mini_subset,scene-0103_034,tx,0.02,tx_2cm,11,Truck,16.06,mid,180,89.4444,0.8508
nuscenes_mini_subset,scene-0103_034,tx,0.02,tx_2cm,14,Car,22.66,mid,17,100.0,0.2694
nuscenes_mini_subset,scene-0103_034,tx,0.05,tx_5cm,6,Car,17.0,mid,52,100.0,1.2328
nuscenes_mini_subset,scene-0103_034,tx,0.05,tx_5cm,8,Car,24.53,mid,22,100.0,0.891
nuscenes_mini_subset,scene-0103_034,tx,0.05,tx_5cm,11,Truck,16.06,mid,180,89.4444,2.1227
nuscenes_mini_subset,scene-0103_034,tx,0.05,tx_5cm,14,Car,22.66,mid,17,100.0,0.6726
nuscenes_mini_subset,scene-0103_034,tx,0.1,tx_10cm,6,Car,17.0,mid,52,100.0,2.4574
nuscenes_mini_subset,scene-0103_034,tx,0.1,tx_10cm,8,Car,24.53,mid,22,100.0,1.7783
nuscenes_mini_subset,scene-0103_034,tx,0.1,tx_10cm,11,Truck,16.06,mid,180,90.5556,4.2317
nuscenes_mini_subset,scene-0103_034,tx,0.1,tx_10cm,14,Car,22.66,mid,17,100.0,1.3421
nuscenes_mini_subset,scene-0103_034,ty,0.02,ty_2cm,6,Car,17.0,mid,52,100.0,1.6523
nuscenes_mini_subset,scene-0103_034,ty,0.02,ty_2cm,8,Car,24.53,mid,22,100.0,1.059
nuscenes_mini_subset,scene-0103_034,ty,0.02,ty_2cm,11,Truck,16.06,mid,180,89.4444,1.6193
nuscenes_mini_subset,scene-0103_034,ty,0.02,ty_2cm,14,Car,22.66,mid,17,100.0,1.1543
nuscenes_mini_subset,scene-0103_034,ty,0.05,ty_5cm,6,Car,17.0,mid,52,100.0,4.1306
nuscenes_mini_subset,scene-0103_034,ty,0.05,ty_5cm,8,Car,24.53,mid,22,100.0,2.6474
nuscenes_mini_subset,scene-0103_034,ty,0.05,ty_5cm,11,Truck,16.06,mid,180,88.3333,4.0481
nuscenes_mini_subset,scene-0103_034,ty,0.05,ty_5cm,14,Car,22.66,mid,17,100.0,2.8858
nuscenes_mini_subset,scene-0103_034,ty,0.1,ty_10cm,6,Car,17.0,mid,52,100.0,8.2609
nuscenes_mini_subset,scene-0103_034,ty,0.1,ty_10cm,8,Car,24.53,mid,22,100.0,5.2947
nuscenes_mini_subset,scene-0103_034,ty,0.1,ty_10cm,11,Truck,16.06,mid,180,86.6667,8.0949
nuscenes_mini_subset,scene-0103_034,ty,0.1,ty_10cm,14,Car,22.66,mid,17,100.0,5.7715
nuscenes_mini_subset,scene-0103_034,tz,0.02,tz_2cm,6,Car,17.0,mid,52,100.0,1.6479
nuscenes_mini_subset,scene-0103_034,tz,0.02,tz_2cm,8,Car,24.53,mid,22,100.0,1.0643
nuscenes_mini_subset,scene-0103_034,tz,0.02,tz_2cm,11,Truck,16.06,mid,180,89.4444,1.6362
nuscenes_mini_subset,scene-0103_034,tz,0.02,tz_2cm,14,Car,22.66,mid,17,100.0,1.1542
nuscenes_mini_subset,scene-0103_034,tz,0.05,tz_5cm,6,Car,17.0,mid,52,100.0,4.1192
nuscenes_mini_subset,scene-0103_034,tz,0.05,tz_5cm,8,Car,24.53,mid,22,100.0,2.6607
nuscenes_mini_subset,scene-0103_034,tz,0.05,tz_5cm,11,Truck,16.06,mid,180,89.4444,4.0901
nuscenes_mini_subset,scene-0103_034,tz,0.05,tz_5cm,14,Car,22.66,mid,17,100.0,2.8852
nuscenes_mini_subset,scene-0103_034,tz,0.1,tz_10cm,6,Car,17.0,mid,52,100.0,8.237
nuscenes_mini_subset,scene-0103_034,tz,0.1,tz_10cm,8,Car,24.53,mid,22,100.0,5.3207
nuscenes_mini_subset,scene-0103_034,tz,0.1,tz_10cm,11,Truck,16.06,mid,180,89.4444,8.1787
nuscenes_mini_subset,scene-0103_034,tz,0.1,tz_10cm,14,Car,22.66,mid,17,100.0,5.7697
nuscenes_mini_subset,scene-0103_034,time,35.3,no_ego_motion,6,Car,17.0,mid,52,100.0,7.1274
nuscenes_mini_subset,scene-0103_034,time,35.3,no_ego_motion,8,Car,24.53,mid,22,100.0,4.6833
nuscenes_mini_subset,scene-0103_034,time,35.3,no_ego_motion,11,Truck,16.06,mid,180,84.4444,11.4335
nuscenes_mini_subset,scene-0103_034,time,35.3,no_ego_motion,14,Car,22.66,mid,17,100.0,3.9615
nuscenes_mini_subset,scene-0103_035,baseline,0.0,baseline,1,Car,32.66,far,14,100.0,0.0
nuscenes_mini_subset,scene-0103_035,baseline,0.0,baseline,3,Car,29.34,mid,13,100.0,0.0
nuscenes_mini_subset,scene-0103_035,baseline,0.0,baseline,7,Car,12.24,near,129,100.0,0.0
nuscenes_mini_subset,scene-0103_035,baseline,0.0,baseline,9,Car,19.82,mid,45,100.0,0.0
nuscenes_mini_subset,scene-0103_035,baseline,0.0,baseline,15,Car,17.91,mid,24,100.0,0.0
nuscenes_mini_subset,scene-0103_035,yaw,0.5,yaw_0.5deg,1,Car,32.66,far,14,92.8571,11.9825
nuscenes_mini_subset,scene-0103_035,yaw,0.5,yaw_0.5deg,3,Car,29.34,mid,13,100.0,11.5857
nuscenes_mini_subset,scene-0103_035,yaw,0.5,yaw_0.5deg,7,Car,12.24,near,129,100.0,13.58
nuscenes_mini_subset,scene-0103_035,yaw,0.5,yaw_0.5deg,9,Car,19.82,mid,45,100.0,13.2571
nuscenes_mini_subset,scene-0103_035,yaw,0.5,yaw_0.5deg,15,Car,17.91,mid,24,95.8333,12.248
nuscenes_mini_subset,scene-0103_035,yaw,1.0,yaw_1deg,1,Car,32.66,far,14,85.7143,24.026
nuscenes_mini_subset,scene-0103_035,yaw,1.0,yaw_1deg,3,Car,29.34,mid,13,100.0,23.1309
nuscenes_mini_subset,scene-0103_035,yaw,1.0,yaw_1deg,7,Car,12.24,near,129,100.0,27.0558
nuscenes_mini_subset,scene-0103_035,yaw,1.0,yaw_1deg,9,Car,19.82,mid,45,100.0,26.6163
nuscenes_mini_subset,scene-0103_035,yaw,1.0,yaw_1deg,15,Car,17.91,mid,24,91.6667,24.4328
nuscenes_mini_subset,scene-0103_035,yaw,2.0,yaw_2deg,1,Car,32.66,far,14,50.0,48.3055
nuscenes_mini_subset,scene-0103_035,yaw,2.0,yaw_2deg,3,Car,29.34,mid,13,69.2308,46.1075
nuscenes_mini_subset,scene-0103_035,yaw,2.0,yaw_2deg,7,Car,12.24,near,129,93.7984,53.7083
nuscenes_mini_subset,scene-0103_035,yaw,2.0,yaw_2deg,9,Car,19.82,mid,45,100.0,53.6543
nuscenes_mini_subset,scene-0103_035,yaw,2.0,yaw_2deg,15,Car,17.91,mid,24,91.6667,48.6221
nuscenes_mini_subset,scene-0103_035,yaw,3.0,yaw_3deg,1,Car,32.66,far,14,21.4286,72.8578
nuscenes_mini_subset,scene-0103_035,yaw,3.0,yaw_3deg,3,Car,29.34,mid,13,38.4615,68.9457
nuscenes_mini_subset,scene-0103_035,yaw,3.0,yaw_3deg,7,Car,12.24,near,129,85.2713,79.9833
nuscenes_mini_subset,scene-0103_035,yaw,3.0,yaw_3deg,9,Car,19.82,mid,45,84.4444,81.1416
nuscenes_mini_subset,scene-0103_035,yaw,3.0,yaw_3deg,15,Car,17.91,mid,24,75.0,72.5867
nuscenes_mini_subset,scene-0103_035,pitch,0.5,pitch_0.5deg,1,Car,32.66,far,14,92.8571,11.0898
nuscenes_mini_subset,scene-0103_035,pitch,0.5,pitch_0.5deg,3,Car,29.34,mid,13,100.0,11.1697
nuscenes_mini_subset,scene-0103_035,pitch,0.5,pitch_0.5deg,7,Car,12.24,near,129,100.0,11.5443
nuscenes_mini_subset,scene-0103_035,pitch,0.5,pitch_0.5deg,9,Car,19.82,mid,45,95.5556,11.2318
nuscenes_mini_subset,scene-0103_035,pitch,0.5,pitch_0.5deg,15,Car,17.91,mid,24,100.0,11.3108
nuscenes_mini_subset,scene-0103_035,pitch,1.0,pitch_1deg,1,Car,32.66,far,14,92.8571,22.1916
nuscenes_mini_subset,scene-0103_035,pitch,1.0,pitch_1deg,3,Car,29.34,mid,13,100.0,22.3512
nuscenes_mini_subset,scene-0103_035,pitch,1.0,pitch_1deg,7,Car,12.24,near,129,100.0,23.1072
nuscenes_mini_subset,scene-0103_035,pitch,1.0,pitch_1deg,9,Car,19.82,mid,45,91.1111,22.4819
nuscenes_mini_subset,scene-0103_035,pitch,1.0,pitch_1deg,15,Car,17.91,mid,24,100.0,22.6359
nuscenes_mini_subset,scene-0103_035,pitch,2.0,pitch_2deg,1,Car,32.66,far,14,42.8571,44.4386
nuscenes_mini_subset,scene-0103_035,pitch,2.0,pitch_2deg,3,Car,29.34,mid,13,38.4615,44.7571
nuscenes_mini_subset,scene-0103_035,pitch,2.0,pitch_2deg,7,Car,12.24,near,129,98.4496,46.3047
nuscenes_mini_subset,scene-0103_035,pitch,2.0,pitch_2deg,9,Car,19.82,mid,45,73.3333,45.0445
nuscenes_mini_subset,scene-0103_035,pitch,2.0,pitch_2deg,15,Car,17.91,mid,24,70.8333,45.337
nuscenes_mini_subset,scene-0103_035,pitch,3.0,pitch_3deg,1,Car,32.66,far,14,42.8571,66.7555
nuscenes_mini_subset,scene-0103_035,pitch,3.0,pitch_3deg,3,Car,29.34,mid,13,0.0,67.2322
nuscenes_mini_subset,scene-0103_035,pitch,3.0,pitch_3deg,7,Car,12.24,near,129,89.9225,69.6002
nuscenes_mini_subset,scene-0103_035,pitch,3.0,pitch_3deg,9,Car,19.82,mid,45,53.3333,67.7036
nuscenes_mini_subset,scene-0103_035,pitch,3.0,pitch_3deg,15,Car,17.91,mid,24,41.6667,68.1183
nuscenes_mini_subset,scene-0103_035,roll,0.5,roll_0.5deg,1,Car,32.66,far,14,100.0,3.1876
nuscenes_mini_subset,scene-0103_035,roll,0.5,roll_0.5deg,3,Car,29.34,mid,13,100.0,2.1814
nuscenes_mini_subset,scene-0103_035,roll,0.5,roll_0.5deg,7,Car,12.24,near,129,100.0,4.8154
nuscenes_mini_subset,scene-0103_035,roll,0.5,roll_0.5deg,9,Car,19.82,mid,45,100.0,4.7761
nuscenes_mini_subset,scene-0103_035,roll,0.5,roll_0.5deg,15,Car,17.91,mid,24,100.0,3.2535
nuscenes_mini_subset,scene-0103_035,roll,1.0,roll_1deg,1,Car,32.66,far,14,100.0,6.3747
nuscenes_mini_subset,scene-0103_035,roll,1.0,roll_1deg,3,Car,29.34,mid,13,100.0,4.3629
nuscenes_mini_subset,scene-0103_035,roll,1.0,roll_1deg,7,Car,12.24,near,129,100.0,9.6317
nuscenes_mini_subset,scene-0103_035,roll,1.0,roll_1deg,9,Car,19.82,mid,45,100.0,9.5511
nuscenes_mini_subset,scene-0103_035,roll,1.0,roll_1deg,15,Car,17.91,mid,24,100.0,6.5073
nuscenes_mini_subset,scene-0103_035,roll,2.0,roll_2deg,1,Car,32.66,far,14,100.0,12.747
nuscenes_mini_subset,scene-0103_035,roll,2.0,roll_2deg,3,Car,29.34,mid,13,100.0,8.7263
nuscenes_mini_subset,scene-0103_035,roll,2.0,roll_2deg,7,Car,12.24,near,129,100.0,19.2665
nuscenes_mini_subset,scene-0103_035,roll,2.0,roll_2deg,9,Car,19.82,mid,45,100.0,19.0973
nuscenes_mini_subset,scene-0103_035,roll,2.0,roll_2deg,15,Car,17.91,mid,24,100.0,13.0159
nuscenes_mini_subset,scene-0103_035,roll,3.0,roll_3deg,1,Car,32.66,far,14,100.0,19.1166
nuscenes_mini_subset,scene-0103_035,roll,3.0,roll_3deg,3,Car,29.34,mid,13,100.0,13.0898
nuscenes_mini_subset,scene-0103_035,roll,3.0,roll_3deg,7,Car,12.24,near,129,100.0,28.9035
nuscenes_mini_subset,scene-0103_035,roll,3.0,roll_3deg,9,Car,19.82,mid,45,100.0,28.6379
nuscenes_mini_subset,scene-0103_035,roll,3.0,roll_3deg,15,Car,17.91,mid,24,100.0,19.5252
nuscenes_mini_subset,scene-0103_035,tx,0.02,tx_2cm,1,Car,32.66,far,14,100.0,0.2293
nuscenes_mini_subset,scene-0103_035,tx,0.02,tx_2cm,3,Car,29.34,mid,13,100.0,0.1826
nuscenes_mini_subset,scene-0103_035,tx,0.02,tx_2cm,7,Car,12.24,near,129,100.0,1.0492
nuscenes_mini_subset,scene-0103_035,tx,0.02,tx_2cm,9,Car,19.82,mid,45,100.0,0.5997
nuscenes_mini_subset,scene-0103_035,tx,0.02,tx_2cm,15,Car,17.91,mid,24,100.0,0.4496
nuscenes_mini_subset,scene-0103_035,tx,0.05,tx_5cm,1,Car,32.66,far,14,100.0,0.5728
nuscenes_mini_subset,scene-0103_035,tx,0.05,tx_5cm,3,Car,29.34,mid,13,100.0,0.4561
nuscenes_mini_subset,scene-0103_035,tx,0.05,tx_5cm,7,Car,12.24,near,129,100.0,2.6154
nuscenes_mini_subset,scene-0103_035,tx,0.05,tx_5cm,9,Car,19.82,mid,45,100.0,1.4967
nuscenes_mini_subset,scene-0103_035,tx,0.05,tx_5cm,15,Car,17.91,mid,24,100.0,1.122
nuscenes_mini_subset,scene-0103_035,tx,0.1,tx_10cm,1,Car,32.66,far,14,100.0,1.1438
nuscenes_mini_subset,scene-0103_035,tx,0.1,tx_10cm,3,Car,29.34,mid,13,100.0,0.9106
nuscenes_mini_subset,scene-0103_035,tx,0.1,tx_10cm,7,Car,12.24,near,129,100.0,5.2057
nuscenes_mini_subset,scene-0103_035,tx,0.1,tx_10cm,9,Car,19.82,mid,45,100.0,2.9852
nuscenes_mini_subset,scene-0103_035,tx,0.1,tx_10cm,15,Car,17.91,mid,24,100.0,2.2371
nuscenes_mini_subset,scene-0103_035,ty,0.02,ty_2cm,1,Car,32.66,far,14,100.0,0.8039
nuscenes_mini_subset,scene-0103_035,ty,0.02,ty_2cm,3,Car,29.34,mid,13,100.0,0.9219
nuscenes_mini_subset,scene-0103_035,ty,0.02,ty_2cm,7,Car,12.24,near,129,100.0,2.3898
nuscenes_mini_subset,scene-0103_035,ty,0.02,ty_2cm,9,Car,19.82,mid,45,100.0,1.3554
nuscenes_mini_subset,scene-0103_035,ty,0.02,ty_2cm,15,Car,17.91,mid,24,100.0,1.5135
nuscenes_mini_subset,scene-0103_035,ty,0.05,ty_5cm,1,Car,32.66,far,14,100.0,2.0097
nuscenes_mini_subset,scene-0103_035,ty,0.05,ty_5cm,3,Car,29.34,mid,13,100.0,2.3048
nuscenes_mini_subset,scene-0103_035,ty,0.05,ty_5cm,7,Car,12.24,near,129,100.0,5.9744
nuscenes_mini_subset,scene-0103_035,ty,0.05,ty_5cm,9,Car,19.82,mid,45,100.0,3.3885
nuscenes_mini_subset,scene-0103_035,ty,0.05,ty_5cm,15,Car,17.91,mid,24,100.0,3.7837
nuscenes_mini_subset,scene-0103_035,ty,0.1,ty_10cm,1,Car,32.66,far,14,100.0,4.0193
nuscenes_mini_subset,scene-0103_035,ty,0.1,ty_10cm,3,Car,29.34,mid,13,100.0,4.6095
nuscenes_mini_subset,scene-0103_035,ty,0.1,ty_10cm,7,Car,12.24,near,129,100.0,11.9482
nuscenes_mini_subset,scene-0103_035,ty,0.1,ty_10cm,9,Car,19.82,mid,45,100.0,6.7768
nuscenes_mini_subset,scene-0103_035,ty,0.1,ty_10cm,15,Car,17.91,mid,24,100.0,7.5672
nuscenes_mini_subset,scene-0103_035,tz,0.02,tz_2cm,1,Car,32.66,far,14,100.0,0.8078
nuscenes_mini_subset,scene-0103_035,tz,0.02,tz_2cm,3,Car,29.34,mid,13,100.0,0.9205
nuscenes_mini_subset,scene-0103_035,tz,0.02,tz_2cm,7,Car,12.24,near,129,100.0,2.3801
nuscenes_mini_subset,scene-0103_035,tz,0.02,tz_2cm,9,Car,19.82,mid,45,100.0,1.365
nuscenes_mini_subset,scene-0103_035,tz,0.02,tz_2cm,15,Car,17.91,mid,24,100.0,1.5139
nuscenes_mini_subset,scene-0103_035,tz,0.05,tz_5cm,1,Car,32.66,far,14,100.0,2.0194
nuscenes_mini_subset,scene-0103_035,tz,0.05,tz_5cm,3,Car,29.34,mid,13,100.0,2.3011
nuscenes_mini_subset,scene-0103_035,tz,0.05,tz_5cm,7,Car,12.24,near,129,100.0,5.9494
nuscenes_mini_subset,scene-0103_035,tz,0.05,tz_5cm,9,Car,19.82,mid,45,100.0,3.4122
nuscenes_mini_subset,scene-0103_035,tz,0.05,tz_5cm,15,Car,17.91,mid,24,100.0,3.7844
nuscenes_mini_subset,scene-0103_035,tz,0.1,tz_10cm,1,Car,32.66,far,14,100.0,4.0384
nuscenes_mini_subset,scene-0103_035,tz,0.1,tz_10cm,3,Car,29.34,mid,13,100.0,4.6018
nuscenes_mini_subset,scene-0103_035,tz,0.1,tz_10cm,7,Car,12.24,near,129,100.0,11.8957
nuscenes_mini_subset,scene-0103_035,tz,0.1,tz_10cm,9,Car,19.82,mid,45,100.0,6.8234
nuscenes_mini_subset,scene-0103_035,tz,0.1,tz_10cm,15,Car,17.91,mid,24,100.0,7.5676
nuscenes_mini_subset,scene-0103_035,time,35.3,no_ego_motion,1,Car,32.66,far,14,100.0,3.1472
nuscenes_mini_subset,scene-0103_035,time,35.3,no_ego_motion,3,Car,29.34,mid,13,100.0,2.7941
nuscenes_mini_subset,scene-0103_035,time,35.3,no_ego_motion,7,Car,12.24,near,129,99.2248,15.5698
nuscenes_mini_subset,scene-0103_035,time,35.3,no_ego_motion,9,Car,19.82,mid,45,100.0,8.5013
nuscenes_mini_subset,scene-0103_035,time,35.3,no_ego_motion,15,Car,17.91,mid,24,100.0,6.7023
nuscenes_mini_subset,scene-0103_036,baseline,0.0,baseline,1,Car,29.42,mid,24,100.0,0.0
nuscenes_mini_subset,scene-0103_036,baseline,0.0,baseline,4,Car,19.32,mid,17,100.0,0.0
nuscenes_mini_subset,scene-0103_036,baseline,0.0,baseline,9,Car,16.58,mid,71,100.0,0.0
nuscenes_mini_subset,scene-0103_036,baseline,0.0,baseline,14,Car,14.66,near,33,100.0,0.0
nuscenes_mini_subset,scene-0103_036,yaw,0.5,yaw_0.5deg,1,Car,29.42,mid,24,100.0,12.2159
nuscenes_mini_subset,scene-0103_036,yaw,0.5,yaw_0.5deg,4,Car,19.32,mid,17,100.0,11.5529
nuscenes_mini_subset,scene-0103_036,yaw,0.5,yaw_0.5deg,9,Car,16.58,mid,71,95.7746,14.2289
nuscenes_mini_subset,scene-0103_036,yaw,0.5,yaw_0.5deg,14,Car,14.66,near,33,100.0,12.7651
nuscenes_mini_subset,scene-0103_036,yaw,1.0,yaw_1deg,1,Car,29.42,mid,24,91.6667,24.5005
nuscenes_mini_subset,scene-0103_036,yaw,1.0,yaw_1deg,4,Car,19.32,mid,17,76.4706,23.1404
nuscenes_mini_subset,scene-0103_036,yaw,1.0,yaw_1deg,9,Car,16.58,mid,71,92.9577,28.528
nuscenes_mini_subset,scene-0103_036,yaw,1.0,yaw_1deg,14,Car,14.66,near,33,93.9394,25.4507
nuscenes_mini_subset,scene-0103_036,yaw,2.0,yaw_2deg,1,Car,29.42,mid,24,62.5,49.2864
nuscenes_mini_subset,scene-0103_036,yaw,2.0,yaw_2deg,4,Car,19.32,mid,17,64.7059,46.4268
nuscenes_mini_subset,scene-0103_036,yaw,2.0,yaw_2deg,9,Car,16.58,mid,71,91.5493,57.546
nuscenes_mini_subset,scene-0103_036,yaw,2.0,yaw_2deg,14,Car,14.66,near,33,87.8788,50.5942
nuscenes_mini_subset,scene-0103_036,yaw,3.0,yaw_3deg,1,Car,29.42,mid,24,29.1667,74.3784
nuscenes_mini_subset,scene-0103_036,yaw,3.0,yaw_3deg,4,Car,19.32,mid,17,52.9412,69.8755
nuscenes_mini_subset,scene-0103_036,yaw,3.0,yaw_3deg,9,Car,16.58,mid,71,80.2817,86.4216
nuscenes_mini_subset,scene-0103_036,yaw,3.0,yaw_3deg,14,Car,14.66,near,33,81.8182,75.4519
nuscenes_mini_subset,scene-0103_036,pitch,0.5,pitch_0.5deg,1,Car,29.42,mid,24,100.0,11.1057
nuscenes_mini_subset,scene-0103_036,pitch,0.5,pitch_0.5deg,4,Car,19.32,mid,17,100.0,11.3008
nuscenes_mini_subset,scene-0103_036,pitch,0.5,pitch_0.5deg,9,Car,16.58,mid,71,98.5915,11.2984
nuscenes_mini_subset,scene-0103_036,pitch,0.5,pitch_0.5deg,14,Car,14.66,near,33,100.0,11.433
nuscenes_mini_subset,scene-0103_036,pitch,1.0,pitch_1deg,1,Car,29.42,mid,24,54.1667,22.2235
nuscenes_mini_subset,scene-0103_036,pitch,1.0,pitch_1deg,4,Car,19.32,mid,17,35.2941,22.6232
nuscenes_mini_subset,scene-0103_036,pitch,1.0,pitch_1deg,9,Car,16.58,mid,71,98.5915,22.6208
nuscenes_mini_subset,scene-0103_036,pitch,1.0,pitch_1deg,14,Car,14.66,near,33,100.0,22.884
nuscenes_mini_subset,scene-0103_036,pitch,2.0,pitch_2deg,1,Car,29.42,mid,24,54.1667,44.5023
nuscenes_mini_subset,scene-0103_036,pitch,2.0,pitch_2deg,4,Car,19.32,mid,17,35.2941,45.3405
nuscenes_mini_subset,scene-0103_036,pitch,2.0,pitch_2deg,9,Car,16.58,mid,71,74.6479,45.3459
nuscenes_mini_subset,scene-0103_036,pitch,2.0,pitch_2deg,14,Car,14.66,near,33,78.7879,45.8478
nuscenes_mini_subset,scene-0103_036,pitch,3.0,pitch_3deg,1,Car,29.42,mid,24,29.1667,66.8512
nuscenes_mini_subset,scene-0103_036,pitch,3.0,pitch_3deg,4,Car,19.32,mid,17,11.7647,68.1672
nuscenes_mini_subset,scene-0103_036,pitch,3.0,pitch_3deg,9,Car,16.58,mid,71,74.6479,68.1914
nuscenes_mini_subset,scene-0103_036,pitch,3.0,pitch_3deg,14,Car,14.66,near,33,39.3939,68.9089
nuscenes_mini_subset,scene-0103_036,roll,0.5,roll_0.5deg,1,Car,29.42,mid,24,100.0,3.5421
nuscenes_mini_subset,scene-0103_036,roll,0.5,roll_0.5deg,4,Car,19.32,mid,17,100.0,1.9466
nuscenes_mini_subset,scene-0103_036,roll,0.5,roll_0.5deg,9,Car,16.58,mid,71,98.5915,5.7905
nuscenes_mini_subset,scene-0103_036,roll,0.5,roll_0.5deg,14,Car,14.66,near,33,100.0,3.9315
nuscenes_mini_subset,scene-0103_036,roll,1.0,roll_1deg,1,Car,29.42,mid,24,100.0,7.0835
nuscenes_mini_subset,scene-0103_036,roll,1.0,roll_1deg,4,Car,19.32,mid,17,100.0,3.893
nuscenes_mini_subset,scene-0103_036,roll,1.0,roll_1deg,9,Car,16.58,mid,71,98.5915,11.5794
nuscenes_mini_subset,scene-0103_036,roll,1.0,roll_1deg,14,Car,14.66,near,33,100.0,7.8636
nuscenes_mini_subset,scene-0103_036,roll,2.0,roll_2deg,1,Car,29.42,mid,24,100.0,14.1643
nuscenes_mini_subset,scene-0103_036,roll,2.0,roll_2deg,4,Car,19.32,mid,17,100.0,7.7849
nuscenes_mini_subset,scene-0103_036,roll,2.0,roll_2deg,9,Car,16.58,mid,71,98.5915,23.1519
nuscenes_mini_subset,scene-0103_036,roll,2.0,roll_2deg,14,Car,14.66,near,33,100.0,15.7291
nuscenes_mini_subset,scene-0103_036,roll,3.0,roll_3deg,1,Car,29.42,mid,24,100.0,21.2418
nuscenes_mini_subset,scene-0103_036,roll,3.0,roll_3deg,4,Car,19.32,mid,17,100.0,11.6757
nuscenes_mini_subset,scene-0103_036,roll,3.0,roll_3deg,9,Car,16.58,mid,71,98.5915,34.7167
nuscenes_mini_subset,scene-0103_036,roll,3.0,roll_3deg,14,Car,14.66,near,33,100.0,23.5959
nuscenes_mini_subset,scene-0103_036,tx,0.02,tx_2cm,1,Car,29.42,mid,24,100.0,0.2853
nuscenes_mini_subset,scene-0103_036,tx,0.02,tx_2cm,4,Car,19.32,mid,17,100.0,0.2478
nuscenes_mini_subset,scene-0103_036,tx,0.02,tx_2cm,9,Car,16.58,mid,71,100.0,0.8797
nuscenes_mini_subset,scene-0103_036,tx,0.02,tx_2cm,14,Car,14.66,near,33,100.0,0.6832
nuscenes_mini_subset,scene-0103_036,tx,0.05,tx_5cm,1,Car,29.42,mid,24,100.0,0.7124
nuscenes_mini_subset,scene-0103_036,tx,0.05,tx_5cm,4,Car,19.32,mid,17,100.0,0.6184
nuscenes_mini_subset,scene-0103_036,tx,0.05,tx_5cm,9,Car,16.58,mid,71,100.0,2.195
nuscenes_mini_subset,scene-0103_036,tx,0.05,tx_5cm,14,Car,14.66,near,33,100.0,1.704
nuscenes_mini_subset,scene-0103_036,tx,0.1,tx_10cm,1,Car,29.42,mid,24,100.0,1.4223
nuscenes_mini_subset,scene-0103_036,tx,0.1,tx_10cm,4,Car,19.32,mid,17,100.0,1.2333
nuscenes_mini_subset,scene-0103_036,tx,0.1,tx_10cm,9,Car,16.58,mid,71,100.0,4.3755
nuscenes_mini_subset,scene-0103_036,tx,0.1,tx_10cm,14,Car,14.66,near,33,100.0,3.3948
nuscenes_mini_subset,scene-0103_036,ty,0.02,ty_2cm,1,Car,29.42,mid,24,100.0,0.8942
nuscenes_mini_subset,scene-0103_036,ty,0.02,ty_2cm,4,Car,19.32,mid,17,100.0,1.4234
nuscenes_mini_subset,scene-0103_036,ty,0.02,ty_2cm,9,Car,16.58,mid,71,98.5915,1.6448
nuscenes_mini_subset,scene-0103_036,ty,0.02,ty_2cm,14,Car,14.66,near,33,100.0,1.9172
nuscenes_mini_subset,scene-0103_036,ty,0.05,ty_5cm,1,Car,29.42,mid,24,100.0,2.2354
nuscenes_mini_subset,scene-0103_036,ty,0.05,ty_5cm,4,Car,19.32,mid,17,100.0,3.5584
nuscenes_mini_subset,scene-0103_036,ty,0.05,ty_5cm,9,Car,16.58,mid,71,98.5915,4.1118
nuscenes_mini_subset,scene-0103_036,ty,0.05,ty_5cm,14,Car,14.66,near,33,100.0,4.7928
nuscenes_mini_subset,scene-0103_036,ty,0.1,ty_10cm,1,Car,29.42,mid,24,100.0,4.4707
nuscenes_mini_subset,scene-0103_036,ty,0.1,ty_10cm,4,Car,19.32,mid,17,100.0,7.1167
nuscenes_mini_subset,scene-0103_036,ty,0.1,ty_10cm,9,Car,16.58,mid,71,98.5915,8.2233
nuscenes_mini_subset,scene-0103_036,ty,0.1,ty_10cm,14,Car,14.66,near,33,100.0,9.5852
nuscenes_mini_subset,scene-0103_036,tz,0.02,tz_2cm,1,Car,29.42,mid,24,100.0,0.8994
nuscenes_mini_subset,scene-0103_036,tz,0.02,tz_2cm,4,Car,19.32,mid,17,100.0,1.4302
nuscenes_mini_subset,scene-0103_036,tz,0.02,tz_2cm,9,Car,16.58,mid,71,100.0,1.6671
nuscenes_mini_subset,scene-0103_036,tz,0.02,tz_2cm,14,Car,14.66,near,33,100.0,1.9153
nuscenes_mini_subset,scene-0103_036,tz,0.05,tz_5cm,1,Car,29.42,mid,24,100.0,2.2484
nuscenes_mini_subset,scene-0103_036,tz,0.05,tz_5cm,4,Car,19.32,mid,17,100.0,3.5752
nuscenes_mini_subset,scene-0103_036,tz,0.05,tz_5cm,9,Car,16.58,mid,71,100.0,4.1674
nuscenes_mini_subset,scene-0103_036,tz,0.05,tz_5cm,14,Car,14.66,near,33,100.0,4.7876
nuscenes_mini_subset,scene-0103_036,tz,0.1,tz_10cm,1,Car,29.42,mid,24,100.0,4.4963
nuscenes_mini_subset,scene-0103_036,tz,0.1,tz_10cm,4,Car,19.32,mid,17,100.0,7.1492
nuscenes_mini_subset,scene-0103_036,tz,0.1,tz_10cm,9,Car,16.58,mid,71,100.0,8.3332
nuscenes_mini_subset,scene-0103_036,tz,0.1,tz_10cm,14,Car,14.66,near,33,100.0,9.5732
nuscenes_mini_subset,scene-0103_036,time,35.6,no_ego_motion,1,Car,29.42,mid,24,100.0,4.2789
nuscenes_mini_subset,scene-0103_036,time,35.6,no_ego_motion,4,Car,19.32,mid,17,100.0,4.2373
nuscenes_mini_subset,scene-0103_036,time,35.6,no_ego_motion,9,Car,16.58,mid,71,95.7746,12.9999
nuscenes_mini_subset,scene-0103_036,time,35.6,no_ego_motion,14,Car,14.66,near,33,100.0,10.4147
nuscenes_mini_subset,scene-0103_037,baseline,0.0,baseline,3,Car,25.36,mid,28,100.0,0.0
nuscenes_mini_subset,scene-0103_037,baseline,0.0,baseline,5,Car,21.99,mid,21,100.0,0.0
nuscenes_mini_subset,scene-0103_037,baseline,0.0,baseline,6,Car,11.98,near,98,100.0,0.0
nuscenes_mini_subset,scene-0103_037,yaw,0.5,yaw_0.5deg,3,Car,25.36,mid,28,96.4286,12.6437
nuscenes_mini_subset,scene-0103_037,yaw,0.5,yaw_0.5deg,5,Car,21.99,mid,21,95.2381,12.0479
nuscenes_mini_subset,scene-0103_037,yaw,0.5,yaw_0.5deg,6,Car,11.98,near,98,100.0,12.2539
nuscenes_mini_subset,scene-0103_037,yaw,1.0,yaw_1deg,3,Car,25.36,mid,28,92.8571,25.3712
nuscenes_mini_subset,scene-0103_037,yaw,1.0,yaw_1deg,5,Car,21.99,mid,21,85.7143,24.0382
nuscenes_mini_subset,scene-0103_037,yaw,1.0,yaw_1deg,6,Car,11.98,near,98,100.0,24.5689
nuscenes_mini_subset,scene-0103_037,yaw,2.0,yaw_2deg,3,Car,25.36,mid,28,75.0,51.0894
nuscenes_mini_subset,scene-0103_037,yaw,2.0,yaw_2deg,5,Car,21.99,mid,21,76.1905,47.8551
nuscenes_mini_subset,scene-0103_037,yaw,2.0,yaw_2deg,6,Car,11.98,near,98,94.898,49.3922
nuscenes_mini_subset,scene-0103_037,yaw,3.0,yaw_3deg,3,Car,25.36,mid,28,42.8571,77.1781
nuscenes_mini_subset,scene-0103_037,yaw,3.0,yaw_3deg,5,Car,21.99,mid,21,66.6667,71.4686
nuscenes_mini_subset,scene-0103_037,yaw,3.0,yaw_3deg,6,Car,11.98,near,98,86.7347,74.4904
nuscenes_mini_subset,scene-0103_037,pitch,0.5,pitch_0.5deg,3,Car,25.36,mid,28,100.0,11.1207
nuscenes_mini_subset,scene-0103_037,pitch,0.5,pitch_0.5deg,5,Car,21.99,mid,21,100.0,11.2751
nuscenes_mini_subset,scene-0103_037,pitch,0.5,pitch_0.5deg,6,Car,11.98,near,98,100.0,11.5075
nuscenes_mini_subset,scene-0103_037,pitch,1.0,pitch_1deg,3,Car,25.36,mid,28,100.0,22.2536
nuscenes_mini_subset,scene-0103_037,pitch,1.0,pitch_1deg,5,Car,21.99,mid,21,100.0,22.5671
nuscenes_mini_subset,scene-0103_037,pitch,1.0,pitch_1deg,6,Car,11.98,near,98,93.8776,23.0421
nuscenes_mini_subset,scene-0103_037,pitch,2.0,pitch_2deg,3,Car,25.36,mid,28,60.7143,44.5634
nuscenes_mini_subset,scene-0103_037,pitch,2.0,pitch_2deg,5,Car,21.99,mid,21,23.8095,45.2092
nuscenes_mini_subset,scene-0103_037,pitch,2.0,pitch_2deg,6,Car,11.98,near,98,80.6122,46.2003
nuscenes_mini_subset,scene-0103_037,pitch,3.0,pitch_3deg,3,Car,25.36,mid,28,60.7143,66.9443
nuscenes_mini_subset,scene-0103_037,pitch,3.0,pitch_3deg,5,Car,21.99,mid,21,19.0476,67.9415
nuscenes_mini_subset,scene-0103_037,pitch,3.0,pitch_3deg,6,Car,11.98,near,98,62.2449,69.4908
nuscenes_mini_subset,scene-0103_037,roll,0.5,roll_0.5deg,3,Car,25.36,mid,28,100.0,4.1104
nuscenes_mini_subset,scene-0103_037,roll,0.5,roll_0.5deg,5,Car,21.99,mid,21,100.0,2.9749
nuscenes_mini_subset,scene-0103_037,roll,0.5,roll_0.5deg,6,Car,11.98,near,98,100.0,3.1657
nuscenes_mini_subset,scene-0103_037,roll,1.0,roll_1deg,3,Car,25.36,mid,28,100.0,8.22
nuscenes_mini_subset,scene-0103_037,roll,1.0,roll_1deg,5,Car,21.99,mid,21,100.0,5.9502
nuscenes_mini_subset,scene-0103_037,roll,1.0,roll_1deg,6,Car,11.98,near,98,100.0,6.3308
nuscenes_mini_subset,scene-0103_037,roll,2.0,roll_2deg,3,Car,25.36,mid,28,100.0,16.4365
nuscenes_mini_subset,scene-0103_037,roll,2.0,roll_2deg,5,Car,21.99,mid,21,100.0,11.9013
nuscenes_mini_subset,scene-0103_037,roll,2.0,roll_2deg,6,Car,11.98,near,98,100.0,12.6594
nuscenes_mini_subset,scene-0103_037,roll,3.0,roll_3deg,3,Car,25.36,mid,28,64.2857,24.6487
nuscenes_mini_subset,scene-0103_037,roll,3.0,roll_3deg,5,Car,21.99,mid,21,100.0,17.853
nuscenes_mini_subset,scene-0103_037,roll,3.0,roll_3deg,6,Car,11.98,near,98,87.7551,18.9852
nuscenes_mini_subset,scene-0103_037,tx,0.02,tx_2cm,3,Car,25.36,mid,28,100.0,0.3771
nuscenes_mini_subset,scene-0103_037,tx,0.02,tx_2cm,5,Car,21.99,mid,21,100.0,0.3427
nuscenes_mini_subset,scene-0103_037,tx,0.02,tx_2cm,6,Car,11.98,near,98,100.0,0.668
nuscenes_mini_subset,scene-0103_037,tx,0.05,tx_5cm,3,Car,25.36,mid,28,100.0,0.9417
nuscenes_mini_subset,scene-0103_037,tx,0.05,tx_5cm,5,Car,21.99,mid,21,100.0,0.8554
nuscenes_mini_subset,scene-0103_037,tx,0.05,tx_5cm,6,Car,11.98,near,98,100.0,1.6653
nuscenes_mini_subset,scene-0103_037,tx,0.1,tx_10cm,3,Car,25.36,mid,28,100.0,1.8797
nuscenes_mini_subset,scene-0103_037,tx,0.1,tx_10cm,5,Car,21.99,mid,21,100.0,1.7064
nuscenes_mini_subset,scene-0103_037,tx,0.1,tx_10cm,6,Car,11.98,near,98,100.0,3.3147
nuscenes_mini_subset,scene-0103_037,ty,0.02,ty_2cm,3,Car,25.36,mid,28,100.0,1.0051
nuscenes_mini_subset,scene-0103_037,ty,0.02,ty_2cm,5,Car,21.99,mid,21,100.0,1.2618
nuscenes_mini_subset,scene-0103_037,ty,0.02,ty_2cm,6,Car,11.98,near,98,100.0,2.3591
nuscenes_mini_subset,scene-0103_037,ty,0.05,ty_5cm,3,Car,25.36,mid,28,100.0,2.5127
nuscenes_mini_subset,scene-0103_037,ty,0.05,ty_5cm,5,Car,21.99,mid,21,100.0,3.1545
nuscenes_mini_subset,scene-0103_037,ty,0.05,ty_5cm,6,Car,11.98,near,98,100.0,5.8975
nuscenes_mini_subset,scene-0103_037,ty,0.1,ty_10cm,3,Car,25.36,mid,28,100.0,5.0253
nuscenes_mini_subset,scene-0103_037,ty,0.1,ty_10cm,5,Car,21.99,mid,21,95.2381,6.3089
nuscenes_mini_subset,scene-0103_037,ty,0.1,ty_10cm,6,Car,11.98,near,98,100.0,11.7944
nuscenes_mini_subset,scene-0103_037,tz,0.02,tz_2cm,3,Car,25.36,mid,28,100.0,1.01
nuscenes_mini_subset,scene-0103_037,tz,0.02,tz_2cm,5,Car,21.99,mid,21,100.0,1.2611
nuscenes_mini_subset,scene-0103_037,tz,0.02,tz_2cm,6,Car,11.98,near,98,100.0,2.3748
nuscenes_mini_subset,scene-0103_037,tz,0.05,tz_5cm,3,Car,25.36,mid,28,100.0,2.5249
nuscenes_mini_subset,scene-0103_037,tz,0.05,tz_5cm,5,Car,21.99,mid,21,100.0,3.1524
nuscenes_mini_subset,scene-0103_037,tz,0.05,tz_5cm,6,Car,11.98,near,98,100.0,5.9361
nuscenes_mini_subset,scene-0103_037,tz,0.1,tz_10cm,3,Car,25.36,mid,28,100.0,5.0493
nuscenes_mini_subset,scene-0103_037,tz,0.1,tz_10cm,5,Car,21.99,mid,21,100.0,6.304
nuscenes_mini_subset,scene-0103_037,tz,0.1,tz_10cm,6,Car,11.98,near,98,100.0,11.8693
nuscenes_mini_subset,scene-0103_037,time,35.5,no_ego_motion,3,Car,25.36,mid,28,100.0,5.6733
nuscenes_mini_subset,scene-0103_037,time,35.5,no_ego_motion,5,Car,21.99,mid,21,100.0,5.5238
nuscenes_mini_subset,scene-0103_037,time,35.5,no_ego_motion,6,Car,11.98,near,98,100.0,10.8071
nuscenes_mini_subset,scene-0103_038,baseline,0.0,baseline,1,Bicycle,14.36,near,11,100.0,0.0
nuscenes_mini_subset,scene-0103_038,baseline,0.0,baseline,3,Car,21.23,mid,46,100.0,0.0
nuscenes_mini_subset,scene-0103_038,baseline,0.0,baseline,5,Car,17.9,mid,56,100.0,0.0
nuscenes_mini_subset,scene-0103_038,baseline,0.0,baseline,8,Car,25.9,mid,11,100.0,0.0
nuscenes_mini_subset,scene-0103_038,baseline,0.0,baseline,11,Car,23.92,mid,14,100.0,0.0
nuscenes_mini_subset,scene-0103_038,yaw,0.5,yaw_0.5deg,1,Bicycle,14.36,near,11,100.0,13.951
nuscenes_mini_subset,scene-0103_038,yaw,0.5,yaw_0.5deg,3,Car,21.23,mid,46,100.0,13.1134
nuscenes_mini_subset,scene-0103_038,yaw,0.5,yaw_0.5deg,5,Car,17.9,mid,56,100.0,12.5351
nuscenes_mini_subset,scene-0103_038,yaw,0.5,yaw_0.5deg,8,Car,25.9,mid,11,100.0,12.3961
nuscenes_mini_subset,scene-0103_038,yaw,0.5,yaw_0.5deg,11,Car,23.92,mid,14,100.0,11.7165
nuscenes_mini_subset,scene-0103_038,yaw,1.0,yaw_1deg,1,Bicycle,14.36,near,11,90.9091,27.7827
nuscenes_mini_subset,scene-0103_038,yaw,1.0,yaw_1deg,3,Car,21.23,mid,46,97.8261,26.3251
nuscenes_mini_subset,scene-0103_038,yaw,1.0,yaw_1deg,5,Car,17.9,mid,56,96.4286,24.9958
nuscenes_mini_subset,scene-0103_038,yaw,1.0,yaw_1deg,8,Car,25.9,mid,11,100.0,24.8681
nuscenes_mini_subset,scene-0103_038,yaw,1.0,yaw_1deg,11,Car,23.92,mid,14,100.0,23.3877
nuscenes_mini_subset,scene-0103_038,yaw,2.0,yaw_2deg,1,Bicycle,14.36,near,11,45.4545,55.1028
nuscenes_mini_subset,scene-0103_038,yaw,2.0,yaw_2deg,3,Car,21.23,mid,46,91.3043,53.056
nuscenes_mini_subset,scene-0103_038,yaw,2.0,yaw_2deg,5,Car,17.9,mid,56,92.8571,49.7044
nuscenes_mini_subset,scene-0103_038,yaw,2.0,yaw_2deg,8,Car,25.9,mid,11,100.0,50.0502
nuscenes_mini_subset,scene-0103_038,yaw,2.0,yaw_2deg,11,Car,23.92,mid,14,64.2857,46.6022
nuscenes_mini_subset,scene-0103_038,yaw,3.0,yaw_3deg,1,Bicycle,14.36,near,11,9.0909,81.9885
nuscenes_mini_subset,scene-0103_038,yaw,3.0,yaw_3deg,3,Car,21.23,mid,46,80.4348,80.2193
nuscenes_mini_subset,scene-0103_038,yaw,3.0,yaw_3deg,5,Car,17.9,mid,56,85.7143,74.1463
nuscenes_mini_subset,scene-0103_038,yaw,3.0,yaw_3deg,8,Car,25.9,mid,11,81.8182,75.5684
nuscenes_mini_subset,scene-0103_038,yaw,3.0,yaw_3deg,11,Car,23.92,mid,14,42.8571,69.6597
nuscenes_mini_subset,scene-0103_038,pitch,0.5,pitch_0.5deg,1,Bicycle,14.36,near,11,100.0,11.4064
nuscenes_mini_subset,scene-0103_038,pitch,0.5,pitch_0.5deg,3,Car,21.23,mid,46,100.0,11.1568
nuscenes_mini_subset,scene-0103_038,pitch,0.5,pitch_0.5deg,5,Car,17.9,mid,56,100.0,11.3378
nuscenes_mini_subset,scene-0103_038,pitch,0.5,pitch_0.5deg,8,Car,25.9,mid,11,100.0,11.1168
nuscenes_mini_subset,scene-0103_038,pitch,0.5,pitch_0.5deg,11,Car,23.92,mid,14,100.0,11.2037
nuscenes_mini_subset,scene-0103_038,pitch,1.0,pitch_1deg,1,Bicycle,14.36,near,11,81.8182,22.8316
nuscenes_mini_subset,scene-0103_038,pitch,1.0,pitch_1deg,3,Car,21.23,mid,46,100.0,22.3287
nuscenes_mini_subset,scene-0103_038,pitch,1.0,pitch_1deg,5,Car,17.9,mid,56,67.8571,22.6929
nuscenes_mini_subset,scene-0103_038,pitch,1.0,pitch_1deg,8,Car,25.9,mid,11,100.0,22.2457
nuscenes_mini_subset,scene-0103_038,pitch,1.0,pitch_1deg,11,Car,23.92,mid,14,71.4286,22.4191
nuscenes_mini_subset,scene-0103_038,pitch,2.0,pitch_2deg,1,Bicycle,14.36,near,11,54.5455,45.7467
nuscenes_mini_subset,scene-0103_038,pitch,2.0,pitch_2deg,3,Car,21.23,mid,46,93.4783,44.7249
nuscenes_mini_subset,scene-0103_038,pitch,2.0,pitch_2deg,5,Car,17.9,mid,56,67.8571,45.4621
nuscenes_mini_subset,scene-0103_038,pitch,2.0,pitch_2deg,8,Car,25.9,mid,11,54.5455,44.5473
nuscenes_mini_subset,scene-0103_038,pitch,2.0,pitch_2deg,11,Car,23.92,mid,14,21.4286,44.8921
nuscenes_mini_subset,scene-0103_038,pitch,3.0,pitch_3deg,1,Bicycle,14.36,near,11,18.1818,68.762
nuscenes_mini_subset,scene-0103_038,pitch,3.0,pitch_3deg,3,Car,21.23,mid,46,50.0,67.2037
nuscenes_mini_subset,scene-0103_038,pitch,3.0,pitch_3deg,5,Car,17.9,mid,56,33.9286,68.3234
nuscenes_mini_subset,scene-0103_038,pitch,3.0,pitch_3deg,8,Car,25.9,mid,11,18.1818,66.9196
nuscenes_mini_subset,scene-0103_038,pitch,3.0,pitch_3deg,11,Car,23.92,mid,14,21.4286,67.4337
nuscenes_mini_subset,scene-0103_038,roll,0.5,roll_0.5deg,1,Bicycle,14.36,near,11,100.0,5.3552
nuscenes_mini_subset,scene-0103_038,roll,0.5,roll_0.5deg,3,Car,21.23,mid,46,100.0,4.6678
nuscenes_mini_subset,scene-0103_038,roll,0.5,roll_0.5deg,5,Car,17.9,mid,56,100.0,3.6823
nuscenes_mini_subset,scene-0103_038,roll,0.5,roll_0.5deg,8,Car,25.9,mid,11,100.0,3.8233
nuscenes_mini_subset,scene-0103_038,roll,0.5,roll_0.5deg,11,Car,23.92,mid,14,100.0,2.3952
nuscenes_mini_subset,scene-0103_038,roll,1.0,roll_1deg,1,Bicycle,14.36,near,11,100.0,10.7114
nuscenes_mini_subset,scene-0103_038,roll,1.0,roll_1deg,3,Car,21.23,mid,46,100.0,9.3345
nuscenes_mini_subset,scene-0103_038,roll,1.0,roll_1deg,5,Car,17.9,mid,56,100.0,7.3651
nuscenes_mini_subset,scene-0103_038,roll,1.0,roll_1deg,8,Car,25.9,mid,11,100.0,7.6458
nuscenes_mini_subset,scene-0103_038,roll,1.0,roll_1deg,11,Car,23.92,mid,14,100.0,4.7905
nuscenes_mini_subset,scene-0103_038,roll,2.0,roll_2deg,1,Bicycle,14.36,near,11,100.0,21.4266
nuscenes_mini_subset,scene-0103_038,roll,2.0,roll_2deg,3,Car,21.23,mid,46,82.6087,18.6645
nuscenes_mini_subset,scene-0103_038,roll,2.0,roll_2deg,5,Car,17.9,mid,56,100.0,14.7319
nuscenes_mini_subset,scene-0103_038,roll,2.0,roll_2deg,8,Car,25.9,mid,11,100.0,15.2885
nuscenes_mini_subset,scene-0103_038,roll,2.0,roll_2deg,11,Car,23.92,mid,14,100.0,9.5816
nuscenes_mini_subset,scene-0103_038,roll,3.0,roll_3deg,1,Bicycle,14.36,near,11,54.5455,32.1448
nuscenes_mini_subset,scene-0103_038,roll,3.0,roll_3deg,3,Car,21.23,mid,46,78.2609,27.9893
nuscenes_mini_subset,scene-0103_038,roll,3.0,roll_3deg,5,Car,17.9,mid,56,78.5714,22.0998
nuscenes_mini_subset,scene-0103_038,roll,3.0,roll_3deg,8,Car,25.9,mid,11,100.0,22.9275
nuscenes_mini_subset,scene-0103_038,roll,3.0,roll_3deg,11,Car,23.92,mid,14,71.4286,14.3729
nuscenes_mini_subset,scene-0103_038,tx,0.02,tx_2cm,1,Bicycle,14.36,near,11,100.0,0.8426
nuscenes_mini_subset,scene-0103_038,tx,0.02,tx_2cm,3,Car,21.23,mid,46,100.0,0.5129
nuscenes_mini_subset,scene-0103_038,tx,0.02,tx_2cm,5,Car,17.9,mid,56,100.0,0.5334
nuscenes_mini_subset,scene-0103_038,tx,0.02,tx_2cm,8,Car,25.9,mid,11,100.0,0.3459
nuscenes_mini_subset,scene-0103_038,tx,0.02,tx_2cm,11,Car,23.92,mid,14,100.0,0.2481
nuscenes_mini_subset,scene-0103_038,tx,0.05,tx_5cm,1,Bicycle,14.36,near,11,100.0,2.1022
nuscenes_mini_subset,scene-0103_038,tx,0.05,tx_5cm,3,Car,21.23,mid,46,100.0,1.2804
nuscenes_mini_subset,scene-0103_038,tx,0.05,tx_5cm,5,Car,17.9,mid,56,100.0,1.3309
nuscenes_mini_subset,scene-0103_038,tx,0.05,tx_5cm,8,Car,25.9,mid,11,100.0,0.8636
nuscenes_mini_subset,scene-0103_038,tx,0.05,tx_5cm,11,Car,23.92,mid,14,100.0,0.6195
nuscenes_mini_subset,scene-0103_038,tx,0.1,tx_10cm,1,Bicycle,14.36,near,11,100.0,4.19
nuscenes_mini_subset,scene-0103_038,tx,0.1,tx_10cm,3,Car,21.23,mid,46,100.0,2.5546
nuscenes_mini_subset,scene-0103_038,tx,0.1,tx_10cm,5,Car,17.9,mid,56,100.0,2.6534
nuscenes_mini_subset,scene-0103_038,tx,0.1,tx_10cm,8,Car,25.9,mid,11,100.0,1.7238
nuscenes_mini_subset,scene-0103_038,tx,0.1,tx_10cm,11,Car,23.92,mid,14,100.0,1.2362
nuscenes_mini_subset,scene-0103_038,ty,0.02,ty_2cm,1,Bicycle,14.36,near,11,100.0,1.74
nuscenes_mini_subset,scene-0103_038,ty,0.02,ty_2cm,3,Car,21.23,mid,46,100.0,1.1992
nuscenes_mini_subset,scene-0103_038,ty,0.02,ty_2cm,5,Car,17.9,mid,56,100.0,1.5827
nuscenes_mini_subset,scene-0103_038,ty,0.02,ty_2cm,8,Car,25.9,mid,11,100.0,1.0043
nuscenes_mini_subset,scene-0103_038,ty,0.02,ty_2cm,11,Car,23.92,mid,14,100.0,1.1233
nuscenes_mini_subset,scene-0103_038,ty,0.05,ty_5cm,1,Bicycle,14.36,near,11,100.0,4.3498
nuscenes_mini_subset,scene-0103_038,ty,0.05,ty_5cm,3,Car,21.23,mid,46,100.0,2.9979
nuscenes_mini_subset,scene-0103_038,ty,0.05,ty_5cm,5,Car,17.9,mid,56,100.0,3.9568
nuscenes_mini_subset,scene-0103_038,ty,0.05,ty_5cm,8,Car,25.9,mid,11,100.0,2.5107
nuscenes_mini_subset,scene-0103_038,ty,0.05,ty_5cm,11,Car,23.92,mid,14,100.0,2.8082
nuscenes_mini_subset,scene-0103_038,ty,0.1,ty_10cm,1,Bicycle,14.36,near,11,100.0,8.6993
nuscenes_mini_subset,scene-0103_038,ty,0.1,ty_10cm,3,Car,21.23,mid,46,100.0,5.9957
nuscenes_mini_subset,scene-0103_038,ty,0.1,ty_10cm,5,Car,17.9,mid,56,100.0,7.9133
nuscenes_mini_subset,scene-0103_038,ty,0.1,ty_10cm,8,Car,25.9,mid,11,100.0,5.0214
nuscenes_mini_subset,scene-0103_038,ty,0.1,ty_10cm,11,Car,23.92,mid,14,100.0,5.6162
nuscenes_mini_subset,scene-0103_038,tz,0.02,tz_2cm,1,Bicycle,14.36,near,11,100.0,1.7369
nuscenes_mini_subset,scene-0103_038,tz,0.02,tz_2cm,3,Car,21.23,mid,46,100.0,1.2062
nuscenes_mini_subset,scene-0103_038,tz,0.02,tz_2cm,5,Car,17.9,mid,56,100.0,1.5804
nuscenes_mini_subset,scene-0103_038,tz,0.02,tz_2cm,8,Car,25.9,mid,11,100.0,1.0102
nuscenes_mini_subset,scene-0103_038,tz,0.02,tz_2cm,11,Car,23.92,mid,14,100.0,1.1212
nuscenes_mini_subset,scene-0103_038,tz,0.05,tz_5cm,1,Bicycle,14.36,near,11,100.0,4.3418
nuscenes_mini_subset,scene-0103_038,tz,0.05,tz_5cm,3,Car,21.23,mid,46,100.0,3.0153
nuscenes_mini_subset,scene-0103_038,tz,0.05,tz_5cm,5,Car,17.9,mid,56,100.0,3.9506
nuscenes_mini_subset,scene-0103_038,tz,0.05,tz_5cm,8,Car,25.9,mid,11,100.0,2.5252
nuscenes_mini_subset,scene-0103_038,tz,0.05,tz_5cm,11,Car,23.92,mid,14,100.0,2.8029
nuscenes_mini_subset,scene-0103_038,tz,0.1,tz_10cm,1,Bicycle,14.36,near,11,100.0,8.682
nuscenes_mini_subset,scene-0103_038,tz,0.1,tz_10cm,3,Car,21.23,mid,46,100.0,6.0299
nuscenes_mini_subset,scene-0103_038,tz,0.1,tz_10cm,5,Car,17.9,mid,56,100.0,7.8998
nuscenes_mini_subset,scene-0103_038,tz,0.1,tz_10cm,8,Car,25.9,mid,11,100.0,5.0499
nuscenes_mini_subset,scene-0103_038,tz,0.1,tz_10cm,11,Car,23.92,mid,14,100.0,5.6051
nuscenes_mini_subset,scene-0103_038,time,36.5,no_ego_motion,1,Bicycle,14.36,near,11,100.0,12.9462
nuscenes_mini_subset,scene-0103_038,time,36.5,no_ego_motion,3,Car,21.23,mid,46,100.0,8.6293
nuscenes_mini_subset,scene-0103_038,time,36.5,no_ego_motion,5,Car,17.9,mid,56,100.0,8.0323
nuscenes_mini_subset,scene-0103_038,time,36.5,no_ego_motion,8,Car,25.9,mid,11,100.0,6.1703
nuscenes_mini_subset,scene-0103_038,time,36.5,no_ego_motion,11,Car,23.92,mid,14,100.0,3.7999
nuscenes_mini_subset,scene-0103_039,baseline,0.0,baseline,2,Car,17.1,mid,74,100.0,0.0
nuscenes_mini_subset,scene-0103_039,baseline,0.0,baseline,3,Car,13.7,near,93,100.0,0.0
nuscenes_mini_subset,scene-0103_039,baseline,0.0,baseline,5,Car,21.76,mid,20,100.0,0.0
nuscenes_mini_subset,scene-0103_039,baseline,0.0,baseline,7,Car,19.74,mid,40,100.0,0.0
nuscenes_mini_subset,scene-0103_039,yaw,0.5,yaw_0.5deg,2,Car,17.1,mid,74,100.0,14.4955
nuscenes_mini_subset,scene-0103_039,yaw,0.5,yaw_0.5deg,3,Car,13.7,near,93,98.9247,13.3378
nuscenes_mini_subset,scene-0103_039,yaw,0.5,yaw_0.5deg,5,Car,21.76,mid,20,100.0,12.9898
nuscenes_mini_subset,scene-0103_039,yaw,0.5,yaw_0.5deg,7,Car,19.74,mid,40,100.0,12.1406
nuscenes_mini_subset,scene-0103_039,yaw,1.0,yaw_1deg,2,Car,17.1,mid,74,97.2973,29.09
nuscenes_mini_subset,scene-0103_039,yaw,1.0,yaw_1deg,3,Car,13.7,near,93,96.7742,26.578
nuscenes_mini_subset,scene-0103_039,yaw,1.0,yaw_1deg,5,Car,21.76,mid,20,100.0,26.0741
nuscenes_mini_subset,scene-0103_039,yaw,1.0,yaw_1deg,7,Car,19.74,mid,40,100.0,24.2204
nuscenes_mini_subset,scene-0103_039,yaw,2.0,yaw_2deg,2,Car,17.1,mid,74,93.2432,58.4591
nuscenes_mini_subset,scene-0103_039,yaw,2.0,yaw_2deg,3,Car,13.7,near,93,91.3978,52.7776
nuscenes_mini_subset,scene-0103_039,yaw,2.0,yaw_2deg,5,Car,21.76,mid,20,100.0,52.5382
nuscenes_mini_subset,scene-0103_039,yaw,2.0,yaw_2deg,7,Car,19.74,mid,40,87.5,48.2072
nuscenes_mini_subset,scene-0103_039,yaw,3.0,yaw_3deg,2,Car,17.1,mid,74,82.4324,87.9705
nuscenes_mini_subset,scene-0103_039,yaw,3.0,yaw_3deg,3,Car,13.7,near,93,82.7957,78.6235
nuscenes_mini_subset,scene-0103_039,yaw,3.0,yaw_3deg,5,Car,21.76,mid,20,95.0,79.4181
nuscenes_mini_subset,scene-0103_039,yaw,3.0,yaw_3deg,7,Car,19.74,mid,40,67.5,71.9786
nuscenes_mini_subset,scene-0103_039,pitch,0.5,pitch_0.5deg,2,Car,17.1,mid,74,100.0,11.295
nuscenes_mini_subset,scene-0103_039,pitch,0.5,pitch_0.5deg,3,Car,13.7,near,93,100.0,11.4776
nuscenes_mini_subset,scene-0103_039,pitch,0.5,pitch_0.5deg,5,Car,21.76,mid,20,100.0,11.1972
nuscenes_mini_subset,scene-0103_039,pitch,0.5,pitch_0.5deg,7,Car,19.74,mid,40,100.0,11.2715
nuscenes_mini_subset,scene-0103_039,pitch,1.0,pitch_1deg,2,Car,17.1,mid,74,97.2973,22.6145
nuscenes_mini_subset,scene-0103_039,pitch,1.0,pitch_1deg,3,Car,13.7,near,93,100.0,22.9786
nuscenes_mini_subset,scene-0103_039,pitch,1.0,pitch_1deg,5,Car,21.76,mid,20,100.0,22.4123
nuscenes_mini_subset,scene-0103_039,pitch,1.0,pitch_1deg,7,Car,19.74,mid,40,80.0,22.5549
nuscenes_mini_subset,scene-0103_039,pitch,2.0,pitch_2deg,2,Car,17.1,mid,74,89.1892,45.3353
nuscenes_mini_subset,scene-0103_039,pitch,2.0,pitch_2deg,3,Car,13.7,near,93,97.8495,46.0589
nuscenes_mini_subset,scene-0103_039,pitch,2.0,pitch_2deg,5,Car,21.76,mid,20,55.0,44.9034
nuscenes_mini_subset,scene-0103_039,pitch,2.0,pitch_2deg,7,Car,19.74,mid,40,80.0,45.165
nuscenes_mini_subset,scene-0103_039,pitch,3.0,pitch_3deg,2,Car,17.1,mid,74,72.973,68.179
nuscenes_mini_subset,scene-0103_039,pitch,3.0,pitch_3deg,3,Car,13.7,near,93,68.8172,69.2574
nuscenes_mini_subset,scene-0103_039,pitch,3.0,pitch_3deg,5,Car,21.76,mid,20,25.0,67.4889
nuscenes_mini_subset,scene-0103_039,pitch,3.0,pitch_3deg,7,Car,19.74,mid,40,57.5,67.8457
nuscenes_mini_subset,scene-0103_039,roll,0.5,roll_0.5deg,2,Car,17.1,mid,74,100.0,6.0235
nuscenes_mini_subset,scene-0103_039,roll,0.5,roll_0.5deg,3,Car,13.7,near,93,100.0,4.6034
nuscenes_mini_subset,scene-0103_039,roll,0.5,roll_0.5deg,5,Car,21.76,mid,20,100.0,4.5113
nuscenes_mini_subset,scene-0103_039,roll,0.5,roll_0.5deg,7,Car,19.74,mid,40,100.0,3.1097
nuscenes_mini_subset,scene-0103_039,roll,1.0,roll_1deg,2,Car,17.1,mid,74,100.0,12.0452
nuscenes_mini_subset,scene-0103_039,roll,1.0,roll_1deg,3,Car,13.7,near,93,100.0,9.2075
nuscenes_mini_subset,scene-0103_039,roll,1.0,roll_1deg,5,Car,21.76,mid,20,100.0,9.0216
nuscenes_mini_subset,scene-0103_039,roll,1.0,roll_1deg,7,Car,19.74,mid,40,100.0,6.2197
nuscenes_mini_subset,scene-0103_039,roll,2.0,roll_2deg,2,Car,17.1,mid,74,100.0,24.0832
nuscenes_mini_subset,scene-0103_039,roll,2.0,roll_2deg,3,Car,13.7,near,93,100.0,18.4178
nuscenes_mini_subset,scene-0103_039,roll,2.0,roll_2deg,5,Car,21.76,mid,20,100.0,18.039
nuscenes_mini_subset,scene-0103_039,roll,2.0,roll_2deg,7,Car,19.74,mid,40,100.0,12.4406
nuscenes_mini_subset,scene-0103_039,roll,3.0,roll_3deg,2,Car,17.1,mid,74,94.5946,36.113
nuscenes_mini_subset,scene-0103_039,roll,3.0,roll_3deg,3,Car,13.7,near,93,100.0,27.6302
nuscenes_mini_subset,scene-0103_039,roll,3.0,roll_3deg,5,Car,21.76,mid,20,100.0,27.0514
nuscenes_mini_subset,scene-0103_039,roll,3.0,roll_3deg,7,Car,19.74,mid,40,100.0,18.662
nuscenes_mini_subset,scene-0103_039,tx,0.02,tx_2cm,2,Car,17.1,mid,74,100.0,0.8348
nuscenes_mini_subset,scene-0103_039,tx,0.02,tx_2cm,3,Car,13.7,near,93,100.0,0.8802
nuscenes_mini_subset,scene-0103_039,tx,0.02,tx_2cm,5,Car,21.76,mid,20,100.0,0.4854
nuscenes_mini_subset,scene-0103_039,tx,0.02,tx_2cm,7,Car,19.74,mid,40,100.0,0.3947
nuscenes_mini_subset,scene-0103_039,tx,0.05,tx_5cm,2,Car,17.1,mid,74,100.0,2.0833
nuscenes_mini_subset,scene-0103_039,tx,0.05,tx_5cm,3,Car,13.7,near,93,100.0,2.195
nuscenes_mini_subset,scene-0103_039,tx,0.05,tx_5cm,5,Car,21.76,mid,20,100.0,1.2118
nuscenes_mini_subset,scene-0103_039,tx,0.05,tx_5cm,7,Car,19.74,mid,40,100.0,0.985
nuscenes_mini_subset,scene-0103_039,tx,0.1,tx_10cm,2,Car,17.1,mid,74,100.0,4.154
nuscenes_mini_subset,scene-0103_039,tx,0.1,tx_10cm,3,Car,13.7,near,93,100.0,4.3719
nuscenes_mini_subset,scene-0103_039,tx,0.1,tx_10cm,5,Car,21.76,mid,20,100.0,2.4179
nuscenes_mini_subset,scene-0103_039,tx,0.1,tx_10cm,7,Car,19.74,mid,40,100.0,1.9646
nuscenes_mini_subset,scene-0103_039,ty,0.02,ty_2cm,2,Car,17.1,mid,74,100.0,1.5204
nuscenes_mini_subset,scene-0103_039,ty,0.02,ty_2cm,3,Car,13.7,near,93,100.0,2.0967
nuscenes_mini_subset,scene-0103_039,ty,0.02,ty_2cm,5,Car,21.76,mid,20,100.0,1.2054
nuscenes_mini_subset,scene-0103_039,ty,0.02,ty_2cm,7,Car,19.74,mid,40,100.0,1.3901
nuscenes_mini_subset,scene-0103_039,ty,0.05,ty_5cm,2,Car,17.1,mid,74,100.0,3.801
nuscenes_mini_subset,scene-0103_039,ty,0.05,ty_5cm,3,Car,13.7,near,93,100.0,5.2416
nuscenes_mini_subset,scene-0103_039,ty,0.05,ty_5cm,5,Car,21.76,mid,20,100.0,3.0134
nuscenes_mini_subset,scene-0103_039,ty,0.05,ty_5cm,7,Car,19.74,mid,40,100.0,3.4753
nuscenes_mini_subset,scene-0103_039,ty,0.1,ty_10cm,2,Car,17.1,mid,74,100.0,7.6018
nuscenes_mini_subset,scene-0103_039,ty,0.1,ty_10cm,3,Car,13.7,near,93,98.9247,10.4827
nuscenes_mini_subset,scene-0103_039,ty,0.1,ty_10cm,5,Car,21.76,mid,20,100.0,6.0266
nuscenes_mini_subset,scene-0103_039,ty,0.1,ty_10cm,7,Car,19.74,mid,40,100.0,6.9504
nuscenes_mini_subset,scene-0103_039,tz,0.02,tz_2cm,2,Car,17.1,mid,74,100.0,1.5347
nuscenes_mini_subset,scene-0103_039,tz,0.02,tz_2cm,3,Car,13.7,near,93,100.0,2.0921
nuscenes_mini_subset,scene-0103_039,tz,0.02,tz_2cm,5,Car,21.76,mid,20,100.0,1.2148
nuscenes_mini_subset,scene-0103_039,tz,0.02,tz_2cm,7,Car,19.74,mid,40,100.0,1.3871
nuscenes_mini_subset,scene-0103_039,tz,0.05,tz_5cm,2,Car,17.1,mid,74,100.0,3.8364
nuscenes_mini_subset,scene-0103_039,tz,0.05,tz_5cm,3,Car,13.7,near,93,100.0,5.2296
nuscenes_mini_subset,scene-0103_039,tz,0.05,tz_5cm,5,Car,21.76,mid,20,100.0,3.0369
nuscenes_mini_subset,scene-0103_039,tz,0.05,tz_5cm,7,Car,19.74,mid,40,100.0,3.4674
nuscenes_mini_subset,scene-0103_039,tz,0.1,tz_10cm,2,Car,17.1,mid,74,100.0,7.6715
nuscenes_mini_subset,scene-0103_039,tz,0.1,tz_10cm,3,Car,13.7,near,93,100.0,10.4568
nuscenes_mini_subset,scene-0103_039,tz,0.1,tz_10cm,5,Car,21.76,mid,20,100.0,6.073
nuscenes_mini_subset,scene-0103_039,tz,0.1,tz_10cm,7,Car,19.74,mid,40,100.0,6.9338
nuscenes_mini_subset,scene-0103_039,time,35.8,no_ego_motion,2,Car,17.1,mid,74,100.0,12.913
nuscenes_mini_subset,scene-0103_039,time,35.8,no_ego_motion,3,Car,13.7,near,93,100.0,13.6245
nuscenes_mini_subset,scene-0103_039,time,35.8,no_ego_motion,5,Car,21.76,mid,20,100.0,7.6977
nuscenes_mini_subset,scene-0103_039,time,35.8,no_ego_motion,7,Car,19.74,mid,40,100.0,6.2522
nuscenes_mini_subset,scene-1094_000,baseline,0.0,baseline,1,Car,22.6,mid,33,100.0,0.0
nuscenes_mini_subset,scene-1094_000,baseline,0.0,baseline,3,Car,7.37,near,456,100.0,0.0
nuscenes_mini_subset,scene-1094_000,baseline,0.0,baseline,11,Car,28.99,mid,61,100.0,0.0
nuscenes_mini_subset,scene-1094_000,baseline,0.0,baseline,12,Pedestrian,13.55,near,11,100.0,0.0
nuscenes_mini_subset,scene-1094_000,yaw,0.5,yaw_0.5deg,1,Car,22.6,mid,33,96.9697,14.0546
nuscenes_mini_subset,scene-1094_000,yaw,0.5,yaw_0.5deg,3,Car,7.37,near,456,100.0,12.6715
nuscenes_mini_subset,scene-1094_000,yaw,0.5,yaw_0.5deg,11,Car,28.99,mid,61,100.0,12.561
nuscenes_mini_subset,scene-1094_000,yaw,0.5,yaw_0.5deg,12,Pedestrian,13.55,near,11,100.0,12.3848
nuscenes_mini_subset,scene-1094_000,yaw,1.0,yaw_1deg,1,Car,22.6,mid,33,84.8485,28.2321
nuscenes_mini_subset,scene-1094_000,yaw,1.0,yaw_1deg,3,Car,7.37,near,456,98.6842,25.3444
nuscenes_mini_subset,scene-1094_000,yaw,1.0,yaw_1deg,11,Car,28.99,mid,61,100.0,25.1967
nuscenes_mini_subset,scene-1094_000,yaw,1.0,yaw_1deg,12,Pedestrian,13.55,near,11,100.0,24.8262
nuscenes_mini_subset,scene-1094_000,yaw,2.0,yaw_2deg,1,Car,22.6,mid,33,60.6061,56.9713
nuscenes_mini_subset,scene-1094_000,yaw,2.0,yaw_2deg,3,Car,7.37,near,456,92.9825,50.6878
nuscenes_mini_subset,scene-1094_000,yaw,2.0,yaw_2deg,11,Car,28.99,mid,61,96.7213,50.7028
nuscenes_mini_subset,scene-1094_000,yaw,2.0,yaw_2deg,12,Pedestrian,13.55,near,11,100.0,49.8886
nuscenes_mini_subset,scene-1094_000,yaw,3.0,yaw_3deg,1,Car,22.6,mid,33,51.5152,86.2501
nuscenes_mini_subset,scene-1094_000,yaw,3.0,yaw_3deg,3,Car,7.37,near,456,89.4737,76.0363
nuscenes_mini_subset,scene-1094_000,yaw,3.0,yaw_3deg,11,Car,28.99,mid,61,91.8033,76.5404
nuscenes_mini_subset,scene-1094_000,yaw,3.0,yaw_3deg,12,Pedestrian,13.55,near,11,27.2727,75.2074
nuscenes_mini_subset,scene-1094_000,pitch,0.5,pitch_0.5deg,1,Car,22.6,mid,33,100.0,11.4768
nuscenes_mini_subset,scene-1094_000,pitch,0.5,pitch_0.5deg,3,Car,7.37,near,456,100.0,12.9686
nuscenes_mini_subset,scene-1094_000,pitch,0.5,pitch_0.5deg,11,Car,28.99,mid,61,100.0,11.3554
nuscenes_mini_subset,scene-1094_000,pitch,0.5,pitch_0.5deg,12,Pedestrian,13.55,near,11,100.0,11.7926
nuscenes_mini_subset,scene-1094_000,pitch,1.0,pitch_1deg,1,Car,22.6,mid,33,100.0,22.9696
nuscenes_mini_subset,scene-1094_000,pitch,1.0,pitch_1deg,3,Car,7.37,near,456,100.0,25.9835
nuscenes_mini_subset,scene-1094_000,pitch,1.0,pitch_1deg,11,Car,28.99,mid,61,90.1639,22.7209
nuscenes_mini_subset,scene-1094_000,pitch,1.0,pitch_1deg,12,Pedestrian,13.55,near,11,100.0,23.6109
nuscenes_mini_subset,scene-1094_000,pitch,2.0,pitch_2deg,1,Car,22.6,mid,33,69.697,46.0112
nuscenes_mini_subset,scene-1094_000,pitch,2.0,pitch_2deg,3,Car,7.37,near,456,89.9123,52.0962
nuscenes_mini_subset,scene-1094_000,pitch,2.0,pitch_2deg,11,Car,28.99,mid,61,90.1639,45.4904
nuscenes_mini_subset,scene-1094_000,pitch,2.0,pitch_2deg,12,Pedestrian,13.55,near,11,81.8182,47.3329
nuscenes_mini_subset,scene-1094_000,pitch,3.0,pitch_3deg,1,Car,22.6,mid,33,21.2121,69.1406
nuscenes_mini_subset,scene-1094_000,pitch,3.0,pitch_3deg,3,Car,7.37,near,456,79.8246,77.8151
nuscenes_mini_subset,scene-1094_000,pitch,3.0,pitch_3deg,11,Car,28.99,mid,61,67.2131,68.3238
nuscenes_mini_subset,scene-1094_000,pitch,3.0,pitch_3deg,12,Pedestrian,13.55,near,11,81.8182,71.183
nuscenes_mini_subset,scene-1094_000,roll,0.5,roll_0.5deg,1,Car,22.6,mid,33,100.0,5.3647
nuscenes_mini_subset,scene-1094_000,roll,0.5,roll_0.5deg,3,Car,7.37,near,456,100.0,2.397
nuscenes_mini_subset,scene-1094_000,roll,0.5,roll_0.5deg,11,Car,28.99,mid,61,100.0,3.6421
nuscenes_mini_subset,scene-1094_000,roll,0.5,roll_0.5deg,12,Pedestrian,13.55,near,11,100.0,2.9328
nuscenes_mini_subset,scene-1094_000,roll,1.0,roll_1deg,1,Car,22.6,mid,33,100.0,10.7288
nuscenes_mini_subset,scene-1094_000,roll,1.0,roll_1deg,3,Car,7.37,near,456,100.0,4.7939
nuscenes_mini_subset,scene-1094_000,roll,1.0,roll_1deg,11,Car,28.99,mid,61,100.0,7.2839
nuscenes_mini_subset,scene-1094_000,roll,1.0,roll_1deg,12,Pedestrian,13.55,near,11,100.0,5.8655
nuscenes_mini_subset,scene-1094_000,roll,2.0,roll_2deg,1,Car,22.6,mid,33,100.0,21.4551
nuscenes_mini_subset,scene-1094_000,roll,2.0,roll_2deg,3,Car,7.37,near,456,100.0,9.5873
nuscenes_mini_subset,scene-1094_000,roll,2.0,roll_2deg,11,Car,28.99,mid,61,100.0,14.5664
nuscenes_mini_subset,scene-1094_000,roll,2.0,roll_2deg,12,Pedestrian,13.55,near,11,100.0,11.7301
nuscenes_mini_subset,scene-1094_000,roll,3.0,roll_3deg,1,Car,22.6,mid,33,78.7879,32.178
nuscenes_mini_subset,scene-1094_000,roll,3.0,roll_3deg,3,Car,7.37,near,456,99.5614,14.3799
nuscenes_mini_subset,scene-1094_000,roll,3.0,roll_3deg,11,Car,28.99,mid,61,93.4426,21.8471
nuscenes_mini_subset,scene-1094_000,roll,3.0,roll_3deg,12,Pedestrian,13.55,near,11,100.0,17.5932
nuscenes_mini_subset,scene-1094_000,tx,0.02,tx_2cm,1,Car,22.6,mid,33,100.0,0.5611
nuscenes_mini_subset,scene-1094_000,tx,0.02,tx_2cm,3,Car,7.37,near,456,100.0,0.7696
nuscenes_mini_subset,scene-1094_000,tx,0.02,tx_2cm,11,Car,28.99,mid,61,100.0,0.2992
nuscenes_mini_subset,scene-1094_000,tx,0.02,tx_2cm,12,Pedestrian,13.55,near,11,100.0,0.4901
nuscenes_mini_subset,scene-1094_000,tx,0.05,tx_5cm,1,Car,22.6,mid,33,100.0,1.4008
nuscenes_mini_subset,scene-1094_000,tx,0.05,tx_5cm,3,Car,7.37,near,456,100.0,1.9135
nuscenes_mini_subset,scene-1094_000,tx,0.05,tx_5cm,11,Car,28.99,mid,61,100.0,0.7473
nuscenes_mini_subset,scene-1094_000,tx,0.05,tx_5cm,12,Pedestrian,13.55,near,11,100.0,1.2224
nuscenes_mini_subset,scene-1094_000,tx,0.1,tx_10cm,1,Car,22.6,mid,33,100.0,2.7953
nuscenes_mini_subset,scene-1094_000,tx,0.1,tx_10cm,3,Car,7.37,near,456,100.0,3.7922
nuscenes_mini_subset,scene-1094_000,tx,0.1,tx_10cm,11,Car,28.99,mid,61,100.0,1.4919
nuscenes_mini_subset,scene-1094_000,tx,0.1,tx_10cm,12,Pedestrian,13.55,near,11,100.0,2.4358
nuscenes_mini_subset,scene-1094_000,ty,0.02,ty_2cm,1,Car,22.6,mid,33,100.0,1.1528
nuscenes_mini_subset,scene-1094_000,ty,0.02,ty_2cm,3,Car,7.37,near,456,100.0,4.6495
nuscenes_mini_subset,scene-1094_000,ty,0.02,ty_2cm,11,Car,28.99,mid,61,100.0,0.906
nuscenes_mini_subset,scene-1094_000,ty,0.02,ty_2cm,12,Pedestrian,13.55,near,11,100.0,1.8784
nuscenes_mini_subset,scene-1094_000,ty,0.05,ty_5cm,1,Car,22.6,mid,33,100.0,2.882
nuscenes_mini_subset,scene-1094_000,ty,0.05,ty_5cm,3,Car,7.37,near,456,100.0,11.6236
nuscenes_mini_subset,scene-1094_000,ty,0.05,ty_5cm,11,Car,28.99,mid,61,100.0,2.2651
nuscenes_mini_subset,scene-1094_000,ty,0.05,ty_5cm,12,Pedestrian,13.55,near,11,100.0,4.6959
nuscenes_mini_subset,scene-1094_000,ty,0.1,ty_10cm,1,Car,22.6,mid,33,100.0,5.7639
nuscenes_mini_subset,scene-1094_000,ty,0.1,ty_10cm,3,Car,7.37,near,456,99.5614,23.2464
nuscenes_mini_subset,scene-1094_000,ty,0.1,ty_10cm,11,Car,28.99,mid,61,100.0,4.5301
nuscenes_mini_subset,scene-1094_000,ty,0.1,ty_10cm,12,Pedestrian,13.55,near,11,100.0,9.3916
nuscenes_mini_subset,scene-1094_000,tz,0.02,tz_2cm,1,Car,22.6,mid,33,100.0,1.1554
nuscenes_mini_subset,scene-1094_000,tz,0.02,tz_2cm,3,Car,7.37,near,456,100.0,4.6584
nuscenes_mini_subset,scene-1094_000,tz,0.02,tz_2cm,11,Car,28.99,mid,61,100.0,0.9076
nuscenes_mini_subset,scene-1094_000,tz,0.02,tz_2cm,12,Pedestrian,13.55,near,11,100.0,1.8814
nuscenes_mini_subset,scene-1094_000,tz,0.05,tz_5cm,1,Car,22.6,mid,33,100.0,2.8885
nuscenes_mini_subset,scene-1094_000,tz,0.05,tz_5cm,3,Car,7.37,near,456,100.0,11.6448
nuscenes_mini_subset,scene-1094_000,tz,0.05,tz_5cm,11,Car,28.99,mid,61,100.0,2.2689
nuscenes_mini_subset,scene-1094_000,tz,0.05,tz_5cm,12,Pedestrian,13.55,near,11,100.0,4.7033
nuscenes_mini_subset,scene-1094_000,tz,0.1,tz_10cm,1,Car,22.6,mid,33,100.0,5.7767
nuscenes_mini_subset,scene-1094_000,tz,0.1,tz_10cm,3,Car,7.37,near,456,93.6404,23.2857
nuscenes_mini_subset,scene-1094_000,tz,0.1,tz_10cm,11,Car,28.99,mid,61,100.0,4.5377
nuscenes_mini_subset,scene-1094_000,tz,0.1,tz_10cm,12,Pedestrian,13.55,near,11,100.0,9.4059
nuscenes_mini_subset,scene-1094_000,time,35.7,no_ego_motion,1,Car,22.6,mid,33,100.0,0.214
nuscenes_mini_subset,scene-1094_000,time,35.7,no_ego_motion,3,Car,7.37,near,456,100.0,0.1485
nuscenes_mini_subset,scene-1094_000,time,35.7,no_ego_motion,11,Car,28.99,mid,61,100.0,0.1455
nuscenes_mini_subset,scene-1094_000,time,35.7,no_ego_motion,12,Pedestrian,13.55,near,11,100.0,0.1883
nuscenes_mini_subset,scene-1094_001,baseline,0.0,baseline,1,Car,22.52,mid,25,100.0,0.0
nuscenes_mini_subset,scene-1094_001,baseline,0.0,baseline,3,Car,7.72,near,415,100.0,0.0
nuscenes_mini_subset,scene-1094_001,baseline,0.0,baseline,12,Car,28.91,mid,63,100.0,0.0
nuscenes_mini_subset,scene-1094_001,yaw,0.5,yaw_0.5deg,1,Car,22.52,mid,25,100.0,13.5543
nuscenes_mini_subset,scene-1094_001,yaw,0.5,yaw_0.5deg,3,Car,7.72,near,415,100.0,12.5791
nuscenes_mini_subset,scene-1094_001,yaw,0.5,yaw_0.5deg,12,Car,28.91,mid,63,100.0,12.5004
nuscenes_mini_subset,scene-1094_001,yaw,1.0,yaw_1deg,1,Car,22.52,mid,25,100.0,27.2147
nuscenes_mini_subset,scene-1094_001,yaw,1.0,yaw_1deg,3,Car,7.72,near,415,99.759,25.1599
nuscenes_mini_subset,scene-1094_001,yaw,1.0,yaw_1deg,12,Car,28.91,mid,63,100.0,25.073
nuscenes_mini_subset,scene-1094_001,yaw,2.0,yaw_2deg,1,Car,22.52,mid,25,100.0,54.8677
nuscenes_mini_subset,scene-1094_001,yaw,2.0,yaw_2deg,3,Car,7.72,near,415,95.6627,50.32
nuscenes_mini_subset,scene-1094_001,yaw,2.0,yaw_2deg,12,Car,28.91,mid,63,95.2381,50.4455
nuscenes_mini_subset,scene-1094_001,yaw,3.0,yaw_3deg,1,Car,22.52,mid,25,84.0,82.9878
nuscenes_mini_subset,scene-1094_001,yaw,3.0,yaw_3deg,3,Car,7.72,near,415,89.1566,75.4853
nuscenes_mini_subset,scene-1094_001,yaw,3.0,yaw_3deg,12,Car,28.91,mid,63,88.8889,76.1391
nuscenes_mini_subset,scene-1094_001,pitch,0.5,pitch_0.5deg,1,Car,22.52,mid,25,100.0,11.4811
nuscenes_mini_subset,scene-1094_001,pitch,0.5,pitch_0.5deg,3,Car,7.72,near,415,100.0,12.86
nuscenes_mini_subset,scene-1094_001,pitch,0.5,pitch_0.5deg,12,Car,28.91,mid,63,100.0,11.3574
nuscenes_mini_subset,scene-1094_001,pitch,1.0,pitch_1deg,1,Car,22.52,mid,25,100.0,22.9784
nuscenes_mini_subset,scene-1094_001,pitch,1.0,pitch_1deg,3,Car,7.72,near,415,100.0,25.7663
nuscenes_mini_subset,scene-1094_001,pitch,1.0,pitch_1deg,12,Car,28.91,mid,63,80.9524,22.7249
nuscenes_mini_subset,scene-1094_001,pitch,2.0,pitch_2deg,1,Car,22.52,mid,25,72.0,46.0291
nuscenes_mini_subset,scene-1094_001,pitch,2.0,pitch_2deg,3,Car,7.72,near,415,100.0,51.7283
nuscenes_mini_subset,scene-1094_001,pitch,2.0,pitch_2deg,12,Car,28.91,mid,63,80.9524,45.4981
nuscenes_mini_subset,scene-1094_001,pitch,3.0,pitch_3deg,1,Car,22.52,mid,25,20.0,69.1682
nuscenes_mini_subset,scene-1094_001,pitch,3.0,pitch_3deg,3,Car,7.72,near,415,89.1566,77.3143
nuscenes_mini_subset,scene-1094_001,pitch,3.0,pitch_3deg,12,Car,28.91,mid,63,65.0794,68.3349
nuscenes_mini_subset,scene-1094_001,roll,0.5,roll_0.5deg,1,Car,22.52,mid,25,100.0,4.86
nuscenes_mini_subset,scene-1094_001,roll,0.5,roll_0.5deg,3,Car,7.72,near,415,100.0,2.2052
nuscenes_mini_subset,scene-1094_001,roll,0.5,roll_0.5deg,12,Car,28.91,mid,63,100.0,3.5484
nuscenes_mini_subset,scene-1094_001,roll,1.0,roll_1deg,1,Car,22.52,mid,25,100.0,9.7196
nuscenes_mini_subset,scene-1094_001,roll,1.0,roll_1deg,3,Car,7.72,near,415,100.0,4.4103
nuscenes_mini_subset,scene-1094_001,roll,1.0,roll_1deg,12,Car,28.91,mid,63,100.0,7.0966
nuscenes_mini_subset,scene-1094_001,roll,2.0,roll_2deg,1,Car,22.52,mid,25,100.0,19.4371
nuscenes_mini_subset,scene-1094_001,roll,2.0,roll_2deg,3,Car,7.72,near,415,100.0,8.82
nuscenes_mini_subset,scene-1094_001,roll,2.0,roll_2deg,12,Car,28.91,mid,63,100.0,14.1919
nuscenes_mini_subset,scene-1094_001,roll,3.0,roll_3deg,1,Car,22.52,mid,25,80.0,29.1517
nuscenes_mini_subset,scene-1094_001,roll,3.0,roll_3deg,3,Car,7.72,near,415,100.0,13.2288
nuscenes_mini_subset,scene-1094_001,roll,3.0,roll_3deg,12,Car,28.91,mid,63,92.0635,21.2853
nuscenes_mini_subset,scene-1094_001,tx,0.02,tx_2cm,1,Car,22.52,mid,25,100.0,0.5286
nuscenes_mini_subset,scene-1094_001,tx,0.02,tx_2cm,3,Car,7.72,near,415,100.0,0.6653
nuscenes_mini_subset,scene-1094_001,tx,0.02,tx_2cm,12,Car,28.91,mid,63,100.0,0.2933
nuscenes_mini_subset,scene-1094_001,tx,0.05,tx_5cm,1,Car,22.52,mid,25,100.0,1.3196
nuscenes_mini_subset,scene-1094_001,tx,0.05,tx_5cm,3,Car,7.72,near,415,100.0,1.6547
nuscenes_mini_subset,scene-1094_001,tx,0.05,tx_5cm,12,Car,28.91,mid,63,100.0,0.7323
nuscenes_mini_subset,scene-1094_001,tx,0.1,tx_10cm,1,Car,22.52,mid,25,100.0,2.633
nuscenes_mini_subset,scene-1094_001,tx,0.1,tx_10cm,3,Car,7.72,near,415,100.0,3.281
nuscenes_mini_subset,scene-1094_001,tx,0.1,tx_10cm,12,Car,28.91,mid,63,100.0,1.462
nuscenes_mini_subset,scene-1094_001,ty,0.02,ty_2cm,1,Car,22.52,mid,25,100.0,1.1727
nuscenes_mini_subset,scene-1094_001,ty,0.02,ty_2cm,3,Car,7.72,near,415,100.0,4.3607
nuscenes_mini_subset,scene-1094_001,ty,0.02,ty_2cm,12,Car,28.91,mid,63,100.0,0.9085
nuscenes_mini_subset,scene-1094_001,ty,0.05,ty_5cm,1,Car,22.52,mid,25,100.0,2.9317
nuscenes_mini_subset,scene-1094_001,ty,0.05,ty_5cm,3,Car,7.72,near,415,100.0,10.9016
nuscenes_mini_subset,scene-1094_001,ty,0.05,ty_5cm,12,Car,28.91,mid,63,100.0,2.2712
nuscenes_mini_subset,scene-1094_001,ty,0.1,ty_10cm,1,Car,22.52,mid,25,100.0,5.8634
nuscenes_mini_subset,scene-1094_001,ty,0.1,ty_10cm,3,Car,7.72,near,415,100.0,21.8025
nuscenes_mini_subset,scene-1094_001,ty,0.1,ty_10cm,12,Car,28.91,mid,63,100.0,4.5424
nuscenes_mini_subset,scene-1094_001,tz,0.02,tz_2cm,1,Car,22.52,mid,25,100.0,1.176
nuscenes_mini_subset,scene-1094_001,tz,0.02,tz_2cm,3,Car,7.72,near,415,100.0,4.3708
nuscenes_mini_subset,scene-1094_001,tz,0.02,tz_2cm,12,Car,28.91,mid,63,100.0,0.9096
nuscenes_mini_subset,scene-1094_001,tz,0.05,tz_5cm,1,Car,22.52,mid,25,100.0,2.94
nuscenes_mini_subset,scene-1094_001,tz,0.05,tz_5cm,3,Car,7.72,near,415,93.012,10.9261
nuscenes_mini_subset,scene-1094_001,tz,0.05,tz_5cm,12,Car,28.91,mid,63,100.0,2.2739
nuscenes_mini_subset,scene-1094_001,tz,0.1,tz_10cm,1,Car,22.52,mid,25,100.0,5.8797
nuscenes_mini_subset,scene-1094_001,tz,0.1,tz_10cm,3,Car,7.72,near,415,92.5301,21.8486
nuscenes_mini_subset,scene-1094_001,tz,0.1,tz_10cm,12,Car,28.91,mid,63,100.0,4.5477
nuscenes_mini_subset,scene-1094_001,time,35.5,no_ego_motion,1,Car,22.52,mid,25,100.0,0.2026
nuscenes_mini_subset,scene-1094_001,time,35.5,no_ego_motion,3,Car,7.72,near,415,100.0,0.1705
nuscenes_mini_subset,scene-1094_001,time,35.5,no_ego_motion,12,Car,28.91,mid,63,100.0,0.1358
nuscenes_mini_subset,scene-1094_002,baseline,0.0,baseline,0,personal_mobility,8.57,near,38,100.0,0.0
nuscenes_mini_subset,scene-1094_002,baseline,0.0,baseline,1,Car,22.43,mid,20,100.0,0.0
nuscenes_mini_subset,scene-1094_002,baseline,0.0,baseline,4,Car,8.06,near,374,100.0,0.0
nuscenes_mini_subset,scene-1094_002,baseline,0.0,baseline,11,Pedestrian,11.39,near,13,100.0,0.0
nuscenes_mini_subset,scene-1094_002,baseline,0.0,baseline,14,Car,28.82,mid,64,100.0,0.0
nuscenes_mini_subset,scene-1094_002,baseline,0.0,baseline,15,Pedestrian,14.15,near,15,100.0,0.0
nuscenes_mini_subset,scene-1094_002,yaw,0.5,yaw_0.5deg,0,personal_mobility,8.57,near,38,100.0,15.3682
nuscenes_mini_subset,scene-1094_002,yaw,0.5,yaw_0.5deg,1,Car,22.43,mid,20,100.0,13.435
nuscenes_mini_subset,scene-1094_002,yaw,0.5,yaw_0.5deg,4,Car,8.06,near,374,100.0,12.4883
nuscenes_mini_subset,scene-1094_002,yaw,0.5,yaw_0.5deg,11,Pedestrian,11.39,near,13,100.0,15.8656
nuscenes_mini_subset,scene-1094_002,yaw,0.5,yaw_0.5deg,14,Car,28.82,mid,64,100.0,12.5849
nuscenes_mini_subset,scene-1094_002,yaw,0.5,yaw_0.5deg,15,Pedestrian,14.15,near,15,100.0,12.0845
nuscenes_mini_subset,scene-1094_002,yaw,1.0,yaw_1deg,0,personal_mobility,8.57,near,38,100.0,30.8907
nuscenes_mini_subset,scene-1094_002,yaw,1.0,yaw_1deg,1,Car,22.43,mid,20,95.0,26.9723
nuscenes_mini_subset,scene-1094_002,yaw,1.0,yaw_1deg,4,Car,8.06,near,374,100.0,24.9774
nuscenes_mini_subset,scene-1094_002,yaw,1.0,yaw_1deg,11,Pedestrian,11.39,near,13,84.6154,31.8416
nuscenes_mini_subset,scene-1094_002,yaw,1.0,yaw_1deg,14,Car,28.82,mid,64,98.4375,25.2452
nuscenes_mini_subset,scene-1094_002,yaw,1.0,yaw_1deg,15,Pedestrian,14.15,near,15,93.3333,24.2126
nuscenes_mini_subset,scene-1094_002,yaw,2.0,yaw_2deg,0,personal_mobility,8.57,near,38,92.1053,62.3377
nuscenes_mini_subset,scene-1094_002,yaw,2.0,yaw_2deg,1,Car,22.43,mid,20,95.0,54.3674
nuscenes_mini_subset,scene-1094_002,yaw,2.0,yaw_2deg,4,Car,8.06,near,374,96.5241,49.9571
nuscenes_mini_subset,scene-1094_002,yaw,2.0,yaw_2deg,11,Pedestrian,11.39,near,13,30.7692,63.6562
nuscenes_mini_subset,scene-1094_002,yaw,2.0,yaw_2deg,14,Car,28.82,mid,64,93.75,50.803
nuscenes_mini_subset,scene-1094_002,yaw,2.0,yaw_2deg,15,Pedestrian,14.15,near,15,66.6667,48.6086
nuscenes_mini_subset,scene-1094_002,yaw,3.0,yaw_3deg,0,personal_mobility,8.57,near,38,78.9474,94.2128
nuscenes_mini_subset,scene-1094_002,yaw,3.0,yaw_3deg,1,Car,22.43,mid,20,95.0,82.2131
nuscenes_mini_subset,scene-1094_002,yaw,3.0,yaw_3deg,4,Car,8.06,near,374,89.8396,74.9338
nuscenes_mini_subset,scene-1094_002,yaw,3.0,yaw_3deg,11,Pedestrian,11.39,near,13,0.0,
nuscenes_mini_subset,scene-1094_002,yaw,3.0,yaw_3deg,14,Car,28.82,mid,64,89.0625,76.6956
nuscenes_mini_subset,scene-1094_002,yaw,3.0,yaw_3deg,15,Pedestrian,14.15,near,15,26.6667,73.2063
nuscenes_mini_subset,scene-1094_002,pitch,0.5,pitch_0.5deg,0,personal_mobility,8.57,near,38,100.0,12.1106
nuscenes_mini_subset,scene-1094_002,pitch,0.5,pitch_0.5deg,1,Car,22.43,mid,20,100.0,11.4898
nuscenes_mini_subset,scene-1094_002,pitch,0.5,pitch_0.5deg,4,Car,8.06,near,374,100.0,12.778
nuscenes_mini_subset,scene-1094_002,pitch,0.5,pitch_0.5deg,11,Pedestrian,11.39,near,13,100.0,11.8228
nuscenes_mini_subset,scene-1094_002,pitch,0.5,pitch_0.5deg,14,Car,28.82,mid,64,100.0,11.3586
nuscenes_mini_subset,scene-1094_002,pitch,0.5,pitch_0.5deg,15,Pedestrian,14.15,near,15,100.0,11.6841
nuscenes_mini_subset,scene-1094_002,pitch,1.0,pitch_1deg,0,personal_mobility,8.57,near,38,100.0,24.2457
nuscenes_mini_subset,scene-1094_002,pitch,1.0,pitch_1deg,1,Car,22.43,mid,20,100.0,22.996
nuscenes_mini_subset,scene-1094_002,pitch,1.0,pitch_1deg,4,Car,8.06,near,374,100.0,25.6014
nuscenes_mini_subset,scene-1094_002,pitch,1.0,pitch_1deg,11,Pedestrian,11.39,near,13,84.6154,23.664
nuscenes_mini_subset,scene-1094_002,pitch,1.0,pitch_1deg,14,Car,28.82,mid,64,100.0,22.7274
nuscenes_mini_subset,scene-1094_002,pitch,1.0,pitch_1deg,15,Pedestrian,14.15,near,15,100.0,23.3825
nuscenes_mini_subset,scene-1094_002,pitch,2.0,pitch_2deg,0,personal_mobility,8.57,near,38,78.9474,48.5989
nuscenes_mini_subset,scene-1094_002,pitch,2.0,pitch_2deg,1,Car,22.43,mid,20,60.0,46.0661
nuscenes_mini_subset,scene-1094_002,pitch,2.0,pitch_2deg,4,Car,8.06,near,374,100.0,51.3949
nuscenes_mini_subset,scene-1094_002,pitch,2.0,pitch_2deg,11,Pedestrian,11.39,near,13,84.6154,47.4108
nuscenes_mini_subset,scene-1094_002,pitch,2.0,pitch_2deg,14,Car,28.82,mid,64,82.8125,45.5028
nuscenes_mini_subset,scene-1094_002,pitch,2.0,pitch_2deg,15,Pedestrian,14.15,near,15,100.0,46.8305
nuscenes_mini_subset,scene-1094_002,pitch,3.0,pitch_3deg,0,personal_mobility,8.57,near,38,78.9474,73.0788
nuscenes_mini_subset,scene-1094_002,pitch,3.0,pitch_3deg,1,Car,22.43,mid,20,60.0,69.2265
nuscenes_mini_subset,scene-1094_002,pitch,3.0,pitch_3deg,4,Car,8.06,near,374,88.7701,76.8342
nuscenes_mini_subset,scene-1094_002,pitch,3.0,pitch_3deg,11,Pedestrian,11.39,near,13,84.6154,71.2588
nuscenes_mini_subset,scene-1094_002,pitch,3.0,pitch_3deg,14,Car,28.82,mid,64,70.3125,68.3415
nuscenes_mini_subset,scene-1094_002,pitch,3.0,pitch_3deg,15,Pedestrian,14.15,near,15,100.0,70.36
nuscenes_mini_subset,scene-1094_002,roll,0.5,roll_0.5deg,0,personal_mobility,8.57,near,38,100.0,6.1313
nuscenes_mini_subset,scene-1094_002,roll,0.5,roll_0.5deg,1,Car,22.43,mid,20,100.0,4.713
nuscenes_mini_subset,scene-1094_002,roll,0.5,roll_0.5deg,4,Car,8.06,near,374,99.7326,2.2708
nuscenes_mini_subset,scene-1094_002,roll,0.5,roll_0.5deg,11,Pedestrian,11.39,near,13,100.0,6.7234
nuscenes_mini_subset,scene-1094_002,roll,0.5,roll_0.5deg,14,Car,28.82,mid,64,100.0,3.6786
nuscenes_mini_subset,scene-1094_002,roll,0.5,roll_0.5deg,15,Pedestrian,14.15,near,15,100.0,2.3188
nuscenes_mini_subset,scene-1094_002,roll,1.0,roll_1deg,0,personal_mobility,8.57,near,38,100.0,12.2619
nuscenes_mini_subset,scene-1094_002,roll,1.0,roll_1deg,1,Car,22.43,mid,20,100.0,9.4255
nuscenes_mini_subset,scene-1094_002,roll,1.0,roll_1deg,4,Car,8.06,near,374,99.7326,4.5416
nuscenes_mini_subset,scene-1094_002,roll,1.0,roll_1deg,11,Pedestrian,11.39,near,13,100.0,13.446
nuscenes_mini_subset,scene-1094_002,roll,1.0,roll_1deg,14,Car,28.82,mid,64,100.0,7.357
nuscenes_mini_subset,scene-1094_002,roll,1.0,roll_1deg,15,Pedestrian,14.15,near,15,100.0,4.6374
nuscenes_mini_subset,scene-1094_002,roll,2.0,roll_2deg,0,personal_mobility,8.57,near,38,100.0,24.5207
nuscenes_mini_subset,scene-1094_002,roll,2.0,roll_2deg,1,Car,22.43,mid,20,100.0,18.849
nuscenes_mini_subset,scene-1094_002,roll,2.0,roll_2deg,4,Car,8.06,near,374,99.4652,9.0828
nuscenes_mini_subset,scene-1094_002,roll,2.0,roll_2deg,11,Pedestrian,11.39,near,13,100.0,26.8883
nuscenes_mini_subset,scene-1094_002,roll,2.0,roll_2deg,14,Car,28.82,mid,64,100.0,14.7126
nuscenes_mini_subset,scene-1094_002,roll,2.0,roll_2deg,15,Pedestrian,14.15,near,15,100.0,9.2742
nuscenes_mini_subset,scene-1094_002,roll,3.0,roll_3deg,0,personal_mobility,8.57,near,38,92.1053,36.7754
nuscenes_mini_subset,scene-1094_002,roll,3.0,roll_3deg,1,Car,22.43,mid,20,90.0,28.2697
nuscenes_mini_subset,scene-1094_002,roll,3.0,roll_3deg,4,Car,8.06,near,374,99.4652,13.6232
nuscenes_mini_subset,scene-1094_002,roll,3.0,roll_3deg,11,Pedestrian,11.39,near,13,76.9231,40.3259
nuscenes_mini_subset,scene-1094_002,roll,3.0,roll_3deg,14,Car,28.82,mid,64,76.5625,22.0663
nuscenes_mini_subset,scene-1094_002,roll,3.0,roll_3deg,15,Pedestrian,14.15,near,15,100.0,13.9099
nuscenes_mini_subset,scene-1094_002,tx,0.02,tx_2cm,0,personal_mobility,8.57,near,38,100.0,1.6422
nuscenes_mini_subset,scene-1094_002,tx,0.02,tx_2cm,1,Car,22.43,mid,20,100.0,0.5085
nuscenes_mini_subset,scene-1094_002,tx,0.02,tx_2cm,4,Car,8.06,near,374,100.0,0.6452
nuscenes_mini_subset,scene-1094_002,tx,0.02,tx_2cm,11,Pedestrian,11.39,near,13,100.0,1.3418
nuscenes_mini_subset,scene-1094_002,tx,0.02,tx_2cm,14,Car,28.82,mid,64,100.0,0.3042
nuscenes_mini_subset,scene-1094_002,tx,0.02,tx_2cm,15,Pedestrian,14.15,near,15,100.0,0.3578
nuscenes_mini_subset,scene-1094_002,tx,0.05,tx_5cm,0,personal_mobility,8.57,near,38,100.0,4.0912
nuscenes_mini_subset,scene-1094_002,tx,0.05,tx_5cm,1,Car,22.43,mid,20,100.0,1.2694
nuscenes_mini_subset,scene-1094_002,tx,0.05,tx_5cm,4,Car,8.06,near,374,100.0,1.6056
nuscenes_mini_subset,scene-1094_002,tx,0.05,tx_5cm,11,Pedestrian,11.39,near,13,100.0,3.3458
nuscenes_mini_subset,scene-1094_002,tx,0.05,tx_5cm,14,Car,28.82,mid,64,100.0,0.7597
nuscenes_mini_subset,scene-1094_002,tx,0.05,tx_5cm,15,Pedestrian,14.15,near,15,100.0,0.8927
nuscenes_mini_subset,scene-1094_002,tx,0.1,tx_10cm,0,personal_mobility,8.57,near,38,100.0,8.135
nuscenes_mini_subset,scene-1094_002,tx,0.1,tx_10cm,1,Car,22.43,mid,20,100.0,2.5329
nuscenes_mini_subset,scene-1094_002,tx,0.1,tx_10cm,4,Car,8.06,near,374,100.0,3.1857
nuscenes_mini_subset,scene-1094_002,tx,0.1,tx_10cm,11,Pedestrian,11.39,near,13,100.0,6.6624
nuscenes_mini_subset,scene-1094_002,tx,0.1,tx_10cm,14,Car,28.82,mid,64,100.0,1.5166
nuscenes_mini_subset,scene-1094_002,tx,0.1,tx_10cm,15,Pedestrian,14.15,near,15,100.0,1.7789
nuscenes_mini_subset,scene-1094_002,ty,0.02,ty_2cm,0,personal_mobility,8.57,near,38,100.0,2.9631
nuscenes_mini_subset,scene-1094_002,ty,0.02,ty_2cm,1,Car,22.43,mid,20,100.0,1.1952
nuscenes_mini_subset,scene-1094_002,ty,0.02,ty_2cm,4,Car,8.06,near,374,100.0,4.123
nuscenes_mini_subset,scene-1094_002,ty,0.02,ty_2cm,11,Pedestrian,11.39,near,13,100.0,2.215
nuscenes_mini_subset,scene-1094_002,ty,0.02,ty_2cm,14,Car,28.82,mid,64,100.0,0.9123
nuscenes_mini_subset,scene-1094_002,ty,0.02,ty_2cm,15,Pedestrian,14.15,near,15,100.0,1.7991
nuscenes_mini_subset,scene-1094_002,ty,0.05,ty_5cm,0,personal_mobility,8.57,near,38,100.0,7.4076
nuscenes_mini_subset,scene-1094_002,ty,0.05,ty_5cm,1,Car,22.43,mid,20,100.0,2.9879
nuscenes_mini_subset,scene-1094_002,ty,0.05,ty_5cm,4,Car,8.06,near,374,100.0,10.3073
nuscenes_mini_subset,scene-1094_002,ty,0.05,ty_5cm,11,Pedestrian,11.39,near,13,100.0,5.5375
nuscenes_mini_subset,scene-1094_002,ty,0.05,ty_5cm,14,Car,28.82,mid,64,100.0,2.2808
nuscenes_mini_subset,scene-1094_002,ty,0.05,ty_5cm,15,Pedestrian,14.15,near,15,100.0,4.4977
nuscenes_mini_subset,scene-1094_002,ty,0.1,ty_10cm,0,personal_mobility,8.57,near,38,100.0,14.8149
nuscenes_mini_subset,scene-1094_002,ty,0.1,ty_10cm,1,Car,22.43,mid,20,100.0,5.9757
nuscenes_mini_subset,scene-1094_002,ty,0.1,ty_10cm,4,Car,8.06,near,374,100.0,20.6139
nuscenes_mini_subset,scene-1094_002,ty,0.1,ty_10cm,11,Pedestrian,11.39,near,13,100.0,11.0748
nuscenes_mini_subset,scene-1094_002,ty,0.1,ty_10cm,14,Car,28.82,mid,64,100.0,4.5615
nuscenes_mini_subset,scene-1094_002,ty,0.1,ty_10cm,15,Pedestrian,14.15,near,15,100.0,8.9953
nuscenes_mini_subset,scene-1094_002,tz,0.02,tz_2cm,0,personal_mobility,8.57,near,38,100.0,2.9772
nuscenes_mini_subset,scene-1094_002,tz,0.02,tz_2cm,1,Car,22.43,mid,20,100.0,1.1983
nuscenes_mini_subset,scene-1094_002,tz,0.02,tz_2cm,4,Car,8.06,near,374,99.7326,4.1343
nuscenes_mini_subset,scene-1094_002,tz,0.02,tz_2cm,11,Pedestrian,11.39,near,13,100.0,2.2216
nuscenes_mini_subset,scene-1094_002,tz,0.02,tz_2cm,14,Car,28.82,mid,64,100.0,0.9137
nuscenes_mini_subset,scene-1094_002,tz,0.02,tz_2cm,15,Pedestrian,14.15,near,15,100.0,1.8014
nuscenes_mini_subset,scene-1094_002,tz,0.05,tz_5cm,0,personal_mobility,8.57,near,38,100.0,7.4426
nuscenes_mini_subset,scene-1094_002,tz,0.05,tz_5cm,1,Car,22.43,mid,20,100.0,2.9958
nuscenes_mini_subset,scene-1094_002,tz,0.05,tz_5cm,4,Car,8.06,near,374,99.4652,10.3349
nuscenes_mini_subset,scene-1094_002,tz,0.05,tz_5cm,11,Pedestrian,11.39,near,13,100.0,5.5538
nuscenes_mini_subset,scene-1094_002,tz,0.05,tz_5cm,14,Car,28.82,mid,64,100.0,2.2843
nuscenes_mini_subset,scene-1094_002,tz,0.05,tz_5cm,15,Pedestrian,14.15,near,15,100.0,4.5033
nuscenes_mini_subset,scene-1094_002,tz,0.1,tz_10cm,0,personal_mobility,8.57,near,38,100.0,14.8836
nuscenes_mini_subset,scene-1094_002,tz,0.1,tz_10cm,1,Car,22.43,mid,20,100.0,5.9913
nuscenes_mini_subset,scene-1094_002,tz,0.1,tz_10cm,4,Car,8.06,near,374,99.4652,20.6668
nuscenes_mini_subset,scene-1094_002,tz,0.1,tz_10cm,11,Pedestrian,11.39,near,13,100.0,11.1067
nuscenes_mini_subset,scene-1094_002,tz,0.1,tz_10cm,14,Car,28.82,mid,64,100.0,4.5685
nuscenes_mini_subset,scene-1094_002,tz,0.1,tz_10cm,15,Pedestrian,14.15,near,15,100.0,9.0059
nuscenes_mini_subset,scene-1094_002,time,35.4,no_ego_motion,0,personal_mobility,8.57,near,38,100.0,1.0539
nuscenes_mini_subset,scene-1094_002,time,35.4,no_ego_motion,1,Car,22.43,mid,20,100.0,0.6015
nuscenes_mini_subset,scene-1094_002,time,35.4,no_ego_motion,4,Car,8.06,near,374,100.0,0.7247
nuscenes_mini_subset,scene-1094_002,time,35.4,no_ego_motion,11,Pedestrian,11.39,near,13,100.0,0.9296
nuscenes_mini_subset,scene-1094_002,time,35.4,no_ego_motion,14,Car,28.82,mid,64,100.0,0.515
nuscenes_mini_subset,scene-1094_002,time,35.4,no_ego_motion,15,Pedestrian,14.15,near,15,100.0,0.555
nuscenes_mini_subset,scene-1094_003,baseline,0.0,baseline,0,personal_mobility,8.3,near,23,100.0,0.0
nuscenes_mini_subset,scene-1094_003,baseline,0.0,baseline,1,Car,22.21,mid,28,100.0,0.0
nuscenes_mini_subset,scene-1094_003,baseline,0.0,baseline,5,Car,8.27,near,366,100.0,0.0
nuscenes_mini_subset,scene-1094_003,baseline,0.0,baseline,17,Car,28.61,mid,67,100.0,0.0
nuscenes_mini_subset,scene-1094_003,baseline,0.0,baseline,18,Pedestrian,14.31,near,11,100.0,0.0
nuscenes_mini_subset,scene-1094_003,yaw,0.5,yaw_0.5deg,0,personal_mobility,8.3,near,23,100.0,14.988
nuscenes_mini_subset,scene-1094_003,yaw,0.5,yaw_0.5deg,1,Car,22.21,mid,28,96.4286,14.1927
nuscenes_mini_subset,scene-1094_003,yaw,0.5,yaw_0.5deg,5,Car,8.27,near,366,100.0,12.398
nuscenes_mini_subset,scene-1094_003,yaw,0.5,yaw_0.5deg,17,Car,28.61,mid,67,100.0,12.647
nuscenes_mini_subset,scene-1094_003,yaw,0.5,yaw_0.5deg,18,Pedestrian,14.31,near,11,100.0,11.9896
nuscenes_mini_subset,scene-1094_003,yaw,1.0,yaw_1deg,0,personal_mobility,8.3,near,23,100.0,30.1172
nuscenes_mini_subset,scene-1094_003,yaw,1.0,yaw_1deg,1,Car,22.21,mid,28,75.0,28.5124
nuscenes_mini_subset,scene-1094_003,yaw,1.0,yaw_1deg,5,Car,8.27,near,366,100.0,24.7982
nuscenes_mini_subset,scene-1094_003,yaw,1.0,yaw_1deg,17,Car,28.61,mid,67,97.0149,25.3718
nuscenes_mini_subset,scene-1094_003,yaw,1.0,yaw_1deg,18,Pedestrian,14.31,near,11,100.0,24.0183
nuscenes_mini_subset,scene-1094_003,yaw,2.0,yaw_2deg,0,personal_mobility,8.3,near,23,91.3043,60.7488
nuscenes_mini_subset,scene-1094_003,yaw,2.0,yaw_2deg,1,Car,22.21,mid,28,50.0,57.5495
nuscenes_mini_subset,scene-1094_003,yaw,2.0,yaw_2deg,5,Car,8.27,near,366,96.9945,49.6059
nuscenes_mini_subset,scene-1094_003,yaw,2.0,yaw_2deg,17,Car,28.61,mid,67,92.5373,51.0659
nuscenes_mini_subset,scene-1094_003,yaw,2.0,yaw_2deg,18,Pedestrian,14.31,near,11,63.6364,48.2016
nuscenes_mini_subset,scene-1094_003,yaw,3.0,yaw_3deg,0,personal_mobility,8.3,near,23,82.6087,91.5775
nuscenes_mini_subset,scene-1094_003,yaw,3.0,yaw_3deg,1,Car,22.21,mid,28,50.0,87.1447
nuscenes_mini_subset,scene-1094_003,yaw,3.0,yaw_3deg,5,Car,8.27,near,366,91.5301,74.4621
nuscenes_mini_subset,scene-1094_003,yaw,3.0,yaw_3deg,17,Car,28.61,mid,67,88.0597,77.1052
nuscenes_mini_subset,scene-1094_003,yaw,3.0,yaw_3deg,18,Pedestrian,14.31,near,11,27.2727,72.5677
nuscenes_mini_subset,scene-1094_003,pitch,0.5,pitch_0.5deg,0,personal_mobility,8.3,near,23,100.0,12.1783
nuscenes_mini_subset,scene-1094_003,pitch,0.5,pitch_0.5deg,1,Car,22.21,mid,28,100.0,11.4786
nuscenes_mini_subset,scene-1094_003,pitch,0.5,pitch_0.5deg,5,Car,8.27,near,366,100.0,12.6773
nuscenes_mini_subset,scene-1094_003,pitch,0.5,pitch_0.5deg,17,Car,28.61,mid,67,100.0,11.3559
nuscenes_mini_subset,scene-1094_003,pitch,0.5,pitch_0.5deg,18,Pedestrian,14.31,near,11,100.0,11.6646
nuscenes_mini_subset,scene-1094_003,pitch,1.0,pitch_1deg,0,personal_mobility,8.3,near,23,100.0,24.3865
nuscenes_mini_subset,scene-1094_003,pitch,1.0,pitch_1deg,1,Car,22.21,mid,28,100.0,22.9735
nuscenes_mini_subset,scene-1094_003,pitch,1.0,pitch_1deg,5,Car,8.27,near,366,100.0,25.3998
nuscenes_mini_subset,scene-1094_003,pitch,1.0,pitch_1deg,17,Car,28.61,mid,67,100.0,22.7219
nuscenes_mini_subset,scene-1094_003,pitch,1.0,pitch_1deg,18,Pedestrian,14.31,near,11,100.0,23.3435
nuscenes_mini_subset,scene-1094_003,pitch,2.0,pitch_2deg,0,personal_mobility,8.3,near,23,91.3043,48.9026
nuscenes_mini_subset,scene-1094_003,pitch,2.0,pitch_2deg,1,Car,22.21,mid,28,67.8571,46.0197
nuscenes_mini_subset,scene-1094_003,pitch,2.0,pitch_2deg,5,Car,8.27,near,366,100.0,50.9905
nuscenes_mini_subset,scene-1094_003,pitch,2.0,pitch_2deg,17,Car,28.61,mid,67,85.0746,45.4917
nuscenes_mini_subset,scene-1094_003,pitch,2.0,pitch_2deg,18,Pedestrian,14.31,near,11,81.8182,46.7519
nuscenes_mini_subset,scene-1094_003,pitch,3.0,pitch_3deg,0,personal_mobility,8.3,near,23,65.2174,73.5674
nuscenes_mini_subset,scene-1094_003,pitch,3.0,pitch_3deg,1,Car,22.21,mid,28,67.8571,69.1548
nuscenes_mini_subset,scene-1094_003,pitch,3.0,pitch_3deg,5,Car,8.27,near,366,92.8962,76.3073
nuscenes_mini_subset,scene-1094_003,pitch,3.0,pitch_3deg,17,Car,28.61,mid,67,68.6567,68.3248
nuscenes_mini_subset,scene-1094_003,pitch,3.0,pitch_3deg,18,Pedestrian,14.31,near,11,81.8182,70.2413
nuscenes_mini_subset,scene-1094_003,roll,0.5,roll_0.5deg,0,personal_mobility,8.3,near,23,100.0,5.9027
nuscenes_mini_subset,scene-1094_003,roll,0.5,roll_0.5deg,1,Car,22.21,mid,28,100.0,5.4961
nuscenes_mini_subset,scene-1094_003,roll,0.5,roll_0.5deg,5,Car,8.27,near,366,100.0,2.2344
nuscenes_mini_subset,scene-1094_003,roll,0.5,roll_0.5deg,17,Car,28.61,mid,67,100.0,3.7744
nuscenes_mini_subset,scene-1094_003,roll,0.5,roll_0.5deg,18,Pedestrian,14.31,near,11,100.0,2.1528
nuscenes_mini_subset,scene-1094_003,roll,1.0,roll_1deg,0,personal_mobility,8.3,near,23,100.0,11.8047
nuscenes_mini_subset,scene-1094_003,roll,1.0,roll_1deg,1,Car,22.21,mid,28,100.0,10.9917
nuscenes_mini_subset,scene-1094_003,roll,1.0,roll_1deg,5,Car,8.27,near,366,99.7268,4.4687
nuscenes_mini_subset,scene-1094_003,roll,1.0,roll_1deg,17,Car,28.61,mid,67,100.0,7.5485
nuscenes_mini_subset,scene-1094_003,roll,1.0,roll_1deg,18,Pedestrian,14.31,near,11,100.0,4.3055
nuscenes_mini_subset,scene-1094_003,roll,2.0,roll_2deg,0,personal_mobility,8.3,near,23,100.0,23.6064
nuscenes_mini_subset,scene-1094_003,roll,2.0,roll_2deg,1,Car,22.21,mid,28,92.8571,21.9808
nuscenes_mini_subset,scene-1094_003,roll,2.0,roll_2deg,5,Car,8.27,near,366,99.7268,8.9368
nuscenes_mini_subset,scene-1094_003,roll,2.0,roll_2deg,17,Car,28.61,mid,67,100.0,15.0955
nuscenes_mini_subset,scene-1094_003,roll,2.0,roll_2deg,18,Pedestrian,14.31,near,11,100.0,8.6103
nuscenes_mini_subset,scene-1094_003,roll,3.0,roll_3deg,0,personal_mobility,8.3,near,23,95.6522,35.4042
nuscenes_mini_subset,scene-1094_003,roll,3.0,roll_3deg,1,Car,22.21,mid,28,82.1429,32.9664
nuscenes_mini_subset,scene-1094_003,roll,3.0,roll_3deg,5,Car,8.27,near,366,99.7268,13.4039
nuscenes_mini_subset,scene-1094_003,roll,3.0,roll_3deg,17,Car,28.61,mid,67,74.6269,22.6405
nuscenes_mini_subset,scene-1094_003,roll,3.0,roll_3deg,18,Pedestrian,14.31,near,11,100.0,12.9142
nuscenes_mini_subset,scene-1094_003,tx,0.02,tx_2cm,0,personal_mobility,8.3,near,23,100.0,1.5909
nuscenes_mini_subset,scene-1094_003,tx,0.02,tx_2cm,1,Car,22.21,mid,28,100.0,0.588
nuscenes_mini_subset,scene-1094_003,tx,0.02,tx_2cm,5,Car,8.27,near,366,100.0,0.6064
nuscenes_mini_subset,scene-1094_003,tx,0.02,tx_2cm,17,Car,28.61,mid,67,100.0,0.3149
nuscenes_mini_subset,scene-1094_003,tx,0.02,tx_2cm,18,Pedestrian,14.31,near,11,100.0,0.3387
nuscenes_mini_subset,scene-1094_003,tx,0.05,tx_5cm,0,personal_mobility,8.3,near,23,100.0,3.9627
nuscenes_mini_subset,scene-1094_003,tx,0.05,tx_5cm,1,Car,22.21,mid,28,100.0,1.4679
nuscenes_mini_subset,scene-1094_003,tx,0.05,tx_5cm,5,Car,8.27,near,366,100.0,1.5097
nuscenes_mini_subset,scene-1094_003,tx,0.05,tx_5cm,17,Car,28.61,mid,67,100.0,0.7864
nuscenes_mini_subset,scene-1094_003,tx,0.05,tx_5cm,18,Pedestrian,14.31,near,11,100.0,0.845
nuscenes_mini_subset,scene-1094_003,tx,0.1,tx_10cm,0,personal_mobility,8.3,near,23,100.0,7.8773
nuscenes_mini_subset,scene-1094_003,tx,0.1,tx_10cm,1,Car,22.21,mid,28,100.0,2.9289
nuscenes_mini_subset,scene-1094_003,tx,0.1,tx_10cm,5,Car,8.27,near,366,100.0,2.9983
nuscenes_mini_subset,scene-1094_003,tx,0.1,tx_10cm,17,Car,28.61,mid,67,100.0,1.57
nuscenes_mini_subset,scene-1094_003,tx,0.1,tx_10cm,18,Pedestrian,14.31,near,11,100.0,1.6841
nuscenes_mini_subset,scene-1094_003,ty,0.02,ty_2cm,0,personal_mobility,8.3,near,23,100.0,3.0692
nuscenes_mini_subset,scene-1094_003,ty,0.02,ty_2cm,1,Car,22.21,mid,28,100.0,1.1599
nuscenes_mini_subset,scene-1094_003,ty,0.02,ty_2cm,5,Car,8.27,near,366,100.0,3.9365
nuscenes_mini_subset,scene-1094_003,ty,0.02,ty_2cm,17,Car,28.61,mid,67,100.0,0.9218
nuscenes_mini_subset,scene-1094_003,ty,0.02,ty_2cm,18,Pedestrian,14.31,near,11,100.0,1.7795
nuscenes_mini_subset,scene-1094_003,ty,0.05,ty_5cm,0,personal_mobility,8.3,near,23,100.0,7.6728
nuscenes_mini_subset,scene-1094_003,ty,0.05,ty_5cm,1,Car,22.21,mid,28,100.0,2.8997
nuscenes_mini_subset,scene-1094_003,ty,0.05,ty_5cm,5,Car,8.27,near,366,100.0,9.8411
nuscenes_mini_subset,scene-1094_003,ty,0.05,ty_5cm,17,Car,28.61,mid,67,100.0,2.3046
nuscenes_mini_subset,scene-1094_003,ty,0.05,ty_5cm,18,Pedestrian,14.31,near,11,100.0,4.4488
nuscenes_mini_subset,scene-1094_003,ty,0.1,ty_10cm,0,personal_mobility,8.3,near,23,100.0,15.3452
nuscenes_mini_subset,scene-1094_003,ty,0.1,ty_10cm,1,Car,22.21,mid,28,100.0,5.7994
nuscenes_mini_subset,scene-1094_003,ty,0.1,ty_10cm,5,Car,8.27,near,366,100.0,19.6817
nuscenes_mini_subset,scene-1094_003,ty,0.1,ty_10cm,17,Car,28.61,mid,67,100.0,4.6091
nuscenes_mini_subset,scene-1094_003,ty,0.1,ty_10cm,18,Pedestrian,14.31,near,11,100.0,8.8975
nuscenes_mini_subset,scene-1094_003,tz,0.02,tz_2cm,0,personal_mobility,8.3,near,23,100.0,3.0798
nuscenes_mini_subset,scene-1094_003,tz,0.02,tz_2cm,1,Car,22.21,mid,28,100.0,1.1633
nuscenes_mini_subset,scene-1094_003,tz,0.02,tz_2cm,5,Car,8.27,near,366,99.7268,3.9464
nuscenes_mini_subset,scene-1094_003,tz,0.02,tz_2cm,17,Car,28.61,mid,67,100.0,0.9235
nuscenes_mini_subset,scene-1094_003,tz,0.02,tz_2cm,18,Pedestrian,14.31,near,11,100.0,1.7817
nuscenes_mini_subset,scene-1094_003,tz,0.05,tz_5cm,0,personal_mobility,8.3,near,23,100.0,7.6989
nuscenes_mini_subset,scene-1094_003,tz,0.05,tz_5cm,1,Car,22.21,mid,28,100.0,2.9082
nuscenes_mini_subset,scene-1094_003,tz,0.05,tz_5cm,5,Car,8.27,near,366,99.7268,9.8652
nuscenes_mini_subset,scene-1094_003,tz,0.05,tz_5cm,17,Car,28.61,mid,67,100.0,2.3086
nuscenes_mini_subset,scene-1094_003,tz,0.05,tz_5cm,18,Pedestrian,14.31,near,11,100.0,4.4542
nuscenes_mini_subset,scene-1094_003,tz,0.1,tz_10cm,0,personal_mobility,8.3,near,23,100.0,15.3962
nuscenes_mini_subset,scene-1094_003,tz,0.1,tz_10cm,1,Car,22.21,mid,28,100.0,5.8162
nuscenes_mini_subset,scene-1094_003,tz,0.1,tz_10cm,5,Car,8.27,near,366,99.7268,19.7274
nuscenes_mini_subset,scene-1094_003,tz,0.1,tz_10cm,17,Car,28.61,mid,67,100.0,4.6171
nuscenes_mini_subset,scene-1094_003,tz,0.1,tz_10cm,18,Pedestrian,14.31,near,11,100.0,8.9078
nuscenes_mini_subset,scene-1094_003,time,34.7,no_ego_motion,0,personal_mobility,8.3,near,23,100.0,2.0877
nuscenes_mini_subset,scene-1094_003,time,34.7,no_ego_motion,1,Car,22.21,mid,28,100.0,0.9328
nuscenes_mini_subset,scene-1094_003,time,34.7,no_ego_motion,5,Car,8.27,near,366,100.0,0.6247
nuscenes_mini_subset,scene-1094_003,time,34.7,no_ego_motion,17,Car,28.61,mid,67,100.0,0.6041
nuscenes_mini_subset,scene-1094_003,time,34.7,no_ego_motion,18,Pedestrian,14.31,near,11,100.0,0.5973
nuscenes_mini_subset,scene-1094_004,baseline,0.0,baseline,0,personal_mobility,7.82,near,31,100.0,0.0
nuscenes_mini_subset,scene-1094_004,baseline,0.0,baseline,1,Car,21.74,mid,27,100.0,0.0
nuscenes_mini_subset,scene-1094_004,baseline,0.0,baseline,5,Car,8.44,near,360,100.0,0.0
nuscenes_mini_subset,scene-1094_004,baseline,0.0,baseline,16,Car,28.13,mid,68,100.0,0.0
nuscenes_mini_subset,scene-1094_004,yaw,0.5,yaw_0.5deg,0,personal_mobility,7.82,near,31,96.7742,15.4154
nuscenes_mini_subset,scene-1094_004,yaw,0.5,yaw_0.5deg,1,Car,21.74,mid,27,96.2963,13.7774
nuscenes_mini_subset,scene-1094_004,yaw,0.5,yaw_0.5deg,5,Car,8.44,near,360,100.0,12.3426
nuscenes_mini_subset,scene-1094_004,yaw,0.5,yaw_0.5deg,16,Car,28.13,mid,68,100.0,12.6922
nuscenes_mini_subset,scene-1094_004,yaw,1.0,yaw_1deg,0,personal_mobility,7.82,near,31,96.7742,30.9856
nuscenes_mini_subset,scene-1094_004,yaw,1.0,yaw_1deg,1,Car,21.74,mid,27,81.4815,27.6682
nuscenes_mini_subset,scene-1094_004,yaw,1.0,yaw_1deg,5,Car,8.44,near,360,99.1667,24.704
nuscenes_mini_subset,scene-1094_004,yaw,1.0,yaw_1deg,16,Car,28.13,mid,68,97.0588,25.4638
nuscenes_mini_subset,scene-1094_004,yaw,2.0,yaw_2deg,0,personal_mobility,7.82,near,31,96.7742,62.6108
nuscenes_mini_subset,scene-1094_004,yaw,2.0,yaw_2deg,1,Car,21.74,mid,27,77.7778,55.8048
nuscenes_mini_subset,scene-1094_004,yaw,2.0,yaw_2deg,5,Car,8.44,near,360,95.8333,49.4768
nuscenes_mini_subset,scene-1094_004,yaw,2.0,yaw_2deg,16,Car,28.13,mid,68,92.6471,51.2563
nuscenes_mini_subset,scene-1094_004,yaw,3.0,yaw_3deg,0,personal_mobility,7.82,near,31,96.7742,94.9178
nuscenes_mini_subset,scene-1094_004,yaw,3.0,yaw_3deg,1,Car,21.74,mid,27,77.7778,84.1394
nuscenes_mini_subset,scene-1094_004,yaw,3.0,yaw_3deg,5,Car,8.44,near,360,89.4444,74.3741
nuscenes_mini_subset,scene-1094_004,yaw,3.0,yaw_3deg,16,Car,28.13,mid,68,88.2353,77.4006
nuscenes_mini_subset,scene-1094_004,pitch,0.5,pitch_0.5deg,0,personal_mobility,7.82,near,31,100.0,12.2071
nuscenes_mini_subset,scene-1094_004,pitch,0.5,pitch_0.5deg,1,Car,21.74,mid,27,100.0,11.4859
nuscenes_mini_subset,scene-1094_004,pitch,0.5,pitch_0.5deg,5,Car,8.44,near,360,100.0,12.5462
nuscenes_mini_subset,scene-1094_004,pitch,0.5,pitch_0.5deg,16,Car,28.13,mid,68,100.0,11.3548
nuscenes_mini_subset,scene-1094_004,pitch,1.0,pitch_1deg,0,personal_mobility,7.82,near,31,100.0,24.4454
nuscenes_mini_subset,scene-1094_004,pitch,1.0,pitch_1deg,1,Car,21.74,mid,27,100.0,22.9882
nuscenes_mini_subset,scene-1094_004,pitch,1.0,pitch_1deg,5,Car,8.44,near,360,100.0,25.1303
nuscenes_mini_subset,scene-1094_004,pitch,1.0,pitch_1deg,16,Car,28.13,mid,68,100.0,22.7195
nuscenes_mini_subset,scene-1094_004,pitch,2.0,pitch_2deg,0,personal_mobility,7.82,near,31,83.871,49.0117
nuscenes_mini_subset,scene-1094_004,pitch,2.0,pitch_2deg,1,Car,21.74,mid,27,100.0,46.0505
nuscenes_mini_subset,scene-1094_004,pitch,2.0,pitch_2deg,5,Car,8.44,near,360,97.5,50.4223
nuscenes_mini_subset,scene-1094_004,pitch,2.0,pitch_2deg,16,Car,28.13,mid,68,82.3529,45.4864
nuscenes_mini_subset,scene-1094_004,pitch,3.0,pitch_3deg,0,personal_mobility,7.82,near,31,83.871,73.7375
nuscenes_mini_subset,scene-1094_004,pitch,3.0,pitch_3deg,1,Car,21.74,mid,27,66.6667,69.2033
nuscenes_mini_subset,scene-1094_004,pitch,3.0,pitch_3deg,5,Car,8.44,near,360,97.5,75.8555
nuscenes_mini_subset,scene-1094_004,pitch,3.0,pitch_3deg,16,Car,28.13,mid,68,66.1765,68.3158
nuscenes_mini_subset,scene-1094_004,roll,0.5,roll_0.5deg,0,personal_mobility,7.82,near,31,100.0,6.144
nuscenes_mini_subset,scene-1094_004,roll,0.5,roll_0.5deg,1,Car,21.74,mid,27,100.0,5.1088
nuscenes_mini_subset,scene-1094_004,roll,0.5,roll_0.5deg,5,Car,8.44,near,360,100.0,2.2918
nuscenes_mini_subset,scene-1094_004,roll,0.5,roll_0.5deg,16,Car,28.13,mid,68,100.0,3.841
nuscenes_mini_subset,scene-1094_004,roll,1.0,roll_1deg,0,personal_mobility,7.82,near,31,100.0,12.2872
nuscenes_mini_subset,scene-1094_004,roll,1.0,roll_1deg,1,Car,21.74,mid,27,100.0,10.2171
nuscenes_mini_subset,scene-1094_004,roll,1.0,roll_1deg,5,Car,8.44,near,360,99.4444,4.5835
nuscenes_mini_subset,scene-1094_004,roll,1.0,roll_1deg,16,Car,28.13,mid,68,100.0,7.6817
nuscenes_mini_subset,scene-1094_004,roll,2.0,roll_2deg,0,personal_mobility,7.82,near,31,93.5484,24.498
nuscenes_mini_subset,scene-1094_004,roll,2.0,roll_2deg,1,Car,21.74,mid,27,88.8889,20.4319
nuscenes_mini_subset,scene-1094_004,roll,2.0,roll_2deg,5,Car,8.44,near,360,98.8889,9.1663
nuscenes_mini_subset,scene-1094_004,roll,2.0,roll_2deg,16,Car,28.13,mid,68,100.0,15.3619
nuscenes_mini_subset,scene-1094_004,roll,3.0,roll_3deg,0,personal_mobility,7.82,near,31,93.5484,36.7414
nuscenes_mini_subset,scene-1094_004,roll,3.0,roll_3deg,1,Car,21.74,mid,27,85.1852,30.6436
nuscenes_mini_subset,scene-1094_004,roll,3.0,roll_3deg,5,Car,8.44,near,360,98.8889,13.748
nuscenes_mini_subset,scene-1094_004,roll,3.0,roll_3deg,16,Car,28.13,mid,68,76.4706,23.0401
nuscenes_mini_subset,scene-1094_004,tx,0.02,tx_2cm,0,personal_mobility,7.82,near,31,100.0,1.7548
nuscenes_mini_subset,scene-1094_004,tx,0.02,tx_2cm,1,Car,21.74,mid,27,100.0,0.5802
nuscenes_mini_subset,scene-1094_004,tx,0.02,tx_2cm,5,Car,8.44,near,360,100.0,0.6244
nuscenes_mini_subset,scene-1094_004,tx,0.02,tx_2cm,16,Car,28.13,mid,68,100.0,0.327
nuscenes_mini_subset,scene-1094_004,tx,0.05,tx_5cm,0,personal_mobility,7.82,near,31,100.0,4.3705
nuscenes_mini_subset,scene-1094_004,tx,0.05,tx_5cm,1,Car,21.74,mid,27,100.0,1.4484
nuscenes_mini_subset,scene-1094_004,tx,0.05,tx_5cm,5,Car,8.44,near,360,100.0,1.5547
nuscenes_mini_subset,scene-1094_004,tx,0.05,tx_5cm,16,Car,28.13,mid,68,100.0,0.8167
nuscenes_mini_subset,scene-1094_004,tx,0.1,tx_10cm,0,personal_mobility,7.82,near,31,100.0,8.6867
nuscenes_mini_subset,scene-1094_004,tx,0.1,tx_10cm,1,Car,21.74,mid,27,100.0,2.8895
nuscenes_mini_subset,scene-1094_004,tx,0.1,tx_10cm,5,Car,8.44,near,360,100.0,3.0899
nuscenes_mini_subset,scene-1094_004,tx,0.1,tx_10cm,16,Car,28.13,mid,68,100.0,1.6303
nuscenes_mini_subset,scene-1094_004,ty,0.02,ty_2cm,0,personal_mobility,7.82,near,31,100.0,3.1873
nuscenes_mini_subset,scene-1094_004,ty,0.02,ty_2cm,1,Car,21.74,mid,27,100.0,1.2373
nuscenes_mini_subset,scene-1094_004,ty,0.02,ty_2cm,5,Car,8.44,near,360,100.0,3.7932
nuscenes_mini_subset,scene-1094_004,ty,0.02,ty_2cm,16,Car,28.13,mid,68,100.0,0.9387
nuscenes_mini_subset,scene-1094_004,ty,0.05,ty_5cm,0,personal_mobility,7.82,near,31,96.7742,7.9592
nuscenes_mini_subset,scene-1094_004,ty,0.05,ty_5cm,1,Car,21.74,mid,27,100.0,3.0933
nuscenes_mini_subset,scene-1094_004,ty,0.05,ty_5cm,5,Car,8.44,near,360,100.0,9.4829
nuscenes_mini_subset,scene-1094_004,ty,0.05,ty_5cm,16,Car,28.13,mid,68,100.0,2.3466
nuscenes_mini_subset,scene-1094_004,ty,0.1,ty_10cm,0,personal_mobility,7.82,near,31,96.7742,15.918
nuscenes_mini_subset,scene-1094_004,ty,0.1,ty_10cm,1,Car,21.74,mid,27,100.0,6.1866
nuscenes_mini_subset,scene-1094_004,ty,0.1,ty_10cm,5,Car,8.44,near,360,100.0,18.9653
nuscenes_mini_subset,scene-1094_004,ty,0.1,ty_10cm,16,Car,28.13,mid,68,100.0,4.6932
nuscenes_mini_subset,scene-1094_004,tz,0.02,tz_2cm,0,personal_mobility,7.82,near,31,100.0,3.1943
nuscenes_mini_subset,scene-1094_004,tz,0.02,tz_2cm,1,Car,21.74,mid,27,100.0,1.2405
nuscenes_mini_subset,scene-1094_004,tz,0.02,tz_2cm,5,Car,8.44,near,360,99.4444,3.8017
nuscenes_mini_subset,scene-1094_004,tz,0.02,tz_2cm,16,Car,28.13,mid,68,100.0,0.9401
nuscenes_mini_subset,scene-1094_004,tz,0.05,tz_5cm,0,personal_mobility,7.82,near,31,100.0,7.9853
nuscenes_mini_subset,scene-1094_004,tz,0.05,tz_5cm,1,Car,21.74,mid,27,100.0,3.1011
nuscenes_mini_subset,scene-1094_004,tz,0.05,tz_5cm,5,Car,8.44,near,360,98.8889,9.5035
nuscenes_mini_subset,scene-1094_004,tz,0.05,tz_5cm,16,Car,28.13,mid,68,100.0,2.3502
nuscenes_mini_subset,scene-1094_004,tz,0.1,tz_10cm,0,personal_mobility,7.82,near,31,100.0,15.9687
nuscenes_mini_subset,scene-1094_004,tz,0.1,tz_10cm,1,Car,21.74,mid,27,100.0,6.2019
nuscenes_mini_subset,scene-1094_004,tz,0.1,tz_10cm,5,Car,8.44,near,360,98.8889,19.0045
nuscenes_mini_subset,scene-1094_004,tz,0.1,tz_10cm,16,Car,28.13,mid,68,100.0,4.7003
nuscenes_mini_subset,scene-1094_004,time,34.6,no_ego_motion,0,personal_mobility,7.82,near,31,100.0,3.686
nuscenes_mini_subset,scene-1094_004,time,34.6,no_ego_motion,1,Car,21.74,mid,27,100.0,1.3393
nuscenes_mini_subset,scene-1094_004,time,34.6,no_ego_motion,5,Car,8.44,near,360,100.0,1.1905
nuscenes_mini_subset,scene-1094_004,time,34.6,no_ego_motion,16,Car,28.13,mid,68,100.0,0.8365
nuscenes_mini_subset,scene-1094_005,baseline,0.0,baseline,1,Car,20.96,mid,30,100.0,0.0
nuscenes_mini_subset,scene-1094_005,baseline,0.0,baseline,5,Car,8.4,near,374,100.0,0.0
nuscenes_mini_subset,scene-1094_005,baseline,0.0,baseline,16,Car,27.35,mid,70,100.0,0.0
nuscenes_mini_subset,scene-1094_005,yaw,0.5,yaw_0.5deg,1,Car,20.96,mid,30,100.0,14.0737
nuscenes_mini_subset,scene-1094_005,yaw,0.5,yaw_0.5deg,5,Car,8.4,near,374,99.4652,12.3864
nuscenes_mini_subset,scene-1094_005,yaw,0.5,yaw_0.5deg,16,Car,27.35,mid,70,100.0,12.8705
nuscenes_mini_subset,scene-1094_005,yaw,1.0,yaw_1deg,1,Car,20.96,mid,30,100.0,28.2704
nuscenes_mini_subset,scene-1094_005,yaw,1.0,yaw_1deg,5,Car,8.4,near,374,98.1283,24.7984
nuscenes_mini_subset,scene-1094_005,yaw,1.0,yaw_1deg,16,Car,27.35,mid,70,98.5714,25.8266
nuscenes_mini_subset,scene-1094_005,yaw,2.0,yaw_2deg,1,Car,20.96,mid,30,100.0,57.0482
nuscenes_mini_subset,scene-1094_005,yaw,2.0,yaw_2deg,5,Car,8.4,near,374,94.1176,49.6975
nuscenes_mini_subset,scene-1094_005,yaw,2.0,yaw_2deg,16,Car,27.35,mid,70,94.2857,52.0073
nuscenes_mini_subset,scene-1094_005,yaw,3.0,yaw_3deg,1,Car,20.96,mid,30,100.0,86.3663
nuscenes_mini_subset,scene-1094_005,yaw,3.0,yaw_3deg,5,Car,8.4,near,374,88.7701,74.715
nuscenes_mini_subset,scene-1094_005,yaw,3.0,yaw_3deg,16,Car,27.35,mid,70,87.1429,78.5664
nuscenes_mini_subset,scene-1094_005,pitch,0.5,pitch_0.5deg,1,Car,20.96,mid,30,100.0,11.5271
nuscenes_mini_subset,scene-1094_005,pitch,0.5,pitch_0.5deg,5,Car,8.4,near,374,100.0,12.5468
nuscenes_mini_subset,scene-1094_005,pitch,0.5,pitch_0.5deg,16,Car,27.35,mid,70,100.0,11.3525
nuscenes_mini_subset,scene-1094_005,pitch,1.0,pitch_1deg,1,Car,20.96,mid,30,100.0,23.0764
nuscenes_mini_subset,scene-1094_005,pitch,1.0,pitch_1deg,5,Car,8.4,near,374,100.0,25.1375
nuscenes_mini_subset,scene-1094_005,pitch,1.0,pitch_1deg,16,Car,27.35,mid,70,100.0,22.7151
nuscenes_mini_subset,scene-1094_005,pitch,2.0,pitch_2deg,1,Car,20.96,mid,30,76.6667,46.2498
nuscenes_mini_subset,scene-1094_005,pitch,2.0,pitch_2deg,5,Car,8.4,near,374,100.0,50.4606
nuscenes_mini_subset,scene-1094_005,pitch,2.0,pitch_2deg,16,Car,27.35,mid,70,80.0,45.4785
nuscenes_mini_subset,scene-1094_005,pitch,3.0,pitch_3deg,1,Car,20.96,mid,30,43.3333,69.5369
nuscenes_mini_subset,scene-1094_005,pitch,3.0,pitch_3deg,5,Car,8.4,near,374,91.1765,75.6782
nuscenes_mini_subset,scene-1094_005,pitch,3.0,pitch_3deg,16,Car,27.35,mid,70,61.4286,68.3053
nuscenes_mini_subset,scene-1094_005,roll,0.5,roll_0.5deg,1,Car,20.96,mid,30,100.0,5.4428
nuscenes_mini_subset,scene-1094_005,roll,0.5,roll_0.5deg,5,Car,8.4,near,374,100.0,2.5702
nuscenes_mini_subset,scene-1094_005,roll,0.5,roll_0.5deg,16,Car,27.35,mid,70,100.0,4.1019
nuscenes_mini_subset,scene-1094_005,roll,1.0,roll_1deg,1,Car,20.96,mid,30,100.0,10.8851
nuscenes_mini_subset,scene-1094_005,roll,1.0,roll_1deg,5,Car,8.4,near,374,100.0,5.1404
nuscenes_mini_subset,scene-1094_005,roll,1.0,roll_1deg,16,Car,27.35,mid,70,100.0,8.2034
nuscenes_mini_subset,scene-1094_005,roll,2.0,roll_2deg,1,Car,20.96,mid,30,73.3333,21.7676
nuscenes_mini_subset,scene-1094_005,roll,2.0,roll_2deg,5,Car,8.4,near,374,100.0,10.28
nuscenes_mini_subset,scene-1094_005,roll,2.0,roll_2deg,16,Car,27.35,mid,70,97.1429,16.4052
nuscenes_mini_subset,scene-1094_005,roll,3.0,roll_3deg,1,Car,20.96,mid,30,73.3333,32.6466
nuscenes_mini_subset,scene-1094_005,roll,3.0,roll_3deg,5,Car,8.4,near,374,99.4652,15.4184
nuscenes_mini_subset,scene-1094_005,roll,3.0,roll_3deg,16,Car,27.35,mid,70,71.4286,24.6048
nuscenes_mini_subset,scene-1094_005,tx,0.02,tx_2cm,1,Car,20.96,mid,30,100.0,0.6315
nuscenes_mini_subset,scene-1094_005,tx,0.02,tx_2cm,5,Car,8.4,near,374,100.0,0.7288
nuscenes_mini_subset,scene-1094_005,tx,0.02,tx_2cm,16,Car,27.35,mid,70,100.0,0.3586
nuscenes_mini_subset,scene-1094_005,tx,0.05,tx_5cm,1,Car,20.96,mid,30,100.0,1.5763
nuscenes_mini_subset,scene-1094_005,tx,0.05,tx_5cm,5,Car,8.4,near,374,100.0,1.8137
nuscenes_mini_subset,scene-1094_005,tx,0.05,tx_5cm,16,Car,27.35,mid,70,100.0,0.8956
nuscenes_mini_subset,scene-1094_005,tx,0.1,tx_10cm,1,Car,20.96,mid,30,100.0,3.1446
nuscenes_mini_subset,scene-1094_005,tx,0.1,tx_10cm,5,Car,8.4,near,374,100.0,3.6
nuscenes_mini_subset,scene-1094_005,tx,0.1,tx_10cm,16,Car,27.35,mid,70,100.0,1.7878
nuscenes_mini_subset,scene-1094_005,ty,0.02,ty_2cm,1,Car,20.96,mid,30,100.0,1.2798
nuscenes_mini_subset,scene-1094_005,ty,0.02,ty_2cm,5,Car,8.4,near,374,100.0,3.8038
nuscenes_mini_subset,scene-1094_005,ty,0.02,ty_2cm,16,Car,27.35,mid,70,100.0,0.9631
nuscenes_mini_subset,scene-1094_005,ty,0.05,ty_5cm,1,Car,20.96,mid,30,100.0,3.1994
nuscenes_mini_subset,scene-1094_005,ty,0.05,ty_5cm,5,Car,8.4,near,374,100.0,9.5093
nuscenes_mini_subset,scene-1094_005,ty,0.05,ty_5cm,16,Car,27.35,mid,70,100.0,2.4076
nuscenes_mini_subset,scene-1094_005,ty,0.1,ty_10cm,1,Car,20.96,mid,30,100.0,6.3988
nuscenes_mini_subset,scene-1094_005,ty,0.1,ty_10cm,5,Car,8.4,near,374,99.4652,19.018
nuscenes_mini_subset,scene-1094_005,ty,0.1,ty_10cm,16,Car,27.35,mid,70,100.0,4.8152
nuscenes_mini_subset,scene-1094_005,tz,0.02,tz_2cm,1,Car,20.96,mid,30,100.0,1.2834
nuscenes_mini_subset,scene-1094_005,tz,0.02,tz_2cm,5,Car,8.4,near,374,100.0,3.8124
nuscenes_mini_subset,scene-1094_005,tz,0.02,tz_2cm,16,Car,27.35,mid,70,100.0,0.9649
nuscenes_mini_subset,scene-1094_005,tz,0.05,tz_5cm,1,Car,20.96,mid,30,100.0,3.2085
nuscenes_mini_subset,scene-1094_005,tz,0.05,tz_5cm,5,Car,8.4,near,374,100.0,9.5302
nuscenes_mini_subset,scene-1094_005,tz,0.05,tz_5cm,16,Car,27.35,mid,70,100.0,2.4121
nuscenes_mini_subset,scene-1094_005,tz,0.1,tz_10cm,1,Car,20.96,mid,30,100.0,6.4167
nuscenes_mini_subset,scene-1094_005,tz,0.1,tz_10cm,5,Car,8.4,near,374,100.0,19.0577
nuscenes_mini_subset,scene-1094_005,tz,0.1,tz_10cm,16,Car,27.35,mid,70,100.0,4.824
nuscenes_mini_subset,scene-1094_005,time,35.0,no_ego_motion,1,Car,20.96,mid,30,100.0,2.5138
nuscenes_mini_subset,scene-1094_005,time,35.0,no_ego_motion,5,Car,8.4,near,374,100.0,2.5123
nuscenes_mini_subset,scene-1094_005,time,35.0,no_ego_motion,16,Car,27.35,mid,70,100.0,1.6298
nuscenes_mini_subset,scene-1094_006,baseline,0.0,baseline,1,Car,19.89,mid,50,100.0,0.0
nuscenes_mini_subset,scene-1094_006,baseline,0.0,baseline,5,Car,8.14,near,397,100.0,0.0
nuscenes_mini_subset,scene-1094_006,baseline,0.0,baseline,14,Car,23.55,mid,10,100.0,0.0
nuscenes_mini_subset,scene-1094_006,baseline,0.0,baseline,15,Car,26.29,mid,64,100.0,0.0
nuscenes_mini_subset,scene-1094_006,yaw,0.5,yaw_0.5deg,1,Car,19.89,mid,50,100.0,14.6531
nuscenes_mini_subset,scene-1094_006,yaw,0.5,yaw_0.5deg,5,Car,8.14,near,397,99.4962,12.5997
nuscenes_mini_subset,scene-1094_006,yaw,0.5,yaw_0.5deg,14,Car,23.55,mid,10,100.0,13.3229
nuscenes_mini_subset,scene-1094_006,yaw,0.5,yaw_0.5deg,15,Car,26.29,mid,64,100.0,12.9726
nuscenes_mini_subset,scene-1094_006,yaw,1.0,yaw_1deg,1,Car,19.89,mid,50,98.0,29.3558
nuscenes_mini_subset,scene-1094_006,yaw,1.0,yaw_1deg,5,Car,8.14,near,397,98.4887,25.2378
nuscenes_mini_subset,scene-1094_006,yaw,1.0,yaw_1deg,14,Car,23.55,mid,10,100.0,26.7454
nuscenes_mini_subset,scene-1094_006,yaw,1.0,yaw_1deg,15,Car,26.29,mid,64,98.4375,26.0342
nuscenes_mini_subset,scene-1094_006,yaw,2.0,yaw_2deg,1,Car,19.89,mid,50,86.0,58.9093
nuscenes_mini_subset,scene-1094_006,yaw,2.0,yaw_2deg,5,Car,8.14,near,397,94.9622,50.6391
nuscenes_mini_subset,scene-1094_006,yaw,2.0,yaw_2deg,14,Car,23.55,mid,10,100.0,53.9027
nuscenes_mini_subset,scene-1094_006,yaw,2.0,yaw_2deg,15,Car,26.29,mid,64,95.3125,52.4364
nuscenes_mini_subset,scene-1094_006,yaw,3.0,yaw_3deg,1,Car,19.89,mid,50,70.0,88.2727
nuscenes_mini_subset,scene-1094_006,yaw,3.0,yaw_3deg,5,Car,8.14,near,397,90.932,76.2485
nuscenes_mini_subset,scene-1094_006,yaw,3.0,yaw_3deg,14,Car,23.55,mid,10,100.0,81.499
nuscenes_mini_subset,scene-1094_006,yaw,3.0,yaw_3deg,15,Car,26.29,mid,64,90.625,79.2313
nuscenes_mini_subset,scene-1094_006,pitch,0.5,pitch_0.5deg,1,Car,19.89,mid,50,100.0,11.5031
nuscenes_mini_subset,scene-1094_006,pitch,0.5,pitch_0.5deg,5,Car,8.14,near,397,100.0,12.5544
nuscenes_mini_subset,scene-1094_006,pitch,0.5,pitch_0.5deg,14,Car,23.55,mid,10,100.0,11.48
nuscenes_mini_subset,scene-1094_006,pitch,0.5,pitch_0.5deg,15,Car,26.29,mid,64,100.0,11.3582
nuscenes_mini_subset,scene-1094_006,pitch,1.0,pitch_1deg,1,Car,19.89,mid,50,86.0,23.0233
nuscenes_mini_subset,scene-1094_006,pitch,1.0,pitch_1deg,5,Car,8.14,near,397,100.0,25.1475
nuscenes_mini_subset,scene-1094_006,pitch,1.0,pitch_1deg,14,Car,23.55,mid,10,100.0,22.9819
nuscenes_mini_subset,scene-1094_006,pitch,1.0,pitch_1deg,15,Car,26.29,mid,64,100.0,22.7264
nuscenes_mini_subset,scene-1094_006,pitch,2.0,pitch_2deg,1,Car,19.89,mid,50,86.0,46.1238
nuscenes_mini_subset,scene-1094_006,pitch,2.0,pitch_2deg,5,Car,8.14,near,397,100.0,50.4596
nuscenes_mini_subset,scene-1094_006,pitch,2.0,pitch_2deg,14,Car,23.55,mid,10,0.0,46.0597
nuscenes_mini_subset,scene-1094_006,pitch,2.0,pitch_2deg,15,Car,26.29,mid,64,87.5,45.5008
nuscenes_mini_subset,scene-1094_006,pitch,3.0,pitch_3deg,1,Car,19.89,mid,50,62.0,69.3182
nuscenes_mini_subset,scene-1094_006,pitch,3.0,pitch_3deg,5,Car,8.14,near,397,90.4282,75.6565
nuscenes_mini_subset,scene-1094_006,pitch,3.0,pitch_3deg,14,Car,23.55,mid,10,0.0,69.2497
nuscenes_mini_subset,scene-1094_006,pitch,3.0,pitch_3deg,15,Car,26.29,mid,64,68.75,68.3402
nuscenes_mini_subset,scene-1094_006,roll,0.5,roll_0.5deg,1,Car,19.89,mid,50,100.0,5.9378
nuscenes_mini_subset,scene-1094_006,roll,0.5,roll_0.5deg,5,Car,8.14,near,397,100.0,2.9373
nuscenes_mini_subset,scene-1094_006,roll,0.5,roll_0.5deg,14,Car,23.55,mid,10,100.0,4.6573
nuscenes_mini_subset,scene-1094_006,roll,0.5,roll_0.5deg,15,Car,26.29,mid,64,100.0,4.2132
nuscenes_mini_subset,scene-1094_006,roll,1.0,roll_1deg,1,Car,19.89,mid,50,100.0,11.8749
nuscenes_mini_subset,scene-1094_006,roll,1.0,roll_1deg,5,Car,8.14,near,397,100.0,5.8744
nuscenes_mini_subset,scene-1094_006,roll,1.0,roll_1deg,14,Car,23.55,mid,10,100.0,9.3142
nuscenes_mini_subset,scene-1094_006,roll,1.0,roll_1deg,15,Car,26.29,mid,64,100.0,8.426
nuscenes_mini_subset,scene-1094_006,roll,2.0,roll_2deg,1,Car,19.89,mid,50,100.0,23.7467
nuscenes_mini_subset,scene-1094_006,roll,2.0,roll_2deg,5,Car,8.14,near,397,100.0,11.7479
nuscenes_mini_subset,scene-1094_006,roll,2.0,roll_2deg,14,Car,23.55,mid,10,100.0,18.6263
nuscenes_mini_subset,scene-1094_006,roll,2.0,roll_2deg,15,Car,26.29,mid,64,100.0,16.8502
nuscenes_mini_subset,scene-1094_006,roll,3.0,roll_3deg,1,Car,19.89,mid,50,78.0,35.6144
nuscenes_mini_subset,scene-1094_006,roll,3.0,roll_3deg,5,Car,8.14,near,397,99.7481,17.6201
nuscenes_mini_subset,scene-1094_006,roll,3.0,roll_3deg,14,Car,23.55,mid,10,100.0,27.9356
nuscenes_mini_subset,scene-1094_006,roll,3.0,roll_3deg,15,Car,26.29,mid,64,95.3125,25.272
nuscenes_mini_subset,scene-1094_006,tx,0.02,tx_2cm,1,Car,19.89,mid,50,100.0,0.7391
nuscenes_mini_subset,scene-1094_006,tx,0.02,tx_2cm,5,Car,8.14,near,397,100.0,0.9049
nuscenes_mini_subset,scene-1094_006,tx,0.02,tx_2cm,14,Car,23.55,mid,10,100.0,0.4734
nuscenes_mini_subset,scene-1094_006,tx,0.02,tx_2cm,15,Car,26.29,mid,64,100.0,0.3852
nuscenes_mini_subset,scene-1094_006,tx,0.05,tx_5cm,1,Car,19.89,mid,50,100.0,1.8447
nuscenes_mini_subset,scene-1094_006,tx,0.05,tx_5cm,5,Car,8.14,near,397,100.0,2.2533
nuscenes_mini_subset,scene-1094_006,tx,0.05,tx_5cm,14,Car,23.55,mid,10,100.0,1.1819
nuscenes_mini_subset,scene-1094_006,tx,0.05,tx_5cm,15,Car,26.29,mid,64,100.0,0.9619
nuscenes_mini_subset,scene-1094_006,tx,0.1,tx_10cm,1,Car,19.89,mid,50,100.0,3.6795
nuscenes_mini_subset,scene-1094_006,tx,0.1,tx_10cm,5,Car,8.14,near,397,100.0,4.4768
nuscenes_mini_subset,scene-1094_006,tx,0.1,tx_10cm,14,Car,23.55,mid,10,100.0,2.3585
nuscenes_mini_subset,scene-1094_006,tx,0.1,tx_10cm,15,Car,26.29,mid,64,100.0,1.9199
nuscenes_mini_subset,scene-1094_006,ty,0.02,ty_2cm,1,Car,19.89,mid,50,100.0,1.3427
nuscenes_mini_subset,scene-1094_006,ty,0.02,ty_2cm,5,Car,8.14,near,397,100.0,3.9046
nuscenes_mini_subset,scene-1094_006,ty,0.02,ty_2cm,14,Car,23.55,mid,10,100.0,1.1264
nuscenes_mini_subset,scene-1094_006,ty,0.02,ty_2cm,15,Car,26.29,mid,64,100.0,1.0049
nuscenes_mini_subset,scene-1094_006,ty,0.05,ty_5cm,1,Car,19.89,mid,50,100.0,3.3567
nuscenes_mini_subset,scene-1094_006,ty,0.05,ty_5cm,5,Car,8.14,near,397,100.0,9.7613
nuscenes_mini_subset,scene-1094_006,ty,0.05,ty_5cm,14,Car,23.55,mid,10,100.0,2.8159
nuscenes_mini_subset,scene-1094_006,ty,0.05,ty_5cm,15,Car,26.29,mid,64,100.0,2.5123
nuscenes_mini_subset,scene-1094_006,ty,0.1,ty_10cm,1,Car,19.89,mid,50,100.0,6.7132
nuscenes_mini_subset,scene-1094_006,ty,0.1,ty_10cm,5,Car,8.14,near,397,99.4962,19.522
nuscenes_mini_subset,scene-1094_006,ty,0.1,ty_10cm,14,Car,23.55,mid,10,100.0,5.6318
nuscenes_mini_subset,scene-1094_006,ty,0.1,ty_10cm,15,Car,26.29,mid,64,100.0,5.0246
nuscenes_mini_subset,scene-1094_006,tz,0.02,tz_2cm,1,Car,19.89,mid,50,100.0,1.347
nuscenes_mini_subset,scene-1094_006,tz,0.02,tz_2cm,5,Car,8.14,near,397,100.0,3.9169
nuscenes_mini_subset,scene-1094_006,tz,0.02,tz_2cm,14,Car,23.55,mid,10,100.0,1.1298
nuscenes_mini_subset,scene-1094_006,tz,0.02,tz_2cm,15,Car,26.29,mid,64,100.0,1.0071
nuscenes_mini_subset,scene-1094_006,tz,0.05,tz_5cm,1,Car,19.89,mid,50,100.0,3.3674
nuscenes_mini_subset,scene-1094_006,tz,0.05,tz_5cm,5,Car,8.14,near,397,100.0,9.7913
nuscenes_mini_subset,scene-1094_006,tz,0.05,tz_5cm,14,Car,23.55,mid,10,100.0,2.8243
nuscenes_mini_subset,scene-1094_006,tz,0.05,tz_5cm,15,Car,26.29,mid,64,100.0,2.5177
nuscenes_mini_subset,scene-1094_006,tz,0.1,tz_10cm,1,Car,19.89,mid,50,100.0,6.7344
nuscenes_mini_subset,scene-1094_006,tz,0.1,tz_10cm,5,Car,8.14,near,397,100.0,19.5797
nuscenes_mini_subset,scene-1094_006,tz,0.1,tz_10cm,14,Car,23.55,mid,10,100.0,5.6484
nuscenes_mini_subset,scene-1094_006,tz,0.1,tz_10cm,15,Car,26.29,mid,64,100.0,5.0352
nuscenes_mini_subset,scene-1094_006,time,34.9,no_ego_motion,1,Car,19.89,mid,50,100.0,3.3738
nuscenes_mini_subset,scene-1094_006,time,34.9,no_ego_motion,5,Car,8.14,near,397,100.0,2.8748
nuscenes_mini_subset,scene-1094_006,time,34.9,no_ego_motion,14,Car,23.55,mid,10,100.0,2.5196
nuscenes_mini_subset,scene-1094_006,time,34.9,no_ego_motion,15,Car,26.29,mid,64,100.0,2.4085
nuscenes_mini_subset,scene-1094_007,baseline,0.0,baseline,0,Car,18.59,mid,65,73.8462,0.0
nuscenes_mini_subset,scene-1094_007,baseline,0.0,baseline,4,Car,7.71,near,424,100.0,0.0
nuscenes_mini_subset,scene-1094_007,baseline,0.0,baseline,13,Car,24.98,mid,62,100.0,0.0
nuscenes_mini_subset,scene-1094_007,yaw,0.5,yaw_0.5deg,0,Car,18.59,mid,65,67.6923,14.9134
nuscenes_mini_subset,scene-1094_007,yaw,0.5,yaw_0.5deg,4,Car,7.71,near,424,99.5283,13.0261
nuscenes_mini_subset,scene-1094_007,yaw,0.5,yaw_0.5deg,13,Car,24.98,mid,62,100.0,13.4746
nuscenes_mini_subset,scene-1094_007,yaw,1.0,yaw_1deg,0,Car,18.59,mid,65,58.4615,29.7032
nuscenes_mini_subset,scene-1094_007,yaw,1.0,yaw_1deg,4,Car,7.71,near,424,98.5849,26.1138
nuscenes_mini_subset,scene-1094_007,yaw,1.0,yaw_1deg,13,Car,24.98,mid,62,95.1613,27.055
nuscenes_mini_subset,scene-1094_007,yaw,2.0,yaw_2deg,0,Car,18.59,mid,65,47.6923,59.3842
nuscenes_mini_subset,scene-1094_007,yaw,2.0,yaw_2deg,4,Car,7.71,near,424,94.8113,52.4929
nuscenes_mini_subset,scene-1094_007,yaw,2.0,yaw_2deg,13,Car,24.98,mid,62,85.4839,54.547
nuscenes_mini_subset,scene-1094_007,yaw,3.0,yaw_3deg,0,Car,18.59,mid,65,38.4615,89.3626
nuscenes_mini_subset,scene-1094_007,yaw,3.0,yaw_3deg,4,Car,7.71,near,424,91.5094,79.1649
nuscenes_mini_subset,scene-1094_007,yaw,3.0,yaw_3deg,13,Car,24.98,mid,62,75.8065,82.5043
nuscenes_mini_subset,scene-1094_007,pitch,0.5,pitch_0.5deg,0,Car,18.59,mid,65,73.8462,11.5093
nuscenes_mini_subset,scene-1094_007,pitch,0.5,pitch_0.5deg,4,Car,7.71,near,424,100.0,12.4957
nuscenes_mini_subset,scene-1094_007,pitch,0.5,pitch_0.5deg,13,Car,24.98,mid,62,100.0,11.3385
nuscenes_mini_subset,scene-1094_007,pitch,1.0,pitch_1deg,0,Car,18.59,mid,65,72.3077,23.0371
nuscenes_mini_subset,scene-1094_007,pitch,1.0,pitch_1deg,4,Car,7.71,near,424,100.0,25.0313
nuscenes_mini_subset,scene-1094_007,pitch,1.0,pitch_1deg,13,Car,24.98,mid,62,100.0,22.6817
nuscenes_mini_subset,scene-1094_007,pitch,2.0,pitch_2deg,0,Car,18.59,mid,65,49.2308,46.1564
nuscenes_mini_subset,scene-1094_007,pitch,2.0,pitch_2deg,4,Car,7.71,near,424,100.0,50.2339
nuscenes_mini_subset,scene-1094_007,pitch,2.0,pitch_2deg,13,Car,24.98,mid,62,100.0,45.3901
nuscenes_mini_subset,scene-1094_007,pitch,3.0,pitch_3deg,0,Car,18.59,mid,65,44.6154,69.375
nuscenes_mini_subset,scene-1094_007,pitch,3.0,pitch_3deg,4,Car,7.71,near,424,90.0943,75.3576
nuscenes_mini_subset,scene-1094_007,pitch,3.0,pitch_3deg,13,Car,24.98,mid,62,90.3226,68.1405
nuscenes_mini_subset,scene-1094_007,roll,0.5,roll_0.5deg,0,Car,18.59,mid,65,73.8462,6.3277
nuscenes_mini_subset,scene-1094_007,roll,0.5,roll_0.5deg,4,Car,7.71,near,424,100.0,3.5256
nuscenes_mini_subset,scene-1094_007,roll,0.5,roll_0.5deg,13,Car,24.98,mid,62,100.0,4.8267
nuscenes_mini_subset,scene-1094_007,roll,1.0,roll_1deg,0,Car,18.59,mid,65,73.8462,12.6546
nuscenes_mini_subset,scene-1094_007,roll,1.0,roll_1deg,4,Car,7.71,near,424,100.0,7.0509
nuscenes_mini_subset,scene-1094_007,roll,1.0,roll_1deg,13,Car,24.98,mid,62,100.0,9.653
nuscenes_mini_subset,scene-1094_007,roll,2.0,roll_2deg,0,Car,18.59,mid,65,73.8462,25.3058
nuscenes_mini_subset,scene-1094_007,roll,2.0,roll_2deg,4,Car,7.71,near,424,95.283,14.1006
nuscenes_mini_subset,scene-1094_007,roll,2.0,roll_2deg,13,Car,24.98,mid,62,88.7097,19.3038
nuscenes_mini_subset,scene-1094_007,roll,3.0,roll_3deg,0,Car,18.59,mid,65,73.8462,37.9525
nuscenes_mini_subset,scene-1094_007,roll,3.0,roll_3deg,4,Car,7.71,near,424,93.1604,21.1486
nuscenes_mini_subset,scene-1094_007,roll,3.0,roll_3deg,13,Car,24.98,mid,62,88.7097,28.9517
nuscenes_mini_subset,scene-1094_007,tx,0.02,tx_2cm,0,Car,18.59,mid,65,75.3846,0.8372
nuscenes_mini_subset,scene-1094_007,tx,0.02,tx_2cm,4,Car,7.71,near,424,100.0,1.2282
nuscenes_mini_subset,scene-1094_007,tx,0.02,tx_2cm,13,Car,24.98,mid,62,100.0,0.4601
nuscenes_mini_subset,scene-1094_007,tx,0.05,tx_5cm,0,Car,18.59,mid,65,76.9231,2.0893
nuscenes_mini_subset,scene-1094_007,tx,0.05,tx_5cm,4,Car,7.71,near,424,100.0,3.0549
nuscenes_mini_subset,scene-1094_007,tx,0.05,tx_5cm,13,Car,24.98,mid,62,100.0,1.1488
nuscenes_mini_subset,scene-1094_007,tx,0.1,tx_10cm,0,Car,18.59,mid,65,76.9231,4.1663
nuscenes_mini_subset,scene-1094_007,tx,0.1,tx_10cm,4,Car,7.71,near,424,100.0,6.0586
nuscenes_mini_subset,scene-1094_007,tx,0.1,tx_10cm,13,Car,24.98,mid,62,100.0,2.2929
nuscenes_mini_subset,scene-1094_007,ty,0.02,ty_2cm,0,Car,18.59,mid,65,72.3077,1.4377
nuscenes_mini_subset,scene-1094_007,ty,0.02,ty_2cm,4,Car,7.71,near,424,100.0,4.0731
nuscenes_mini_subset,scene-1094_007,ty,0.02,ty_2cm,13,Car,24.98,mid,62,100.0,1.0516
nuscenes_mini_subset,scene-1094_007,ty,0.05,ty_5cm,0,Car,18.59,mid,65,72.3077,3.5943
nuscenes_mini_subset,scene-1094_007,ty,0.05,ty_5cm,4,Car,7.71,near,424,100.0,10.1826
nuscenes_mini_subset,scene-1094_007,ty,0.05,ty_5cm,13,Car,24.98,mid,62,100.0,2.6289
nuscenes_mini_subset,scene-1094_007,ty,0.1,ty_10cm,0,Car,18.59,mid,65,72.3077,7.1886
nuscenes_mini_subset,scene-1094_007,ty,0.1,ty_10cm,4,Car,7.71,near,424,99.5283,20.3647
nuscenes_mini_subset,scene-1094_007,ty,0.1,ty_10cm,13,Car,24.98,mid,62,100.0,5.2578
nuscenes_mini_subset,scene-1094_007,tz,0.02,tz_2cm,0,Car,18.59,mid,65,73.8462,1.4398
nuscenes_mini_subset,scene-1094_007,tz,0.02,tz_2cm,4,Car,7.71,near,424,100.0,4.0857
nuscenes_mini_subset,scene-1094_007,tz,0.02,tz_2cm,13,Car,24.98,mid,62,100.0,1.0534
nuscenes_mini_subset,scene-1094_007,tz,0.05,tz_5cm,0,Car,18.59,mid,65,73.8462,3.5993
nuscenes_mini_subset,scene-1094_007,tz,0.05,tz_5cm,4,Car,7.71,near,424,97.4057,10.2133
nuscenes_mini_subset,scene-1094_007,tz,0.05,tz_5cm,13,Car,24.98,mid,62,100.0,2.6333
nuscenes_mini_subset,scene-1094_007,tz,0.1,tz_10cm,0,Car,18.59,mid,65,73.8462,7.1982
nuscenes_mini_subset,scene-1094_007,tz,0.1,tz_10cm,4,Car,7.71,near,424,93.6321,20.4233
nuscenes_mini_subset,scene-1094_007,tz,0.1,tz_10cm,13,Car,24.98,mid,62,100.0,5.2664
nuscenes_mini_subset,scene-1094_007,time,37.7,no_ego_motion,0,Car,18.59,mid,65,72.3077,4.4065
nuscenes_mini_subset,scene-1094_007,time,37.7,no_ego_motion,4,Car,7.71,near,424,100.0,6.4738
nuscenes_mini_subset,scene-1094_007,time,37.7,no_ego_motion,13,Car,24.98,mid,62,100.0,2.4948
nuscenes_mini_subset,scene-1094_008,baseline,0.0,baseline,4,Car,7.3,near,414,100.0,0.0
nuscenes_mini_subset,scene-1094_008,baseline,0.0,baseline,8,Car,28.98,mid,18,100.0,0.0
nuscenes_mini_subset,scene-1094_008,baseline,0.0,baseline,12,Car,23.63,mid,62,100.0,0.0
nuscenes_mini_subset,scene-1094_008,baseline,0.0,baseline,13,Pedestrian,12.19,near,18,100.0,0.0
nuscenes_mini_subset,scene-1094_008,yaw,0.5,yaw_0.5deg,4,Car,7.3,near,414,99.7585,14.1524
nuscenes_mini_subset,scene-1094_008,yaw,0.5,yaw_0.5deg,8,Car,28.98,mid,18,100.0,11.6024
nuscenes_mini_subset,scene-1094_008,yaw,0.5,yaw_0.5deg,12,Car,23.63,mid,62,100.0,13.6702
nuscenes_mini_subset,scene-1094_008,yaw,0.5,yaw_0.5deg,13,Pedestrian,12.19,near,18,100.0,11.8168
nuscenes_mini_subset,scene-1094_008,yaw,1.0,yaw_1deg,4,Car,7.3,near,414,98.5507,28.3724
nuscenes_mini_subset,scene-1094_008,yaw,1.0,yaw_1deg,8,Car,28.98,mid,18,88.8889,23.2388
nuscenes_mini_subset,scene-1094_008,yaw,1.0,yaw_1deg,12,Car,23.63,mid,62,98.3871,27.4523
nuscenes_mini_subset,scene-1094_008,yaw,1.0,yaw_1deg,13,Pedestrian,12.19,near,18,100.0,23.6592
nuscenes_mini_subset,scene-1094_008,yaw,2.0,yaw_2deg,4,Car,7.3,near,414,94.686,56.9605
nuscenes_mini_subset,scene-1094_008,yaw,2.0,yaw_2deg,8,Car,28.98,mid,18,61.1111,46.6216
nuscenes_mini_subset,scene-1094_008,yaw,2.0,yaw_2deg,12,Car,23.63,mid,62,93.5484,55.3664
nuscenes_mini_subset,scene-1094_008,yaw,2.0,yaw_2deg,13,Pedestrian,12.19,near,18,100.0,47.4294
nuscenes_mini_subset,scene-1094_008,yaw,3.0,yaw_3deg,4,Car,7.3,near,414,91.3043,85.739
nuscenes_mini_subset,scene-1094_008,yaw,3.0,yaw_3deg,8,Car,28.98,mid,18,33.3333,70.1646
nuscenes_mini_subset,scene-1094_008,yaw,3.0,yaw_3deg,12,Car,23.63,mid,62,83.871,83.7412
nuscenes_mini_subset,scene-1094_008,yaw,3.0,yaw_3deg,13,Pedestrian,12.19,near,18,44.4444,71.327
nuscenes_mini_subset,scene-1094_008,pitch,0.5,pitch_0.5deg,4,Car,7.3,near,414,100.0,12.564
nuscenes_mini_subset,scene-1094_008,pitch,0.5,pitch_0.5deg,8,Car,28.98,mid,18,55.5556,11.3199
nuscenes_mini_subset,scene-1094_008,pitch,0.5,pitch_0.5deg,12,Car,23.63,mid,62,100.0,11.3527
nuscenes_mini_subset,scene-1094_008,pitch,0.5,pitch_0.5deg,13,Pedestrian,12.19,near,18,100.0,11.7282
nuscenes_mini_subset,scene-1094_008,pitch,1.0,pitch_1deg,4,Car,7.3,near,414,100.0,25.1721
nuscenes_mini_subset,scene-1094_008,pitch,1.0,pitch_1deg,8,Car,28.98,mid,18,55.5556,22.6492
nuscenes_mini_subset,scene-1094_008,pitch,1.0,pitch_1deg,12,Car,23.63,mid,62,100.0,22.7075
nuscenes_mini_subset,scene-1094_008,pitch,1.0,pitch_1deg,13,Pedestrian,12.19,near,18,100.0,23.4756
nuscenes_mini_subset,scene-1094_008,pitch,2.0,pitch_2deg,4,Car,7.3,near,414,97.8261,50.4772
nuscenes_mini_subset,scene-1094_008,pitch,2.0,pitch_2deg,8,Car,28.98,mid,18,0.0,45.3432
nuscenes_mini_subset,scene-1094_008,pitch,2.0,pitch_2deg,12,Car,23.63,mid,62,100.0,45.4254
nuscenes_mini_subset,scene-1094_008,pitch,2.0,pitch_2deg,13,Pedestrian,12.19,near,18,83.3333,47.0358
nuscenes_mini_subset,scene-1094_008,pitch,3.0,pitch_3deg,4,Car,7.3,near,414,94.2029,75.9513
nuscenes_mini_subset,scene-1094_008,pitch,3.0,pitch_3deg,8,Car,28.98,mid,18,0.0,68.0965
nuscenes_mini_subset,scene-1094_008,pitch,3.0,pitch_3deg,12,Car,23.63,mid,62,100.0,68.1842
nuscenes_mini_subset,scene-1094_008,pitch,3.0,pitch_3deg,13,Pedestrian,12.19,near,18,83.3333,70.6967
nuscenes_mini_subset,scene-1094_008,roll,0.5,roll_0.5deg,4,Car,7.3,near,414,100.0,4.8187
nuscenes_mini_subset,scene-1094_008,roll,0.5,roll_0.5deg,8,Car,28.98,mid,18,100.0,1.8202
nuscenes_mini_subset,scene-1094_008,roll,0.5,roll_0.5deg,12,Car,23.63,mid,62,100.0,5.0288
nuscenes_mini_subset,scene-1094_008,roll,0.5,roll_0.5deg,13,Pedestrian,12.19,near,18,100.0,1.4635
nuscenes_mini_subset,scene-1094_008,roll,1.0,roll_1deg,4,Car,7.3,near,414,100.0,9.6369
nuscenes_mini_subset,scene-1094_008,roll,1.0,roll_1deg,8,Car,28.98,mid,18,100.0,3.6403
nuscenes_mini_subset,scene-1094_008,roll,1.0,roll_1deg,12,Car,23.63,mid,62,100.0,10.0572
nuscenes_mini_subset,scene-1094_008,roll,1.0,roll_1deg,13,Pedestrian,12.19,near,18,100.0,2.927
nuscenes_mini_subset,scene-1094_008,roll,2.0,roll_2deg,4,Car,7.3,near,414,100.0,19.2716
nuscenes_mini_subset,scene-1094_008,roll,2.0,roll_2deg,8,Car,28.98,mid,18,100.0,7.2801
nuscenes_mini_subset,scene-1094_008,roll,2.0,roll_2deg,12,Car,23.63,mid,62,100.0,20.112
nuscenes_mini_subset,scene-1094_008,roll,2.0,roll_2deg,13,Pedestrian,12.19,near,18,100.0,5.8536
nuscenes_mini_subset,scene-1094_008,roll,3.0,roll_3deg,4,Car,7.3,near,414,93.9614,28.9033
nuscenes_mini_subset,scene-1094_008,roll,3.0,roll_3deg,8,Car,28.98,mid,18,100.0,10.9192
nuscenes_mini_subset,scene-1094_008,roll,3.0,roll_3deg,12,Car,23.63,mid,62,100.0,30.1638
nuscenes_mini_subset,scene-1094_008,roll,3.0,roll_3deg,13,Pedestrian,12.19,near,18,100.0,8.7796
nuscenes_mini_subset,scene-1094_008,tx,0.02,tx_2cm,4,Car,7.3,near,414,100.0,1.8617
nuscenes_mini_subset,scene-1094_008,tx,0.02,tx_2cm,8,Car,28.98,mid,18,100.0,0.144
nuscenes_mini_subset,scene-1094_008,tx,0.02,tx_2cm,12,Car,23.63,mid,62,100.0,0.5081
nuscenes_mini_subset,scene-1094_008,tx,0.02,tx_2cm,13,Pedestrian,12.19,near,18,100.0,0.2569
nuscenes_mini_subset,scene-1094_008,tx,0.05,tx_5cm,4,Car,7.3,near,414,100.0,4.6298
nuscenes_mini_subset,scene-1094_008,tx,0.05,tx_5cm,8,Car,28.98,mid,18,100.0,0.3597
nuscenes_mini_subset,scene-1094_008,tx,0.05,tx_5cm,12,Car,23.63,mid,62,100.0,1.2686
nuscenes_mini_subset,scene-1094_008,tx,0.05,tx_5cm,13,Pedestrian,12.19,near,18,100.0,0.6407
nuscenes_mini_subset,scene-1094_008,tx,0.1,tx_10cm,4,Car,7.3,near,414,100.0,9.1876
nuscenes_mini_subset,scene-1094_008,tx,0.1,tx_10cm,8,Car,28.98,mid,18,100.0,0.7181
nuscenes_mini_subset,scene-1094_008,tx,0.1,tx_10cm,12,Car,23.63,mid,62,100.0,2.5317
nuscenes_mini_subset,scene-1094_008,tx,0.1,tx_10cm,13,Pedestrian,12.19,near,18,100.0,1.2761
nuscenes_mini_subset,scene-1094_008,ty,0.02,ty_2cm,4,Car,7.3,near,414,100.0,4.3074
nuscenes_mini_subset,scene-1094_008,ty,0.02,ty_2cm,8,Car,28.98,mid,18,100.0,0.8879
nuscenes_mini_subset,scene-1094_008,ty,0.02,ty_2cm,12,Car,23.63,mid,62,100.0,1.1091
nuscenes_mini_subset,scene-1094_008,ty,0.02,ty_2cm,13,Pedestrian,12.19,near,18,100.0,2.1226
nuscenes_mini_subset,scene-1094_008,ty,0.05,ty_5cm,4,Car,7.3,near,414,100.0,10.7682
nuscenes_mini_subset,scene-1094_008,ty,0.05,ty_5cm,8,Car,28.98,mid,18,100.0,2.2198
nuscenes_mini_subset,scene-1094_008,ty,0.05,ty_5cm,12,Car,23.63,mid,62,100.0,2.7727
nuscenes_mini_subset,scene-1094_008,ty,0.05,ty_5cm,13,Pedestrian,12.19,near,18,100.0,5.3065
nuscenes_mini_subset,scene-1094_008,ty,0.1,ty_10cm,4,Car,7.3,near,414,99.7585,21.5357
nuscenes_mini_subset,scene-1094_008,ty,0.1,ty_10cm,8,Car,28.98,mid,18,100.0,4.4396
nuscenes_mini_subset,scene-1094_008,ty,0.1,ty_10cm,12,Car,23.63,mid,62,100.0,5.5454
nuscenes_mini_subset,scene-1094_008,ty,0.1,ty_10cm,13,Pedestrian,12.19,near,18,100.0,10.6129
nuscenes_mini_subset,scene-1094_008,tz,0.02,tz_2cm,4,Car,7.3,near,414,100.0,4.3197
nuscenes_mini_subset,scene-1094_008,tz,0.02,tz_2cm,8,Car,28.98,mid,18,100.0,0.889
nuscenes_mini_subset,scene-1094_008,tz,0.02,tz_2cm,12,Car,23.63,mid,62,100.0,1.1106
nuscenes_mini_subset,scene-1094_008,tz,0.02,tz_2cm,13,Pedestrian,12.19,near,18,100.0,2.1275
nuscenes_mini_subset,scene-1094_008,tz,0.05,tz_5cm,4,Car,7.3,near,414,100.0,10.7982
nuscenes_mini_subset,scene-1094_008,tz,0.05,tz_5cm,8,Car,28.98,mid,18,100.0,2.2225
nuscenes_mini_subset,scene-1094_008,tz,0.05,tz_5cm,12,Car,23.63,mid,62,100.0,2.7765
nuscenes_mini_subset,scene-1094_008,tz,0.05,tz_5cm,13,Pedestrian,12.19,near,18,100.0,5.3184
nuscenes_mini_subset,scene-1094_008,tz,0.1,tz_10cm,4,Car,7.3,near,414,100.0,21.5928
nuscenes_mini_subset,scene-1094_008,tz,0.1,tz_10cm,8,Car,28.98,mid,18,100.0,4.4449
nuscenes_mini_subset,scene-1094_008,tz,0.1,tz_10cm,12,Car,23.63,mid,62,100.0,5.5528
nuscenes_mini_subset,scene-1094_008,tz,0.1,tz_10cm,13,Pedestrian,12.19,near,18,100.0,10.6359
nuscenes_mini_subset,scene-1094_008,time,35.2,no_ego_motion,4,Car,7.3,near,414,99.7585,9.9336
nuscenes_mini_subset,scene-1094_008,time,35.2,no_ego_motion,8,Car,28.98,mid,18,100.0,1.3536
nuscenes_mini_subset,scene-1094_008,time,35.2,no_ego_motion,12,Car,23.63,mid,62,100.0,2.9626
nuscenes_mini_subset,scene-1094_008,time,35.2,no_ego_motion,13,Pedestrian,12.19,near,18,100.0,1.6047
nuscenes_mini_subset,scene-1094_009,baseline,0.0,baseline,9,Car,27.62,mid,11,100.0,0.0
nuscenes_mini_subset,scene-1094_009,baseline,0.0,baseline,13,Car,22.34,mid,84,100.0,0.0
nuscenes_mini_subset,scene-1094_009,baseline,0.0,baseline,14,Pedestrian,11.22,near,23,100.0,0.0
nuscenes_mini_subset,scene-1094_009,yaw,0.5,yaw_0.5deg,9,Car,27.62,mid,11,100.0,11.6411
nuscenes_mini_subset,scene-1094_009,yaw,0.5,yaw_0.5deg,13,Car,22.34,mid,84,100.0,13.8203
nuscenes_mini_subset,scene-1094_009,yaw,0.5,yaw_0.5deg,14,Pedestrian,11.22,near,23,100.0,11.822
nuscenes_mini_subset,scene-1094_009,yaw,1.0,yaw_1deg,9,Car,27.62,mid,11,90.9091,23.3183
nuscenes_mini_subset,scene-1094_009,yaw,1.0,yaw_1deg,13,Car,22.34,mid,84,98.8095,27.7569
nuscenes_mini_subset,scene-1094_009,yaw,1.0,yaw_1deg,14,Pedestrian,11.22,near,23,100.0,23.6641
nuscenes_mini_subset,scene-1094_009,yaw,2.0,yaw_2deg,9,Car,27.62,mid,11,63.6364,46.7889
nuscenes_mini_subset,scene-1094_009,yaw,2.0,yaw_2deg,13,Car,22.34,mid,84,91.6667,55.9694
nuscenes_mini_subset,scene-1094_009,yaw,2.0,yaw_2deg,14,Pedestrian,11.22,near,23,95.6522,47.4167
nuscenes_mini_subset,scene-1094_009,yaw,3.0,yaw_3deg,9,Car,27.62,mid,11,36.3636,70.4281
nuscenes_mini_subset,scene-1094_009,yaw,3.0,yaw_3deg,13,Car,22.34,mid,84,84.5238,83.828
nuscenes_mini_subset,scene-1094_009,yaw,3.0,yaw_3deg,14,Pedestrian,11.22,near,23,43.4783,71.2741
nuscenes_mini_subset,scene-1094_009,pitch,0.5,pitch_0.5deg,9,Car,27.62,mid,11,100.0,11.3347
nuscenes_mini_subset,scene-1094_009,pitch,0.5,pitch_0.5deg,13,Car,22.34,mid,84,100.0,11.3859
nuscenes_mini_subset,scene-1094_009,pitch,0.5,pitch_0.5deg,14,Pedestrian,11.22,near,23,100.0,11.739
nuscenes_mini_subset,scene-1094_009,pitch,1.0,pitch_1deg,9,Car,27.62,mid,11,18.1818,22.6787
nuscenes_mini_subset,scene-1094_009,pitch,1.0,pitch_1deg,13,Car,22.34,mid,84,100.0,22.77
nuscenes_mini_subset,scene-1094_009,pitch,1.0,pitch_1deg,14,Pedestrian,11.22,near,23,100.0,23.4918
nuscenes_mini_subset,scene-1094_009,pitch,2.0,pitch_2deg,9,Car,27.62,mid,11,18.1818,45.4025
nuscenes_mini_subset,scene-1094_009,pitch,2.0,pitch_2deg,13,Car,22.34,mid,84,92.8571,45.5427
nuscenes_mini_subset,scene-1094_009,pitch,2.0,pitch_2deg,14,Pedestrian,11.22,near,23,91.3043,47.0466
nuscenes_mini_subset,scene-1094_009,pitch,3.0,pitch_3deg,9,Car,27.62,mid,11,0.0,68.1859
nuscenes_mini_subset,scene-1094_009,pitch,3.0,pitch_3deg,13,Car,22.34,mid,84,82.1429,68.3377
nuscenes_mini_subset,scene-1094_009,pitch,3.0,pitch_3deg,14,Pedestrian,11.22,near,23,91.3043,70.6805
nuscenes_mini_subset,scene-1094_009,roll,0.5,roll_0.5deg,9,Car,27.62,mid,11,100.0,1.8584
nuscenes_mini_subset,scene-1094_009,roll,0.5,roll_0.5deg,13,Car,22.34,mid,84,100.0,5.1477
nuscenes_mini_subset,scene-1094_009,roll,0.5,roll_0.5deg,14,Pedestrian,11.22,near,23,100.0,1.2257
nuscenes_mini_subset,scene-1094_009,roll,1.0,roll_1deg,9,Car,27.62,mid,11,100.0,3.7166
nuscenes_mini_subset,scene-1094_009,roll,1.0,roll_1deg,13,Car,22.34,mid,84,100.0,10.2949
nuscenes_mini_subset,scene-1094_009,roll,1.0,roll_1deg,14,Pedestrian,11.22,near,23,100.0,2.4513
nuscenes_mini_subset,scene-1094_009,roll,2.0,roll_2deg,9,Car,27.62,mid,11,100.0,7.4328
nuscenes_mini_subset,scene-1094_009,roll,2.0,roll_2deg,13,Car,22.34,mid,84,100.0,20.5873
nuscenes_mini_subset,scene-1094_009,roll,2.0,roll_2deg,14,Pedestrian,11.22,near,23,100.0,4.9024
nuscenes_mini_subset,scene-1094_009,roll,3.0,roll_3deg,9,Car,27.62,mid,11,100.0,11.1482
nuscenes_mini_subset,scene-1094_009,roll,3.0,roll_3deg,13,Car,22.34,mid,84,84.5238,30.8765
nuscenes_mini_subset,scene-1094_009,roll,3.0,roll_3deg,14,Pedestrian,11.22,near,23,100.0,7.3529
nuscenes_mini_subset,scene-1094_009,tx,0.02,tx_2cm,9,Car,27.62,mid,11,100.0,0.1549
nuscenes_mini_subset,scene-1094_009,tx,0.02,tx_2cm,13,Car,22.34,mid,84,100.0,0.5514
nuscenes_mini_subset,scene-1094_009,tx,0.02,tx_2cm,14,Pedestrian,11.22,near,23,100.0,0.228
nuscenes_mini_subset,scene-1094_009,tx,0.05,tx_5cm,9,Car,27.62,mid,11,100.0,0.3867
nuscenes_mini_subset,scene-1094_009,tx,0.05,tx_5cm,13,Car,22.34,mid,84,100.0,1.3766
nuscenes_mini_subset,scene-1094_009,tx,0.05,tx_5cm,14,Pedestrian,11.22,near,23,100.0,0.5686
nuscenes_mini_subset,scene-1094_009,tx,0.1,tx_10cm,9,Car,27.62,mid,11,100.0,0.772
nuscenes_mini_subset,scene-1094_009,tx,0.1,tx_10cm,13,Car,22.34,mid,84,100.0,2.7467
nuscenes_mini_subset,scene-1094_009,tx,0.1,tx_10cm,14,Pedestrian,11.22,near,23,100.0,1.1322
nuscenes_mini_subset,scene-1094_009,ty,0.02,ty_2cm,9,Car,27.62,mid,11,100.0,0.9262
nuscenes_mini_subset,scene-1094_009,ty,0.02,ty_2cm,13,Car,22.34,mid,84,100.0,1.1675
nuscenes_mini_subset,scene-1094_009,ty,0.02,ty_2cm,14,Pedestrian,11.22,near,23,100.0,2.2925
nuscenes_mini_subset,scene-1094_009,ty,0.05,ty_5cm,9,Car,27.62,mid,11,100.0,2.3156
nuscenes_mini_subset,scene-1094_009,ty,0.05,ty_5cm,13,Car,22.34,mid,84,100.0,2.9187
nuscenes_mini_subset,scene-1094_009,ty,0.05,ty_5cm,14,Pedestrian,11.22,near,23,100.0,5.7312
nuscenes_mini_subset,scene-1094_009,ty,0.1,ty_10cm,9,Car,27.62,mid,11,100.0,4.6311
nuscenes_mini_subset,scene-1094_009,ty,0.1,ty_10cm,13,Car,22.34,mid,84,100.0,5.8373
nuscenes_mini_subset,scene-1094_009,ty,0.1,ty_10cm,14,Pedestrian,11.22,near,23,100.0,11.4623
nuscenes_mini_subset,scene-1094_009,tz,0.02,tz_2cm,9,Car,27.62,mid,11,100.0,0.9269
nuscenes_mini_subset,scene-1094_009,tz,0.02,tz_2cm,13,Car,22.34,mid,84,100.0,1.1677
nuscenes_mini_subset,scene-1094_009,tz,0.02,tz_2cm,14,Pedestrian,11.22,near,23,100.0,2.2965
nuscenes_mini_subset,scene-1094_009,tz,0.05,tz_5cm,9,Car,27.62,mid,11,100.0,2.3173
nuscenes_mini_subset,scene-1094_009,tz,0.05,tz_5cm,13,Car,22.34,mid,84,100.0,2.9193
nuscenes_mini_subset,scene-1094_009,tz,0.05,tz_5cm,14,Pedestrian,11.22,near,23,100.0,5.741
nuscenes_mini_subset,scene-1094_009,tz,0.1,tz_10cm,9,Car,27.62,mid,11,100.0,4.6343
nuscenes_mini_subset,scene-1094_009,tz,0.1,tz_10cm,13,Car,22.34,mid,84,100.0,5.8383
nuscenes_mini_subset,scene-1094_009,tz,0.1,tz_10cm,14,Pedestrian,11.22,near,23,100.0,11.4809
nuscenes_mini_subset,scene-1094_009,time,35.6,no_ego_motion,9,Car,27.62,mid,11,100.0,2.1819
nuscenes_mini_subset,scene-1094_009,time,35.6,no_ego_motion,13,Car,22.34,mid,84,100.0,1.6638
nuscenes_mini_subset,scene-1094_009,time,35.6,no_ego_motion,14,Pedestrian,11.22,near,23,100.0,1.8818
nuscenes_mini_subset,scene-1094_010,baseline,0.0,baseline,8,Car,26.39,mid,20,100.0,0.0
nuscenes_mini_subset,scene-1094_010,baseline,0.0,baseline,9,Pedestrian,17.92,mid,11,100.0,0.0
nuscenes_mini_subset,scene-1094_010,baseline,0.0,baseline,10,Car,18.75,mid,32,100.0,0.0
nuscenes_mini_subset,scene-1094_010,baseline,0.0,baseline,11,Car,21.46,mid,115,100.0,0.0
nuscenes_mini_subset,scene-1094_010,baseline,0.0,baseline,12,Pedestrian,10.32,near,34,100.0,0.0
nuscenes_mini_subset,scene-1094_010,yaw,0.5,yaw_0.5deg,8,Car,26.39,mid,20,100.0,11.4278
nuscenes_mini_subset,scene-1094_010,yaw,0.5,yaw_0.5deg,9,Pedestrian,17.92,mid,11,100.0,14.0224
nuscenes_mini_subset,scene-1094_010,yaw,0.5,yaw_0.5deg,10,Car,18.75,mid,32,100.0,14.0331
nuscenes_mini_subset,scene-1094_010,yaw,0.5,yaw_0.5deg,11,Car,21.46,mid,115,100.0,13.134
nuscenes_mini_subset,scene-1094_010,yaw,0.5,yaw_0.5deg,12,Pedestrian,10.32,near,34,100.0,11.7926
nuscenes_mini_subset,scene-1094_010,yaw,1.0,yaw_1deg,8,Car,26.39,mid,20,100.0,22.8752
nuscenes_mini_subset,scene-1094_010,yaw,1.0,yaw_1deg,9,Pedestrian,17.92,mid,11,100.0,27.9274
nuscenes_mini_subset,scene-1094_010,yaw,1.0,yaw_1deg,10,Car,18.75,mid,32,100.0,28.1881
nuscenes_mini_subset,scene-1094_010,yaw,1.0,yaw_1deg,11,Car,21.46,mid,115,100.0,26.361
nuscenes_mini_subset,scene-1094_010,yaw,1.0,yaw_1deg,12,Pedestrian,10.32,near,34,100.0,23.5884
nuscenes_mini_subset,scene-1094_010,yaw,2.0,yaw_2deg,8,Car,26.39,mid,20,90.0,45.8364
nuscenes_mini_subset,scene-1094_010,yaw,2.0,yaw_2deg,9,Pedestrian,17.92,mid,11,36.3636,55.3996
nuscenes_mini_subset,scene-1094_010,yaw,2.0,yaw_2deg,10,Car,18.75,mid,32,100.0,56.8798
nuscenes_mini_subset,scene-1094_010,yaw,2.0,yaw_2deg,11,Car,21.46,mid,115,95.6522,53.1065
nuscenes_mini_subset,scene-1094_010,yaw,2.0,yaw_2deg,12,Pedestrian,10.32,near,34,97.0588,47.1884
nuscenes_mini_subset,scene-1094_010,yaw,3.0,yaw_3deg,8,Car,26.39,mid,20,75.0,68.8985
nuscenes_mini_subset,scene-1094_010,yaw,3.0,yaw_3deg,9,Pedestrian,17.92,mid,11,0.0,82.4445
nuscenes_mini_subset,scene-1094_010,yaw,3.0,yaw_3deg,10,Car,18.75,mid,32,100.0,86.1076
nuscenes_mini_subset,scene-1094_010,yaw,3.0,yaw_3deg,11,Car,21.46,mid,115,91.3043,80.2626
nuscenes_mini_subset,scene-1094_010,yaw,3.0,yaw_3deg,12,Pedestrian,10.32,near,34,55.8824,70.8106
nuscenes_mini_subset,scene-1094_010,pitch,0.5,pitch_0.5deg,8,Car,26.39,mid,20,100.0,11.3387
nuscenes_mini_subset,scene-1094_010,pitch,0.5,pitch_0.5deg,9,Pedestrian,17.92,mid,11,90.9091,11.4767
nuscenes_mini_subset,scene-1094_010,pitch,0.5,pitch_0.5deg,10,Car,18.75,mid,32,100.0,11.4915
nuscenes_mini_subset,scene-1094_010,pitch,0.5,pitch_0.5deg,11,Car,21.46,mid,115,100.0,11.4257
nuscenes_mini_subset,scene-1094_010,pitch,0.5,pitch_0.5deg,12,Pedestrian,10.32,near,34,100.0,11.8022
nuscenes_mini_subset,scene-1094_010,pitch,1.0,pitch_1deg,8,Car,26.39,mid,20,100.0,22.6817
nuscenes_mini_subset,scene-1094_010,pitch,1.0,pitch_1deg,9,Pedestrian,17.92,mid,11,81.8182,22.964
nuscenes_mini_subset,scene-1094_010,pitch,1.0,pitch_1deg,10,Car,18.75,mid,32,62.5,22.9936
nuscenes_mini_subset,scene-1094_010,pitch,1.0,pitch_1deg,11,Car,21.46,mid,115,86.087,22.851
nuscenes_mini_subset,scene-1094_010,pitch,1.0,pitch_1deg,12,Pedestrian,10.32,near,34,100.0,23.6125
nuscenes_mini_subset,scene-1094_010,pitch,2.0,pitch_2deg,8,Car,26.39,mid,20,20.0,45.3883
nuscenes_mini_subset,scene-1094_010,pitch,2.0,pitch_2deg,9,Pedestrian,17.92,mid,11,63.6364,45.9788
nuscenes_mini_subset,scene-1094_010,pitch,2.0,pitch_2deg,10,Car,18.75,mid,32,62.5,46.0377
nuscenes_mini_subset,scene-1094_010,pitch,2.0,pitch_2deg,11,Car,21.46,mid,115,86.087,45.7018
nuscenes_mini_subset,scene-1094_010,pitch,2.0,pitch_2deg,12,Pedestrian,10.32,near,34,85.2941,47.2658
nuscenes_mini_subset,scene-1094_010,pitch,3.0,pitch_3deg,8,Car,26.39,mid,20,0.0,68.1342
nuscenes_mini_subset,scene-1094_010,pitch,3.0,pitch_3deg,9,Pedestrian,17.92,mid,11,63.6364,69.0607
nuscenes_mini_subset,scene-1094_010,pitch,3.0,pitch_3deg,10,Car,18.75,mid,32,21.875,69.1487
nuscenes_mini_subset,scene-1094_010,pitch,3.0,pitch_3deg,11,Car,21.46,mid,115,68.6957,68.5505
nuscenes_mini_subset,scene-1094_010,pitch,3.0,pitch_3deg,12,Pedestrian,10.32,near,34,85.2941,70.9875
nuscenes_mini_subset,scene-1094_010,roll,0.5,roll_0.5deg,8,Car,26.39,mid,20,100.0,0.9734
nuscenes_mini_subset,scene-1094_010,roll,0.5,roll_0.5deg,9,Pedestrian,17.92,mid,11,100.0,5.3962
nuscenes_mini_subset,scene-1094_010,roll,0.5,roll_0.5deg,10,Car,18.75,mid,32,100.0,5.2607
nuscenes_mini_subset,scene-1094_010,roll,0.5,roll_0.5deg,11,Car,21.46,mid,115,100.0,4.2839
nuscenes_mini_subset,scene-1094_010,roll,0.5,roll_0.5deg,12,Pedestrian,10.32,near,34,100.0,0.5417
nuscenes_mini_subset,scene-1094_010,roll,1.0,roll_1deg,8,Car,26.39,mid,20,100.0,1.9468
nuscenes_mini_subset,scene-1094_010,roll,1.0,roll_1deg,9,Pedestrian,17.92,mid,11,100.0,10.7928
nuscenes_mini_subset,scene-1094_010,roll,1.0,roll_1deg,10,Car,18.75,mid,32,100.0,10.521
nuscenes_mini_subset,scene-1094_010,roll,1.0,roll_1deg,11,Car,21.46,mid,115,100.0,8.5675
nuscenes_mini_subset,scene-1094_010,roll,1.0,roll_1deg,12,Pedestrian,10.32,near,34,100.0,1.0833
nuscenes_mini_subset,scene-1094_010,roll,2.0,roll_2deg,8,Car,26.39,mid,20,100.0,3.8934
nuscenes_mini_subset,scene-1094_010,roll,2.0,roll_2deg,9,Pedestrian,17.92,mid,11,81.8182,21.5865
nuscenes_mini_subset,scene-1094_010,roll,2.0,roll_2deg,10,Car,18.75,mid,32,100.0,21.0395
nuscenes_mini_subset,scene-1094_010,roll,2.0,roll_2deg,11,Car,21.46,mid,115,100.0,17.1332
nuscenes_mini_subset,scene-1094_010,roll,2.0,roll_2deg,12,Pedestrian,10.32,near,34,100.0,2.1666
nuscenes_mini_subset,scene-1094_010,roll,3.0,roll_3deg,8,Car,26.39,mid,20,100.0,5.8396
nuscenes_mini_subset,scene-1094_010,roll,3.0,roll_3deg,9,Pedestrian,17.92,mid,11,81.8182,32.3803
nuscenes_mini_subset,scene-1094_010,roll,3.0,roll_3deg,10,Car,18.75,mid,32,78.125,31.5547
nuscenes_mini_subset,scene-1094_010,roll,3.0,roll_3deg,11,Car,21.46,mid,115,100.0,25.6965
nuscenes_mini_subset,scene-1094_010,roll,3.0,roll_3deg,12,Pedestrian,10.32,near,34,100.0,3.2497
nuscenes_mini_subset,scene-1094_010,tx,0.02,tx_2cm,8,Car,26.39,mid,20,100.0,0.0876
nuscenes_mini_subset,scene-1094_010,tx,0.02,tx_2cm,9,Pedestrian,17.92,mid,11,100.0,0.692
nuscenes_mini_subset,scene-1094_010,tx,0.02,tx_2cm,10,Car,18.75,mid,32,100.0,0.6499
nuscenes_mini_subset,scene-1094_010,tx,0.02,tx_2cm,11,Car,21.46,mid,115,100.0,0.4827
nuscenes_mini_subset,scene-1094_010,tx,0.02,tx_2cm,12,Pedestrian,10.32,near,34,100.0,0.0937
nuscenes_mini_subset,scene-1094_010,tx,0.05,tx_5cm,8,Car,26.39,mid,20,100.0,0.2189
nuscenes_mini_subset,scene-1094_010,tx,0.05,tx_5cm,9,Pedestrian,17.92,mid,11,100.0,1.727
nuscenes_mini_subset,scene-1094_010,tx,0.05,tx_5cm,10,Car,18.75,mid,32,100.0,1.6221
nuscenes_mini_subset,scene-1094_010,tx,0.05,tx_5cm,11,Car,21.46,mid,115,100.0,1.2049
nuscenes_mini_subset,scene-1094_010,tx,0.05,tx_5cm,12,Pedestrian,10.32,near,34,100.0,0.2335
nuscenes_mini_subset,scene-1094_010,tx,0.1,tx_10cm,8,Car,26.39,mid,20,100.0,0.4369
nuscenes_mini_subset,scene-1094_010,tx,0.1,tx_10cm,9,Pedestrian,17.92,mid,11,100.0,3.4444
nuscenes_mini_subset,scene-1094_010,tx,0.1,tx_10cm,10,Car,18.75,mid,32,100.0,3.2353
nuscenes_mini_subset,scene-1094_010,tx,0.1,tx_10cm,11,Car,21.46,mid,115,100.0,2.4039
nuscenes_mini_subset,scene-1094_010,tx,0.1,tx_10cm,12,Pedestrian,10.32,near,34,100.0,0.4647
nuscenes_mini_subset,scene-1094_010,ty,0.02,ty_2cm,8,Car,26.39,mid,20,100.0,0.9738
nuscenes_mini_subset,scene-1094_010,ty,0.02,ty_2cm,9,Pedestrian,17.92,mid,11,100.0,1.4189
nuscenes_mini_subset,scene-1094_010,ty,0.02,ty_2cm,10,Car,18.75,mid,32,100.0,1.3968
nuscenes_mini_subset,scene-1094_010,ty,0.02,ty_2cm,11,Car,21.46,mid,115,100.0,1.234
nuscenes_mini_subset,scene-1094_010,ty,0.02,ty_2cm,12,Pedestrian,10.32,near,34,100.0,2.4793
nuscenes_mini_subset,scene-1094_010,ty,0.05,ty_5cm,8,Car,26.39,mid,20,100.0,2.4346
nuscenes_mini_subset,scene-1094_010,ty,0.05,ty_5cm,9,Pedestrian,17.92,mid,11,100.0,3.5471
nuscenes_mini_subset,scene-1094_010,ty,0.05,ty_5cm,10,Car,18.75,mid,32,100.0,3.492
nuscenes_mini_subset,scene-1094_010,ty,0.05,ty_5cm,11,Car,21.46,mid,115,100.0,3.085
nuscenes_mini_subset,scene-1094_010,ty,0.05,ty_5cm,12,Pedestrian,10.32,near,34,100.0,6.1982
nuscenes_mini_subset,scene-1094_010,ty,0.1,ty_10cm,8,Car,26.39,mid,20,100.0,4.8693
nuscenes_mini_subset,scene-1094_010,ty,0.1,ty_10cm,9,Pedestrian,17.92,mid,11,100.0,7.0943
nuscenes_mini_subset,scene-1094_010,ty,0.1,ty_10cm,10,Car,18.75,mid,32,100.0,6.9841
nuscenes_mini_subset,scene-1094_010,ty,0.1,ty_10cm,11,Car,21.46,mid,115,100.0,6.17
nuscenes_mini_subset,scene-1094_010,ty,0.1,ty_10cm,12,Pedestrian,10.32,near,34,100.0,12.3966
nuscenes_mini_subset,scene-1094_010,tz,0.02,tz_2cm,8,Car,26.39,mid,20,100.0,0.9734
nuscenes_mini_subset,scene-1094_010,tz,0.02,tz_2cm,9,Pedestrian,17.92,mid,11,100.0,1.4199
nuscenes_mini_subset,scene-1094_010,tz,0.02,tz_2cm,10,Car,18.75,mid,32,100.0,1.3966
nuscenes_mini_subset,scene-1094_010,tz,0.02,tz_2cm,11,Car,21.46,mid,115,100.0,1.2319
nuscenes_mini_subset,scene-1094_010,tz,0.02,tz_2cm,12,Pedestrian,10.32,near,34,100.0,2.4818
nuscenes_mini_subset,scene-1094_010,tz,0.05,tz_5cm,8,Car,26.39,mid,20,100.0,2.4335
nuscenes_mini_subset,scene-1094_010,tz,0.05,tz_5cm,9,Pedestrian,17.92,mid,11,100.0,3.5496
nuscenes_mini_subset,scene-1094_010,tz,0.05,tz_5cm,10,Car,18.75,mid,32,100.0,3.4914
nuscenes_mini_subset,scene-1094_010,tz,0.05,tz_5cm,11,Car,21.46,mid,115,100.0,3.0796
nuscenes_mini_subset,scene-1094_010,tz,0.05,tz_5cm,12,Pedestrian,10.32,near,34,100.0,6.2041
nuscenes_mini_subset,scene-1094_010,tz,0.1,tz_10cm,8,Car,26.39,mid,20,100.0,4.8668
nuscenes_mini_subset,scene-1094_010,tz,0.1,tz_10cm,9,Pedestrian,17.92,mid,11,100.0,7.0988
nuscenes_mini_subset,scene-1094_010,tz,0.1,tz_10cm,10,Car,18.75,mid,32,100.0,6.9823
nuscenes_mini_subset,scene-1094_010,tz,0.1,tz_10cm,11,Car,21.46,mid,115,100.0,6.1588
nuscenes_mini_subset,scene-1094_010,tz,0.1,tz_10cm,12,Pedestrian,10.32,near,34,100.0,12.407
nuscenes_mini_subset,scene-1094_010,time,35.0,no_ego_motion,8,Car,26.39,mid,20,100.0,6.6576
nuscenes_mini_subset,scene-1094_010,time,35.0,no_ego_motion,9,Pedestrian,17.92,mid,11,90.9091,11.9979
nuscenes_mini_subset,scene-1094_010,time,35.0,no_ego_motion,10,Car,18.75,mid,32,100.0,5.5078
nuscenes_mini_subset,scene-1094_010,time,35.0,no_ego_motion,11,Car,21.46,mid,115,100.0,5.8385
nuscenes_mini_subset,scene-1094_010,time,35.0,no_ego_motion,12,Pedestrian,10.32,near,34,100.0,7.3799
nuscenes_mini_subset,scene-1094_011,baseline,0.0,baseline,0,Car,14.99,near,89,98.8764,0.0
nuscenes_mini_subset,scene-1094_011,baseline,0.0,baseline,9,Car,25.11,mid,31,100.0,0.0
nuscenes_mini_subset,scene-1094_011,baseline,0.0,baseline,10,Car,18.36,mid,25,100.0,0.0
nuscenes_mini_subset,scene-1094_011,baseline,0.0,baseline,11,Car,20.98,mid,121,100.0,0.0
nuscenes_mini_subset,scene-1094_011,baseline,0.0,baseline,12,Pedestrian,9.29,near,40,100.0,0.0
nuscenes_mini_subset,scene-1094_011,yaw,0.5,yaw_0.5deg,0,Car,14.99,near,89,94.382,14.7528
nuscenes_mini_subset,scene-1094_011,yaw,0.5,yaw_0.5deg,9,Car,25.11,mid,31,100.0,11.3578
nuscenes_mini_subset,scene-1094_011,yaw,0.5,yaw_0.5deg,10,Car,18.36,mid,25,100.0,13.2483
nuscenes_mini_subset,scene-1094_011,yaw,0.5,yaw_0.5deg,11,Car,20.98,mid,121,100.0,12.4064
nuscenes_mini_subset,scene-1094_011,yaw,0.5,yaw_0.5deg,12,Pedestrian,9.29,near,40,100.0,12.0884
nuscenes_mini_subset,scene-1094_011,yaw,1.0,yaw_1deg,0,Car,14.99,near,89,88.764,29.5177
nuscenes_mini_subset,scene-1094_011,yaw,1.0,yaw_1deg,9,Car,25.11,mid,31,100.0,22.7158
nuscenes_mini_subset,scene-1094_011,yaw,1.0,yaw_1deg,10,Car,18.36,mid,25,100.0,26.592
nuscenes_mini_subset,scene-1094_011,yaw,1.0,yaw_1deg,11,Car,20.98,mid,121,98.3471,24.8792
nuscenes_mini_subset,scene-1094_011,yaw,1.0,yaw_1deg,12,Pedestrian,9.29,near,40,97.5,24.146
nuscenes_mini_subset,scene-1094_011,yaw,2.0,yaw_2deg,0,Car,14.99,near,89,76.4045,58.9296
nuscenes_mini_subset,scene-1094_011,yaw,2.0,yaw_2deg,9,Car,25.11,mid,31,90.3226,45.4446
nuscenes_mini_subset,scene-1094_011,yaw,2.0,yaw_2deg,10,Car,18.36,mid,25,100.0,53.578
nuscenes_mini_subset,scene-1094_011,yaw,2.0,yaw_2deg,11,Car,20.98,mid,121,94.2149,50.0341
nuscenes_mini_subset,scene-1094_011,yaw,2.0,yaw_2deg,12,Pedestrian,9.29,near,40,80.0,48.1774
nuscenes_mini_subset,scene-1094_011,yaw,3.0,yaw_3deg,0,Car,14.99,near,89,68.5393,88.8442
nuscenes_mini_subset,scene-1094_011,yaw,3.0,yaw_3deg,9,Car,25.11,mid,31,77.4194,68.1773
nuscenes_mini_subset,scene-1094_011,yaw,3.0,yaw_3deg,10,Car,18.36,mid,25,100.0,80.9845
nuscenes_mini_subset,scene-1094_011,yaw,3.0,yaw_3deg,11,Car,20.98,mid,121,89.2562,75.4857
nuscenes_mini_subset,scene-1094_011,yaw,3.0,yaw_3deg,12,Pedestrian,9.29,near,40,37.5,72.1111
nuscenes_mini_subset,scene-1094_011,pitch,0.5,pitch_0.5deg,0,Car,14.99,near,89,98.8764,11.6355
nuscenes_mini_subset,scene-1094_011,pitch,0.5,pitch_0.5deg,9,Car,25.11,mid,31,74.1935,11.3522
nuscenes_mini_subset,scene-1094_011,pitch,0.5,pitch_0.5deg,10,Car,18.36,mid,25,100.0,11.5153
nuscenes_mini_subset,scene-1094_011,pitch,0.5,pitch_0.5deg,11,Car,20.98,mid,121,100.0,11.4461
nuscenes_mini_subset,scene-1094_011,pitch,0.5,pitch_0.5deg,12,Pedestrian,9.29,near,40,100.0,11.8623
nuscenes_mini_subset,scene-1094_011,pitch,1.0,pitch_1deg,0,Car,14.99,near,89,98.8764,23.2807
nuscenes_mini_subset,scene-1094_011,pitch,1.0,pitch_1deg,9,Car,25.11,mid,31,74.1935,22.7087
nuscenes_mini_subset,scene-1094_011,pitch,1.0,pitch_1deg,10,Car,18.36,mid,25,100.0,23.0408
nuscenes_mini_subset,scene-1094_011,pitch,1.0,pitch_1deg,11,Car,20.98,mid,121,100.0,22.8925
nuscenes_mini_subset,scene-1094_011,pitch,1.0,pitch_1deg,12,Pedestrian,9.29,near,40,100.0,23.7329
nuscenes_mini_subset,scene-1094_011,pitch,2.0,pitch_2deg,0,Car,14.99,near,89,83.1461,46.6063
nuscenes_mini_subset,scene-1094_011,pitch,2.0,pitch_2deg,9,Car,25.11,mid,31,9.6774,45.4421
nuscenes_mini_subset,scene-1094_011,pitch,2.0,pitch_2deg,10,Car,18.36,mid,25,52.0,46.1299
nuscenes_mini_subset,scene-1094_011,pitch,2.0,pitch_2deg,11,Car,20.98,mid,121,84.2975,45.7856
nuscenes_mini_subset,scene-1094_011,pitch,2.0,pitch_2deg,12,Pedestrian,9.29,near,40,92.5,47.508
nuscenes_mini_subset,scene-1094_011,pitch,3.0,pitch_3deg,0,Car,14.99,near,89,82.0225,70.0121
nuscenes_mini_subset,scene-1094_011,pitch,3.0,pitch_3deg,9,Car,25.11,mid,31,9.6774,68.2146
nuscenes_mini_subset,scene-1094_011,pitch,3.0,pitch_3deg,10,Car,18.36,mid,25,28.0,69.2834
nuscenes_mini_subset,scene-1094_011,pitch,3.0,pitch_3deg,11,Car,20.98,mid,121,67.7686,68.7057
nuscenes_mini_subset,scene-1094_011,pitch,3.0,pitch_3deg,12,Pedestrian,9.29,near,40,82.5,71.342
nuscenes_mini_subset,scene-1094_011,roll,0.5,roll_0.5deg,0,Car,14.99,near,89,98.8764,5.856
nuscenes_mini_subset,scene-1094_011,roll,0.5,roll_0.5deg,9,Car,25.11,mid,31,100.0,0.3421
nuscenes_mini_subset,scene-1094_011,roll,0.5,roll_0.5deg,10,Car,18.36,mid,25,100.0,4.3393
nuscenes_mini_subset,scene-1094_011,roll,0.5,roll_0.5deg,11,Car,20.98,mid,121,100.0,3.2089
nuscenes_mini_subset,scene-1094_011,roll,0.5,roll_0.5deg,12,Pedestrian,9.29,near,40,100.0,1.9282
nuscenes_mini_subset,scene-1094_011,roll,1.0,roll_1deg,0,Car,14.99,near,89,98.8764,11.7113
nuscenes_mini_subset,scene-1094_011,roll,1.0,roll_1deg,9,Car,25.11,mid,31,100.0,0.6842
nuscenes_mini_subset,scene-1094_011,roll,1.0,roll_1deg,10,Car,18.36,mid,25,100.0,8.6782
nuscenes_mini_subset,scene-1094_011,roll,1.0,roll_1deg,11,Car,20.98,mid,121,100.0,6.4176
nuscenes_mini_subset,scene-1094_011,roll,1.0,roll_1deg,12,Pedestrian,9.29,near,40,100.0,3.8564
nuscenes_mini_subset,scene-1094_011,roll,2.0,roll_2deg,0,Car,14.99,near,89,98.8764,23.4197
nuscenes_mini_subset,scene-1094_011,roll,2.0,roll_2deg,9,Car,25.11,mid,31,100.0,1.3683
nuscenes_mini_subset,scene-1094_011,roll,2.0,roll_2deg,10,Car,18.36,mid,25,100.0,17.3546
nuscenes_mini_subset,scene-1094_011,roll,2.0,roll_2deg,11,Car,20.98,mid,121,100.0,12.834
nuscenes_mini_subset,scene-1094_011,roll,2.0,roll_2deg,12,Pedestrian,9.29,near,40,100.0,7.7127
nuscenes_mini_subset,scene-1094_011,roll,3.0,roll_3deg,0,Car,14.99,near,89,80.8989,35.1243
nuscenes_mini_subset,scene-1094_011,roll,3.0,roll_3deg,9,Car,25.11,mid,31,100.0,2.0523
nuscenes_mini_subset,scene-1094_011,roll,3.0,roll_3deg,10,Car,18.36,mid,25,72.0,26.0285
nuscenes_mini_subset,scene-1094_011,roll,3.0,roll_3deg,11,Car,20.98,mid,121,100.0,19.249
nuscenes_mini_subset,scene-1094_011,roll,3.0,roll_3deg,12,Pedestrian,9.29,near,40,100.0,11.5686
nuscenes_mini_subset,scene-1094_011,tx,0.02,tx_2cm,0,Car,14.99,near,89,98.8764,0.9845
nuscenes_mini_subset,scene-1094_011,tx,0.02,tx_2cm,9,Car,25.11,mid,31,100.0,0.039
nuscenes_mini_subset,scene-1094_011,tx,0.02,tx_2cm,10,Car,18.36,mid,25,100.0,0.5563
nuscenes_mini_subset,scene-1094_011,tx,0.02,tx_2cm,11,Car,20.98,mid,121,100.0,0.3726
nuscenes_mini_subset,scene-1094_011,tx,0.02,tx_2cm,12,Pedestrian,9.29,near,40,100.0,0.4618
nuscenes_mini_subset,scene-1094_011,tx,0.05,tx_5cm,0,Car,14.99,near,89,98.8764,2.4559
nuscenes_mini_subset,scene-1094_011,tx,0.05,tx_5cm,9,Car,25.11,mid,31,100.0,0.0973
nuscenes_mini_subset,scene-1094_011,tx,0.05,tx_5cm,10,Car,18.36,mid,25,100.0,1.3885
nuscenes_mini_subset,scene-1094_011,tx,0.05,tx_5cm,11,Car,20.98,mid,121,100.0,0.9301
nuscenes_mini_subset,scene-1094_011,tx,0.05,tx_5cm,12,Pedestrian,9.29,near,40,100.0,1.1509
nuscenes_mini_subset,scene-1094_011,tx,0.1,tx_10cm,0,Car,14.99,near,89,98.8764,4.894
nuscenes_mini_subset,scene-1094_011,tx,0.1,tx_10cm,9,Car,25.11,mid,31,100.0,0.1941
nuscenes_mini_subset,scene-1094_011,tx,0.1,tx_10cm,10,Car,18.36,mid,25,100.0,2.7696
nuscenes_mini_subset,scene-1094_011,tx,0.1,tx_10cm,11,Car,20.98,mid,121,100.0,1.8554
nuscenes_mini_subset,scene-1094_011,tx,0.1,tx_10cm,12,Pedestrian,9.29,near,40,100.0,2.2895
nuscenes_mini_subset,scene-1094_011,ty,0.02,ty_2cm,0,Car,14.99,near,89,97.7528,1.8289
nuscenes_mini_subset,scene-1094_011,ty,0.02,ty_2cm,9,Car,25.11,mid,31,100.0,1.0239
nuscenes_mini_subset,scene-1094_011,ty,0.02,ty_2cm,10,Car,18.36,mid,25,100.0,1.4461
nuscenes_mini_subset,scene-1094_011,ty,0.02,ty_2cm,11,Car,20.98,mid,121,100.0,1.2726
nuscenes_mini_subset,scene-1094_011,ty,0.02,ty_2cm,12,Pedestrian,9.29,near,40,100.0,2.715
nuscenes_mini_subset,scene-1094_011,ty,0.05,ty_5cm,0,Car,14.99,near,89,96.6292,4.5754
nuscenes_mini_subset,scene-1094_011,ty,0.05,ty_5cm,9,Car,25.11,mid,31,100.0,2.5597
nuscenes_mini_subset,scene-1094_011,ty,0.05,ty_5cm,10,Car,18.36,mid,25,100.0,3.6152
nuscenes_mini_subset,scene-1094_011,ty,0.05,ty_5cm,11,Car,20.98,mid,121,100.0,3.1814
nuscenes_mini_subset,scene-1094_011,ty,0.05,ty_5cm,12,Pedestrian,9.29,near,40,100.0,6.7877
nuscenes_mini_subset,scene-1094_011,ty,0.1,ty_10cm,0,Car,14.99,near,89,96.6292,9.1509
nuscenes_mini_subset,scene-1094_011,ty,0.1,ty_10cm,9,Car,25.11,mid,31,100.0,5.1194
nuscenes_mini_subset,scene-1094_011,ty,0.1,ty_10cm,10,Car,18.36,mid,25,100.0,7.2305
nuscenes_mini_subset,scene-1094_011,ty,0.1,ty_10cm,11,Car,20.98,mid,121,100.0,6.363
nuscenes_mini_subset,scene-1094_011,ty,0.1,ty_10cm,12,Pedestrian,9.29,near,40,100.0,13.5758
nuscenes_mini_subset,scene-1094_011,tz,0.02,tz_2cm,0,Car,14.99,near,89,98.8764,1.8223
nuscenes_mini_subset,scene-1094_011,tz,0.02,tz_2cm,9,Car,25.11,mid,31,100.0,1.0239
nuscenes_mini_subset,scene-1094_011,tz,0.02,tz_2cm,10,Car,18.36,mid,25,100.0,1.4432
nuscenes_mini_subset,scene-1094_011,tz,0.02,tz_2cm,11,Car,20.98,mid,121,100.0,1.2701
nuscenes_mini_subset,scene-1094_011,tz,0.02,tz_2cm,12,Pedestrian,9.29,near,40,100.0,2.7208
nuscenes_mini_subset,scene-1094_011,tz,0.05,tz_5cm,0,Car,14.99,near,89,98.8764,4.5555
nuscenes_mini_subset,scene-1094_011,tz,0.05,tz_5cm,9,Car,25.11,mid,31,100.0,2.5596
nuscenes_mini_subset,scene-1094_011,tz,0.05,tz_5cm,10,Car,18.36,mid,25,100.0,3.6078
nuscenes_mini_subset,scene-1094_011,tz,0.05,tz_5cm,11,Car,20.98,mid,121,100.0,3.1752
nuscenes_mini_subset,scene-1094_011,tz,0.05,tz_5cm,12,Pedestrian,9.29,near,40,100.0,6.8015
nuscenes_mini_subset,scene-1094_011,tz,0.1,tz_10cm,0,Car,14.99,near,89,98.8764,9.1104
nuscenes_mini_subset,scene-1094_011,tz,0.1,tz_10cm,9,Car,25.11,mid,31,100.0,5.119
nuscenes_mini_subset,scene-1094_011,tz,0.1,tz_10cm,10,Car,18.36,mid,25,100.0,7.2152
nuscenes_mini_subset,scene-1094_011,tz,0.1,tz_10cm,11,Car,20.98,mid,121,100.0,6.35
nuscenes_mini_subset,scene-1094_011,tz,0.1,tz_10cm,12,Pedestrian,9.29,near,40,100.0,13.6017
nuscenes_mini_subset,scene-1094_011,time,34.9,no_ego_motion,0,Car,14.99,near,89,100.0,9.2092
nuscenes_mini_subset,scene-1094_011,time,34.9,no_ego_motion,9,Car,25.11,mid,31,100.0,11.1736
nuscenes_mini_subset,scene-1094_011,time,34.9,no_ego_motion,10,Car,18.36,mid,25,100.0,9.9698
nuscenes_mini_subset,scene-1094_011,time,34.9,no_ego_motion,11,Car,20.98,mid,121,100.0,10.2228
nuscenes_mini_subset,scene-1094_011,time,34.9,no_ego_motion,12,Pedestrian,9.29,near,40,100.0,12.4061
nuscenes_mini_subset,scene-1094_012,baseline,0.0,baseline,0,Car,14.88,near,125,100.0,0.0
nuscenes_mini_subset,scene-1094_012,baseline,0.0,baseline,9,Car,22.16,mid,15,100.0,0.0
nuscenes_mini_subset,scene-1094_012,baseline,0.0,baseline,10,Car,23.35,mid,27,100.0,0.0
nuscenes_mini_subset,scene-1094_012,baseline,0.0,baseline,11,Car,18.09,mid,24,100.0,0.0
nuscenes_mini_subset,scene-1094_012,baseline,0.0,baseline,12,Car,20.5,mid,121,100.0,0.0
nuscenes_mini_subset,scene-1094_012,baseline,0.0,baseline,13,Pedestrian,7.94,near,47,100.0,0.0
nuscenes_mini_subset,scene-1094_012,yaw,0.5,yaw_0.5deg,0,Car,14.88,near,125,99.2,13.2371
nuscenes_mini_subset,scene-1094_012,yaw,0.5,yaw_0.5deg,9,Car,22.16,mid,15,100.0,14.331
nuscenes_mini_subset,scene-1094_012,yaw,0.5,yaw_0.5deg,10,Car,23.35,mid,27,100.0,11.913
nuscenes_mini_subset,scene-1094_012,yaw,0.5,yaw_0.5deg,11,Car,18.09,mid,24,100.0,12.0232
nuscenes_mini_subset,scene-1094_012,yaw,0.5,yaw_0.5deg,12,Car,20.5,mid,121,100.0,11.6459
nuscenes_mini_subset,scene-1094_012,yaw,0.5,yaw_0.5deg,13,Pedestrian,7.94,near,47,100.0,14.0983
nuscenes_mini_subset,scene-1094_012,yaw,1.0,yaw_1deg,0,Car,14.88,near,125,96.8,26.5668
nuscenes_mini_subset,scene-1094_012,yaw,1.0,yaw_1deg,9,Car,22.16,mid,15,93.3333,28.7945
nuscenes_mini_subset,scene-1094_012,yaw,1.0,yaw_1deg,10,Car,23.35,mid,27,100.0,23.7808
nuscenes_mini_subset,scene-1094_012,yaw,1.0,yaw_1deg,11,Car,18.09,mid,24,100.0,24.0949
nuscenes_mini_subset,scene-1094_012,yaw,1.0,yaw_1deg,12,Car,20.5,mid,121,100.0,23.3212
nuscenes_mini_subset,scene-1094_012,yaw,1.0,yaw_1deg,13,Pedestrian,7.94,near,47,100.0,28.0876
nuscenes_mini_subset,scene-1094_012,yaw,2.0,yaw_2deg,0,Car,14.88,near,125,85.6,53.5167
nuscenes_mini_subset,scene-1094_012,yaw,2.0,yaw_2deg,9,Car,22.16,mid,15,60.0,58.1355
nuscenes_mini_subset,scene-1094_012,yaw,2.0,yaw_2deg,10,Car,23.35,mid,27,92.5926,47.3889
nuscenes_mini_subset,scene-1094_012,yaw,2.0,yaw_2deg,11,Car,18.09,mid,24,100.0,48.393
nuscenes_mini_subset,scene-1094_012,yaw,2.0,yaw_2deg,12,Car,20.5,mid,121,97.5207,46.7677
nuscenes_mini_subset,scene-1094_012,yaw,2.0,yaw_2deg,13,Pedestrian,7.94,near,47,95.7447,55.7535
nuscenes_mini_subset,scene-1094_012,yaw,3.0,yaw_3deg,0,Car,14.88,near,125,72.0,80.8706
nuscenes_mini_subset,scene-1094_012,yaw,3.0,yaw_3deg,9,Car,22.16,mid,15,40.0,88.0578
nuscenes_mini_subset,scene-1094_012,yaw,3.0,yaw_3deg,10,Car,23.35,mid,27,81.4815,70.8413
nuscenes_mini_subset,scene-1094_012,yaw,3.0,yaw_3deg,11,Car,18.09,mid,24,100.0,72.9127
nuscenes_mini_subset,scene-1094_012,yaw,3.0,yaw_3deg,12,Car,20.5,mid,121,91.7355,70.3556
nuscenes_mini_subset,scene-1094_012,yaw,3.0,yaw_3deg,13,Pedestrian,7.94,near,47,70.2128,83.0254
nuscenes_mini_subset,scene-1094_012,pitch,0.5,pitch_0.5deg,0,Car,14.88,near,125,100.0,11.6492
nuscenes_mini_subset,scene-1094_012,pitch,0.5,pitch_0.5deg,9,Car,22.16,mid,15,100.0,11.4595
nuscenes_mini_subset,scene-1094_012,pitch,0.5,pitch_0.5deg,10,Car,23.35,mid,27,100.0,11.3576
nuscenes_mini_subset,scene-1094_012,pitch,0.5,pitch_0.5deg,11,Car,18.09,mid,24,100.0,11.5489
nuscenes_mini_subset,scene-1094_012,pitch,0.5,pitch_0.5deg,12,Car,20.5,mid,121,100.0,11.4497
nuscenes_mini_subset,scene-1094_012,pitch,0.5,pitch_0.5deg,13,Pedestrian,7.94,near,47,100.0,11.9818
nuscenes_mini_subset,scene-1094_012,pitch,1.0,pitch_1deg,0,Car,14.88,near,125,100.0,23.3081
nuscenes_mini_subset,scene-1094_012,pitch,1.0,pitch_1deg,9,Car,22.16,mid,15,100.0,22.93
nuscenes_mini_subset,scene-1094_012,pitch,1.0,pitch_1deg,10,Car,23.35,mid,27,100.0,22.7196
nuscenes_mini_subset,scene-1094_012,pitch,1.0,pitch_1deg,11,Car,18.09,mid,24,100.0,23.112
nuscenes_mini_subset,scene-1094_012,pitch,1.0,pitch_1deg,12,Car,20.5,mid,121,100.0,22.8998
nuscenes_mini_subset,scene-1094_012,pitch,1.0,pitch_1deg,13,Pedestrian,7.94,near,47,100.0,23.9729
nuscenes_mini_subset,scene-1094_012,pitch,2.0,pitch_2deg,0,Car,14.88,near,125,100.0,46.6634
nuscenes_mini_subset,scene-1094_012,pitch,2.0,pitch_2deg,9,Car,22.16,mid,15,26.6667,45.9118
nuscenes_mini_subset,scene-1094_012,pitch,2.0,pitch_2deg,10,Car,23.35,mid,27,7.4074,45.4641
nuscenes_mini_subset,scene-1094_012,pitch,2.0,pitch_2deg,11,Car,18.09,mid,24,33.3333,46.2886
nuscenes_mini_subset,scene-1094_012,pitch,2.0,pitch_2deg,12,Car,20.5,mid,121,85.124,45.7997
nuscenes_mini_subset,scene-1094_012,pitch,2.0,pitch_2deg,13,Pedestrian,7.94,near,47,100.0,47.9921
nuscenes_mini_subset,scene-1094_012,pitch,3.0,pitch_3deg,0,Car,14.88,near,125,78.4,70.0823
nuscenes_mini_subset,scene-1094_012,pitch,3.0,pitch_3deg,9,Car,22.16,mid,15,26.6667,68.9619
nuscenes_mini_subset,scene-1094_012,pitch,3.0,pitch_3deg,10,Car,23.35,mid,27,7.4074,68.2484
nuscenes_mini_subset,scene-1094_012,pitch,3.0,pitch_3deg,11,Car,18.09,mid,24,29.1667,69.5453
nuscenes_mini_subset,scene-1094_012,pitch,3.0,pitch_3deg,12,Car,20.5,mid,121,68.595,68.7093
nuscenes_mini_subset,scene-1094_012,pitch,3.0,pitch_3deg,13,Pedestrian,7.94,near,47,89.3617,72.0775
nuscenes_mini_subset,scene-1094_012,roll,0.5,roll_0.5deg,0,Car,14.88,near,125,100.0,4.0917
nuscenes_mini_subset,scene-1094_012,roll,0.5,roll_0.5deg,9,Car,22.16,mid,15,100.0,5.5444
nuscenes_mini_subset,scene-1094_012,roll,0.5,roll_0.5deg,10,Car,23.35,mid,27,100.0,2.5744
nuscenes_mini_subset,scene-1094_012,roll,0.5,roll_0.5deg,11,Car,18.09,mid,24,100.0,2.3404
nuscenes_mini_subset,scene-1094_012,roll,0.5,roll_0.5deg,12,Car,20.5,mid,121,100.0,1.4093
nuscenes_mini_subset,scene-1094_012,roll,0.5,roll_0.5deg,13,Pedestrian,7.94,near,47,100.0,5.0698
nuscenes_mini_subset,scene-1094_012,roll,1.0,roll_1deg,0,Car,14.88,near,125,100.0,8.183
nuscenes_mini_subset,scene-1094_012,roll,1.0,roll_1deg,9,Car,22.16,mid,15,100.0,11.0883
nuscenes_mini_subset,scene-1094_012,roll,1.0,roll_1deg,10,Car,23.35,mid,27,100.0,5.1489
nuscenes_mini_subset,scene-1094_012,roll,1.0,roll_1deg,11,Car,18.09,mid,24,100.0,4.6807
nuscenes_mini_subset,scene-1094_012,roll,1.0,roll_1deg,12,Car,20.5,mid,121,100.0,2.8185
nuscenes_mini_subset,scene-1094_012,roll,1.0,roll_1deg,13,Pedestrian,7.94,near,47,100.0,10.1399
nuscenes_mini_subset,scene-1094_012,roll,2.0,roll_2deg,0,Car,14.88,near,125,100.0,16.3645
nuscenes_mini_subset,scene-1094_012,roll,2.0,roll_2deg,9,Car,22.16,mid,15,100.0,22.1739
nuscenes_mini_subset,scene-1094_012,roll,2.0,roll_2deg,10,Car,23.35,mid,27,100.0,10.2977
nuscenes_mini_subset,scene-1094_012,roll,2.0,roll_2deg,11,Car,18.09,mid,24,100.0,9.3607
nuscenes_mini_subset,scene-1094_012,roll,2.0,roll_2deg,12,Car,20.5,mid,121,100.0,5.6367
nuscenes_mini_subset,scene-1094_012,roll,2.0,roll_2deg,13,Pedestrian,7.94,near,47,100.0,20.2806
nuscenes_mini_subset,scene-1094_012,roll,3.0,roll_3deg,0,Car,14.88,near,125,100.0,24.5437
nuscenes_mini_subset,scene-1094_012,roll,3.0,roll_3deg,9,Car,22.16,mid,15,73.3333,33.2559
nuscenes_mini_subset,scene-1094_012,roll,3.0,roll_3deg,10,Car,23.35,mid,27,100.0,15.4462
nuscenes_mini_subset,scene-1094_012,roll,3.0,roll_3deg,11,Car,18.09,mid,24,100.0,14.0396
nuscenes_mini_subset,scene-1094_012,roll,3.0,roll_3deg,12,Car,20.5,mid,121,100.0,8.4543
nuscenes_mini_subset,scene-1094_012,roll,3.0,roll_3deg,13,Pedestrian,7.94,near,47,100.0,30.4214
nuscenes_mini_subset,scene-1094_012,tx,0.02,tx_2cm,0,Car,14.88,near,125,100.0,0.708
nuscenes_mini_subset,scene-1094_012,tx,0.02,tx_2cm,9,Car,22.16,mid,15,100.0,0.5773
nuscenes_mini_subset,scene-1094_012,tx,0.02,tx_2cm,10,Car,23.35,mid,27,100.0,0.2605
nuscenes_mini_subset,scene-1094_012,tx,0.02,tx_2cm,11,Car,18.09,mid,24,100.0,0.299
nuscenes_mini_subset,scene-1094_012,tx,0.02,tx_2cm,12,Car,20.5,mid,121,100.0,0.1712
nuscenes_mini_subset,scene-1094_012,tx,0.02,tx_2cm,13,Pedestrian,7.94,near,47,100.0,1.442
nuscenes_mini_subset,scene-1094_012,tx,0.05,tx_5cm,0,Car,14.88,near,125,100.0,1.7662
nuscenes_mini_subset,scene-1094_012,tx,0.05,tx_5cm,9,Car,22.16,mid,15,100.0,1.4413
nuscenes_mini_subset,scene-1094_012,tx,0.05,tx_5cm,10,Car,23.35,mid,27,100.0,0.6503
nuscenes_mini_subset,scene-1094_012,tx,0.05,tx_5cm,11,Car,18.09,mid,24,100.0,0.7462
nuscenes_mini_subset,scene-1094_012,tx,0.05,tx_5cm,12,Car,20.5,mid,121,100.0,0.4274
nuscenes_mini_subset,scene-1094_012,tx,0.05,tx_5cm,13,Pedestrian,7.94,near,47,100.0,3.5915
nuscenes_mini_subset,scene-1094_012,tx,0.1,tx_10cm,0,Car,14.88,near,125,100.0,3.5195
nuscenes_mini_subset,scene-1094_012,tx,0.1,tx_10cm,9,Car,22.16,mid,15,100.0,2.876
nuscenes_mini_subset,scene-1094_012,tx,0.1,tx_10cm,10,Car,23.35,mid,27,100.0,1.2977
nuscenes_mini_subset,scene-1094_012,tx,0.1,tx_10cm,11,Car,18.09,mid,24,100.0,1.4881
nuscenes_mini_subset,scene-1094_012,tx,0.1,tx_10cm,12,Car,20.5,mid,121,100.0,0.8525
nuscenes_mini_subset,scene-1094_012,tx,0.1,tx_10cm,13,Pedestrian,7.94,near,47,100.0,7.1383
nuscenes_mini_subset,scene-1094_012,ty,0.02,ty_2cm,0,Car,14.88,near,125,100.0,1.8446
nuscenes_mini_subset,scene-1094_012,ty,0.02,ty_2cm,9,Car,22.16,mid,15,100.0,1.1685
nuscenes_mini_subset,scene-1094_012,ty,0.02,ty_2cm,10,Car,23.35,mid,27,100.0,1.1108
nuscenes_mini_subset,scene-1094_012,ty,0.02,ty_2cm,11,Car,18.09,mid,24,100.0,1.4806
nuscenes_mini_subset,scene-1094_012,ty,0.02,ty_2cm,12,Car,20.5,mid,121,100.0,1.3062
nuscenes_mini_subset,scene-1094_012,ty,0.02,ty_2cm,13,Pedestrian,7.94,near,47,100.0,3.1583
nuscenes_mini_subset,scene-1094_012,ty,0.05,ty_5cm,0,Car,14.88,near,125,100.0,4.6116
nuscenes_mini_subset,scene-1094_012,ty,0.05,ty_5cm,9,Car,22.16,mid,15,100.0,2.9214
nuscenes_mini_subset,scene-1094_012,ty,0.05,ty_5cm,10,Car,23.35,mid,27,100.0,2.777
nuscenes_mini_subset,scene-1094_012,ty,0.05,ty_5cm,11,Car,18.09,mid,24,100.0,3.7015
nuscenes_mini_subset,scene-1094_012,ty,0.05,ty_5cm,12,Car,20.5,mid,121,100.0,3.2655
nuscenes_mini_subset,scene-1094_012,ty,0.05,ty_5cm,13,Pedestrian,7.94,near,47,100.0,7.8961
nuscenes_mini_subset,scene-1094_012,ty,0.1,ty_10cm,0,Car,14.88,near,125,100.0,9.2235
nuscenes_mini_subset,scene-1094_012,ty,0.1,ty_10cm,9,Car,22.16,mid,15,100.0,5.8429
nuscenes_mini_subset,scene-1094_012,ty,0.1,ty_10cm,10,Car,23.35,mid,27,100.0,5.5542
nuscenes_mini_subset,scene-1094_012,ty,0.1,ty_10cm,11,Car,18.09,mid,24,100.0,7.4032
nuscenes_mini_subset,scene-1094_012,ty,0.1,ty_10cm,12,Car,20.5,mid,121,100.0,6.5311
nuscenes_mini_subset,scene-1094_012,ty,0.1,ty_10cm,13,Pedestrian,7.94,near,47,100.0,15.793
nuscenes_mini_subset,scene-1094_012,tz,0.02,tz_2cm,0,Car,14.88,near,125,100.0,1.8379
nuscenes_mini_subset,scene-1094_012,tz,0.02,tz_2cm,9,Car,22.16,mid,15,100.0,1.1641
nuscenes_mini_subset,scene-1094_012,tz,0.02,tz_2cm,10,Car,23.35,mid,27,100.0,1.1124
nuscenes_mini_subset,scene-1094_012,tz,0.02,tz_2cm,11,Car,18.09,mid,24,100.0,1.4793
nuscenes_mini_subset,scene-1094_012,tz,0.02,tz_2cm,12,Car,20.5,mid,121,100.0,1.3043
nuscenes_mini_subset,scene-1094_012,tz,0.02,tz_2cm,13,Pedestrian,7.94,near,47,100.0,3.1738
nuscenes_mini_subset,scene-1094_012,tz,0.05,tz_5cm,0,Car,14.88,near,125,100.0,4.5946
nuscenes_mini_subset,scene-1094_012,tz,0.05,tz_5cm,9,Car,22.16,mid,15,100.0,2.9101
nuscenes_mini_subset,scene-1094_012,tz,0.05,tz_5cm,10,Car,23.35,mid,27,100.0,2.781
nuscenes_mini_subset,scene-1094_012,tz,0.05,tz_5cm,11,Car,18.09,mid,24,100.0,3.6981
nuscenes_mini_subset,scene-1094_012,tz,0.05,tz_5cm,12,Car,20.5,mid,121,100.0,3.2606
nuscenes_mini_subset,scene-1094_012,tz,0.05,tz_5cm,13,Pedestrian,7.94,near,47,100.0,7.934
nuscenes_mini_subset,scene-1094_012,tz,0.1,tz_10cm,0,Car,14.88,near,125,100.0,9.1886
nuscenes_mini_subset,scene-1094_012,tz,0.1,tz_10cm,9,Car,22.16,mid,15,100.0,5.82
nuscenes_mini_subset,scene-1094_012,tz,0.1,tz_10cm,10,Car,23.35,mid,27,100.0,5.5618
nuscenes_mini_subset,scene-1094_012,tz,0.1,tz_10cm,11,Car,18.09,mid,24,100.0,7.3958
nuscenes_mini_subset,scene-1094_012,tz,0.1,tz_10cm,12,Car,20.5,mid,121,100.0,6.5209
nuscenes_mini_subset,scene-1094_012,tz,0.1,tz_10cm,13,Pedestrian,7.94,near,47,100.0,15.8661
nuscenes_mini_subset,scene-1094_012,time,35.3,no_ego_motion,0,Car,14.88,near,125,100.0,14.4798
nuscenes_mini_subset,scene-1094_012,time,35.3,no_ego_motion,9,Car,22.16,mid,15,100.0,16.6547
nuscenes_mini_subset,scene-1094_012,time,35.3,no_ego_motion,10,Car,23.35,mid,27,100.0,17.3921
nuscenes_mini_subset,scene-1094_012,time,35.3,no_ego_motion,11,Car,18.09,mid,24,95.8333,14.7428
nuscenes_mini_subset,scene-1094_012,time,35.3,no_ego_motion,12,Car,20.5,mid,121,98.3471,14.9868
nuscenes_mini_subset,scene-1094_012,time,35.3,no_ego_motion,13,Pedestrian,7.94,near,47,100.0,25.288
nuscenes_mini_subset,scene-1094_013,baseline,0.0,baseline,0,Car,14.27,near,125,100.0,0.0
nuscenes_mini_subset,scene-1094_013,baseline,0.0,baseline,2,Car,32.35,far,10,100.0,0.0
nuscenes_mini_subset,scene-1094_013,baseline,0.0,baseline,4,Car,36.56,far,15,100.0,0.0
nuscenes_mini_subset,scene-1094_013,baseline,0.0,baseline,8,Car,22.37,mid,14,100.0,0.0
nuscenes_mini_subset,scene-1094_013,baseline,0.0,baseline,10,Car,20.47,mid,28,100.0,0.0
nuscenes_mini_subset,scene-1094_013,baseline,0.0,baseline,11,Car,17.28,mid,35,100.0,0.0
nuscenes_mini_subset,scene-1094_013,baseline,0.0,baseline,12,Car,19.34,mid,168,100.0,0.0
nuscenes_mini_subset,scene-1094_013,yaw,0.5,yaw_0.5deg,0,Car,14.27,near,125,100.0,11.9428
nuscenes_mini_subset,scene-1094_013,yaw,0.5,yaw_0.5deg,2,Car,32.35,far,10,100.0,12.4951
nuscenes_mini_subset,scene-1094_013,yaw,0.5,yaw_0.5deg,4,Car,36.56,far,15,100.0,13.5686
nuscenes_mini_subset,scene-1094_013,yaw,0.5,yaw_0.5deg,8,Car,22.37,mid,14,100.0,12.3667
nuscenes_mini_subset,scene-1094_013,yaw,0.5,yaw_0.5deg,10,Car,20.47,mid,28,100.0,13.6327
nuscenes_mini_subset,scene-1094_013,yaw,0.5,yaw_0.5deg,11,Car,17.28,mid,35,100.0,11.5307
nuscenes_mini_subset,scene-1094_013,yaw,0.5,yaw_0.5deg,12,Car,19.34,mid,168,100.0,11.5352
nuscenes_mini_subset,scene-1094_013,yaw,1.0,yaw_1deg,0,Car,14.27,near,125,97.6,23.9197
nuscenes_mini_subset,scene-1094_013,yaw,1.0,yaw_1deg,2,Car,32.35,far,10,100.0,25.0643
nuscenes_mini_subset,scene-1094_013,yaw,1.0,yaw_1deg,4,Car,36.56,far,15,93.3333,27.2483
nuscenes_mini_subset,scene-1094_013,yaw,1.0,yaw_1deg,8,Car,22.37,mid,14,92.8571,24.7999
nuscenes_mini_subset,scene-1094_013,yaw,1.0,yaw_1deg,10,Car,20.47,mid,28,100.0,27.1591
nuscenes_mini_subset,scene-1094_013,yaw,1.0,yaw_1deg,11,Car,17.28,mid,35,100.0,23.0622
nuscenes_mini_subset,scene-1094_013,yaw,1.0,yaw_1deg,12,Car,19.34,mid,168,100.0,23.0547
nuscenes_mini_subset,scene-1094_013,yaw,2.0,yaw_2deg,0,Car,14.27,near,125,87.2,47.9845
nuscenes_mini_subset,scene-1094_013,yaw,2.0,yaw_2deg,2,Car,32.35,far,10,80.0,50.4357
nuscenes_mini_subset,scene-1094_013,yaw,2.0,yaw_2deg,4,Car,36.56,far,15,53.3333,54.9552
nuscenes_mini_subset,scene-1094_013,yaw,2.0,yaw_2deg,8,Car,22.37,mid,14,64.2857,49.8756
nuscenes_mini_subset,scene-1094_013,yaw,2.0,yaw_2deg,10,Car,20.47,mid,28,89.2857,53.9064
nuscenes_mini_subset,scene-1094_013,yaw,2.0,yaw_2deg,11,Car,17.28,mid,35,100.0,46.1399
nuscenes_mini_subset,scene-1094_013,yaw,2.0,yaw_2deg,12,Car,19.34,mid,168,98.2143,46.053
nuscenes_mini_subset,scene-1094_013,yaw,3.0,yaw_3deg,0,Car,14.27,near,125,76.0,72.2118
nuscenes_mini_subset,scene-1094_013,yaw,3.0,yaw_3deg,2,Car,32.35,far,10,20.0,76.1361
nuscenes_mini_subset,scene-1094_013,yaw,3.0,yaw_3deg,4,Car,36.56,far,15,33.3333,83.1502
nuscenes_mini_subset,scene-1094_013,yaw,3.0,yaw_3deg,8,Car,22.37,mid,14,35.7143,75.2481
nuscenes_mini_subset,scene-1094_013,yaw,3.0,yaw_3deg,10,Car,20.47,mid,28,71.4286,80.268
nuscenes_mini_subset,scene-1094_013,yaw,3.0,yaw_3deg,11,Car,17.28,mid,35,100.0,69.2531
nuscenes_mini_subset,scene-1094_013,yaw,3.0,yaw_3deg,12,Car,19.34,mid,168,92.8571,69.0238
nuscenes_mini_subset,scene-1094_013,pitch,0.5,pitch_0.5deg,0,Car,14.27,near,125,100.0,11.6697
nuscenes_mini_subset,scene-1094_013,pitch,0.5,pitch_0.5deg,2,Car,32.35,far,10,100.0,11.3227
nuscenes_mini_subset,scene-1094_013,pitch,0.5,pitch_0.5deg,4,Car,36.56,far,15,100.0,11.3194
nuscenes_mini_subset,scene-1094_013,pitch,0.5,pitch_0.5deg,8,Car,22.37,mid,14,100.0,11.4333
nuscenes_mini_subset,scene-1094_013,pitch,0.5,pitch_0.5deg,10,Car,20.47,mid,28,100.0,11.3589
nuscenes_mini_subset,scene-1094_013,pitch,0.5,pitch_0.5deg,11,Car,17.28,mid,35,100.0,11.5272
nuscenes_mini_subset,scene-1094_013,pitch,0.5,pitch_0.5deg,12,Car,19.34,mid,168,100.0,11.4626
nuscenes_mini_subset,scene-1094_013,pitch,1.0,pitch_1deg,0,Car,14.27,near,125,100.0,23.3479
nuscenes_mini_subset,scene-1094_013,pitch,1.0,pitch_1deg,2,Car,32.35,far,10,60.0,22.645
nuscenes_mini_subset,scene-1094_013,pitch,1.0,pitch_1deg,4,Car,36.56,far,15,100.0,22.6328
nuscenes_mini_subset,scene-1094_013,pitch,1.0,pitch_1deg,8,Car,22.37,mid,14,100.0,22.8764
nuscenes_mini_subset,scene-1094_013,pitch,1.0,pitch_1deg,10,Car,20.47,mid,28,100.0,22.7224
nuscenes_mini_subset,scene-1094_013,pitch,1.0,pitch_1deg,11,Car,17.28,mid,35,100.0,23.0632
nuscenes_mini_subset,scene-1094_013,pitch,1.0,pitch_1deg,12,Car,19.34,mid,168,100.0,22.922
nuscenes_mini_subset,scene-1094_013,pitch,2.0,pitch_2deg,0,Car,14.27,near,125,96.0,46.7501
nuscenes_mini_subset,scene-1094_013,pitch,2.0,pitch_2deg,2,Car,32.35,far,10,60.0,45.2958
nuscenes_mini_subset,scene-1094_013,pitch,2.0,pitch_2deg,4,Car,36.56,far,15,73.3333,45.2522
nuscenes_mini_subset,scene-1094_013,pitch,2.0,pitch_2deg,8,Car,22.37,mid,14,35.7143,45.7996
nuscenes_mini_subset,scene-1094_013,pitch,2.0,pitch_2deg,10,Car,20.47,mid,28,14.2857,45.4676
nuscenes_mini_subset,scene-1094_013,pitch,2.0,pitch_2deg,11,Car,17.28,mid,35,54.2857,46.1693
nuscenes_mini_subset,scene-1094_013,pitch,2.0,pitch_2deg,12,Car,19.34,mid,168,89.2857,45.8246
nuscenes_mini_subset,scene-1094_013,pitch,3.0,pitch_3deg,0,Car,14.27,near,125,78.4,70.2186
nuscenes_mini_subset,scene-1094_013,pitch,3.0,pitch_3deg,2,Car,32.35,far,10,0.0,67.9671
nuscenes_mini_subset,scene-1094_013,pitch,3.0,pitch_3deg,4,Car,36.56,far,15,73.3333,67.8798
nuscenes_mini_subset,scene-1094_013,pitch,3.0,pitch_3deg,8,Car,22.37,mid,14,0.0,68.785
nuscenes_mini_subset,scene-1094_013,pitch,3.0,pitch_3deg,10,Car,20.47,mid,28,0.0,68.2563
nuscenes_mini_subset,scene-1094_013,pitch,3.0,pitch_3deg,11,Car,17.28,mid,35,2.8571,69.3333
nuscenes_mini_subset,scene-1094_013,pitch,3.0,pitch_3deg,12,Car,19.34,mid,168,76.1905,68.7362
nuscenes_mini_subset,scene-1094_013,roll,0.5,roll_0.5deg,0,Car,14.27,near,125,100.0,1.6868
nuscenes_mini_subset,scene-1094_013,roll,0.5,roll_0.5deg,2,Car,32.35,far,10,100.0,3.4819
nuscenes_mini_subset,scene-1094_013,roll,0.5,roll_0.5deg,4,Car,36.56,far,15,100.0,4.9132
nuscenes_mini_subset,scene-1094_013,roll,0.5,roll_0.5deg,8,Car,22.37,mid,14,100.0,3.1222
nuscenes_mini_subset,scene-1094_013,roll,0.5,roll_0.5deg,10,Car,20.47,mid,28,100.0,5.1322
nuscenes_mini_subset,scene-1094_013,roll,0.5,roll_0.5deg,11,Car,17.28,mid,35,100.0,0.5807
nuscenes_mini_subset,scene-1094_013,roll,0.5,roll_0.5deg,12,Car,19.34,mid,168,100.0,1.2354
nuscenes_mini_subset,scene-1094_013,roll,1.0,roll_1deg,0,Car,14.27,near,125,100.0,3.3735
nuscenes_mini_subset,scene-1094_013,roll,1.0,roll_1deg,2,Car,32.35,far,10,100.0,6.9636
nuscenes_mini_subset,scene-1094_013,roll,1.0,roll_1deg,4,Car,36.56,far,15,100.0,9.8259
nuscenes_mini_subset,scene-1094_013,roll,1.0,roll_1deg,8,Car,22.37,mid,14,100.0,6.2442
nuscenes_mini_subset,scene-1094_013,roll,1.0,roll_1deg,10,Car,20.47,mid,28,100.0,10.2647
nuscenes_mini_subset,scene-1094_013,roll,1.0,roll_1deg,11,Car,17.28,mid,35,100.0,1.1614
nuscenes_mini_subset,scene-1094_013,roll,1.0,roll_1deg,12,Car,19.34,mid,168,100.0,2.4709
nuscenes_mini_subset,scene-1094_013,roll,2.0,roll_2deg,0,Car,14.27,near,125,100.0,6.7467
nuscenes_mini_subset,scene-1094_013,roll,2.0,roll_2deg,2,Car,32.35,far,10,100.0,13.926
nuscenes_mini_subset,scene-1094_013,roll,2.0,roll_2deg,4,Car,36.56,far,15,93.3333,19.6495
nuscenes_mini_subset,scene-1094_013,roll,2.0,roll_2deg,8,Car,22.37,mid,14,100.0,12.4873
nuscenes_mini_subset,scene-1094_013,roll,2.0,roll_2deg,10,Car,20.47,mid,28,100.0,20.5302
nuscenes_mini_subset,scene-1094_013,roll,2.0,roll_2deg,11,Car,17.28,mid,35,100.0,2.3227
nuscenes_mini_subset,scene-1094_013,roll,2.0,roll_2deg,12,Car,19.34,mid,168,100.0,4.9416
nuscenes_mini_subset,scene-1094_013,roll,3.0,roll_3deg,0,Car,14.27,near,125,100.0,10.1191
nuscenes_mini_subset,scene-1094_013,roll,3.0,roll_3deg,2,Car,32.35,far,10,40.0,20.8866
nuscenes_mini_subset,scene-1094_013,roll,3.0,roll_3deg,4,Car,36.56,far,15,26.6667,29.4701
nuscenes_mini_subset,scene-1094_013,roll,3.0,roll_3deg,8,Car,22.37,mid,14,100.0,18.729
nuscenes_mini_subset,scene-1094_013,roll,3.0,roll_3deg,10,Car,20.47,mid,28,57.1429,30.7958
nuscenes_mini_subset,scene-1094_013,roll,3.0,roll_3deg,11,Car,17.28,mid,35,100.0,3.4839
nuscenes_mini_subset,scene-1094_013,roll,3.0,roll_3deg,12,Car,19.34,mid,168,100.0,7.412
nuscenes_mini_subset,scene-1094_013,tx,0.02,tx_2cm,0,Car,14.27,near,125,100.0,0.3052
nuscenes_mini_subset,scene-1094_013,tx,0.02,tx_2cm,2,Car,32.35,far,10,100.0,0.2547
nuscenes_mini_subset,scene-1094_013,tx,0.02,tx_2cm,4,Car,36.56,far,15,100.0,0.3116
nuscenes_mini_subset,scene-1094_013,tx,0.02,tx_2cm,8,Car,22.37,mid,14,100.0,0.318
nuscenes_mini_subset,scene-1094_013,tx,0.02,tx_2cm,10,Car,20.47,mid,28,100.0,0.5797
nuscenes_mini_subset,scene-1094_013,tx,0.02,tx_2cm,11,Car,17.28,mid,35,100.0,0.0659
nuscenes_mini_subset,scene-1094_013,tx,0.02,tx_2cm,12,Car,19.34,mid,168,100.0,0.1645
nuscenes_mini_subset,scene-1094_013,tx,0.05,tx_5cm,0,Car,14.27,near,125,100.0,0.761
nuscenes_mini_subset,scene-1094_013,tx,0.05,tx_5cm,2,Car,32.35,far,10,100.0,0.6363
nuscenes_mini_subset,scene-1094_013,tx,0.05,tx_5cm,4,Car,36.56,far,15,100.0,0.7784
nuscenes_mini_subset,scene-1094_013,tx,0.05,tx_5cm,8,Car,22.37,mid,14,100.0,0.794
nuscenes_mini_subset,scene-1094_013,tx,0.05,tx_5cm,10,Car,20.47,mid,28,100.0,1.447
nuscenes_mini_subset,scene-1094_013,tx,0.05,tx_5cm,11,Car,17.28,mid,35,100.0,0.1646
nuscenes_mini_subset,scene-1094_013,tx,0.05,tx_5cm,12,Car,19.34,mid,168,100.0,0.4107
nuscenes_mini_subset,scene-1094_013,tx,0.1,tx_10cm,0,Car,14.27,near,125,100.0,1.5158
nuscenes_mini_subset,scene-1094_013,tx,0.1,tx_10cm,2,Car,32.35,far,10,100.0,1.2705
nuscenes_mini_subset,scene-1094_013,tx,0.1,tx_10cm,4,Car,36.56,far,15,100.0,1.5546
nuscenes_mini_subset,scene-1094_013,tx,0.1,tx_10cm,8,Car,22.37,mid,14,100.0,1.5846
nuscenes_mini_subset,scene-1094_013,tx,0.1,tx_10cm,10,Car,20.47,mid,28,100.0,2.8869
nuscenes_mini_subset,scene-1094_013,tx,0.1,tx_10cm,11,Car,17.28,mid,35,100.0,0.3281
nuscenes_mini_subset,scene-1094_013,tx,0.1,tx_10cm,12,Car,19.34,mid,168,100.0,0.819
nuscenes_mini_subset,scene-1094_013,ty,0.02,ty_2cm,0,Car,14.27,near,125,100.0,2.0012
nuscenes_mini_subset,scene-1094_013,ty,0.02,ty_2cm,2,Car,32.35,far,10,100.0,0.7931
nuscenes_mini_subset,scene-1094_013,ty,0.02,ty_2cm,4,Car,36.56,far,15,100.0,0.7014
nuscenes_mini_subset,scene-1094_013,ty,0.02,ty_2cm,8,Car,22.37,mid,14,100.0,1.1397
nuscenes_mini_subset,scene-1094_013,ty,0.02,ty_2cm,10,Car,20.47,mid,28,100.0,1.2401
nuscenes_mini_subset,scene-1094_013,ty,0.02,ty_2cm,11,Car,17.28,mid,35,100.0,1.5838
nuscenes_mini_subset,scene-1094_013,ty,0.02,ty_2cm,12,Car,19.34,mid,168,100.0,1.4035
nuscenes_mini_subset,scene-1094_013,ty,0.05,ty_5cm,0,Car,14.27,near,125,100.0,5.003
nuscenes_mini_subset,scene-1094_013,ty,0.05,ty_5cm,2,Car,32.35,far,10,100.0,1.9827
nuscenes_mini_subset,scene-1094_013,ty,0.05,ty_5cm,4,Car,36.56,far,15,100.0,1.7535
nuscenes_mini_subset,scene-1094_013,ty,0.05,ty_5cm,8,Car,22.37,mid,14,100.0,2.8493
nuscenes_mini_subset,scene-1094_013,ty,0.05,ty_5cm,10,Car,20.47,mid,28,100.0,3.1002
nuscenes_mini_subset,scene-1094_013,ty,0.05,ty_5cm,11,Car,17.28,mid,35,100.0,3.9596
nuscenes_mini_subset,scene-1094_013,ty,0.05,ty_5cm,12,Car,19.34,mid,168,100.0,3.5088
nuscenes_mini_subset,scene-1094_013,ty,0.1,ty_10cm,0,Car,14.27,near,125,100.0,10.0065
nuscenes_mini_subset,scene-1094_013,ty,0.1,ty_10cm,2,Car,32.35,far,10,100.0,3.9654
nuscenes_mini_subset,scene-1094_013,ty,0.1,ty_10cm,4,Car,36.56,far,15,100.0,3.5071
nuscenes_mini_subset,scene-1094_013,ty,0.1,ty_10cm,8,Car,22.37,mid,14,100.0,5.6988
nuscenes_mini_subset,scene-1094_013,ty,0.1,ty_10cm,10,Car,20.47,mid,28,100.0,6.2007
nuscenes_mini_subset,scene-1094_013,ty,0.1,ty_10cm,11,Car,17.28,mid,35,100.0,7.9195
nuscenes_mini_subset,scene-1094_013,ty,0.1,ty_10cm,12,Car,19.34,mid,168,100.0,7.0179
nuscenes_mini_subset,scene-1094_013,tz,0.02,tz_2cm,0,Car,14.27,near,125,100.0,2.0006
nuscenes_mini_subset,scene-1094_013,tz,0.02,tz_2cm,2,Car,32.35,far,10,100.0,0.7897
nuscenes_mini_subset,scene-1094_013,tz,0.02,tz_2cm,4,Car,36.56,far,15,100.0,0.6975
nuscenes_mini_subset,scene-1094_013,tz,0.02,tz_2cm,8,Car,22.37,mid,14,100.0,1.1364
nuscenes_mini_subset,scene-1094_013,tz,0.02,tz_2cm,10,Car,20.47,mid,28,100.0,1.2464
nuscenes_mini_subset,scene-1094_013,tz,0.02,tz_2cm,11,Car,17.28,mid,35,100.0,1.5859
nuscenes_mini_subset,scene-1094_013,tz,0.02,tz_2cm,12,Car,19.34,mid,168,100.0,1.4039
nuscenes_mini_subset,scene-1094_013,tz,0.05,tz_5cm,0,Car,14.27,near,125,100.0,5.0014
nuscenes_mini_subset,scene-1094_013,tz,0.05,tz_5cm,2,Car,32.35,far,10,100.0,1.9743
nuscenes_mini_subset,scene-1094_013,tz,0.05,tz_5cm,4,Car,36.56,far,15,100.0,1.7438
nuscenes_mini_subset,scene-1094_013,tz,0.05,tz_5cm,8,Car,22.37,mid,14,100.0,2.841
nuscenes_mini_subset,scene-1094_013,tz,0.05,tz_5cm,10,Car,20.47,mid,28,100.0,3.116
nuscenes_mini_subset,scene-1094_013,tz,0.05,tz_5cm,11,Car,17.28,mid,35,100.0,3.9646
nuscenes_mini_subset,scene-1094_013,tz,0.05,tz_5cm,12,Car,19.34,mid,168,100.0,3.5096
nuscenes_mini_subset,scene-1094_013,tz,0.1,tz_10cm,0,Car,14.27,near,125,100.0,10.002
nuscenes_mini_subset,scene-1094_013,tz,0.1,tz_10cm,2,Car,32.35,far,10,100.0,3.9485
nuscenes_mini_subset,scene-1094_013,tz,0.1,tz_10cm,4,Car,36.56,far,15,100.0,3.4875
nuscenes_mini_subset,scene-1094_013,tz,0.1,tz_10cm,8,Car,22.37,mid,14,100.0,5.6817
nuscenes_mini_subset,scene-1094_013,tz,0.1,tz_10cm,10,Car,20.47,mid,28,100.0,6.2318
nuscenes_mini_subset,scene-1094_013,tz,0.1,tz_10cm,11,Car,17.28,mid,35,100.0,7.9287
nuscenes_mini_subset,scene-1094_013,tz,0.1,tz_10cm,12,Car,19.34,mid,168,100.0,7.0189
nuscenes_mini_subset,scene-1094_013,time,35.3,no_ego_motion,0,Car,14.27,near,125,100.0,17.6602
nuscenes_mini_subset,scene-1094_013,time,35.3,no_ego_motion,2,Car,32.35,far,10,100.0,19.4672
nuscenes_mini_subset,scene-1094_013,time,35.3,no_ego_motion,4,Car,36.56,far,15,100.0,21.0421
nuscenes_mini_subset,scene-1094_013,time,35.3,no_ego_motion,8,Car,22.37,mid,14,100.0,18.7267
nuscenes_mini_subset,scene-1094_013,time,35.3,no_ego_motion,10,Car,20.47,mid,28,100.0,25.4277
nuscenes_mini_subset,scene-1094_013,time,35.3,no_ego_motion,11,Car,17.28,mid,35,97.1429,18.8448
nuscenes_mini_subset,scene-1094_013,time,35.3,no_ego_motion,12,Car,19.34,mid,168,98.8095,19.393
nuscenes_mini_subset,scene-1094_014,baseline,0.0,baseline,0,Car,12.74,near,164,100.0,0.0
nuscenes_mini_subset,scene-1094_014,baseline,0.0,baseline,1,Car,27.8,mid,13,100.0,0.0
nuscenes_mini_subset,scene-1094_014,baseline,0.0,baseline,2,Car,32.27,far,11,100.0,0.0
nuscenes_mini_subset,scene-1094_014,baseline,0.0,baseline,3,Car,37.7,far,16,100.0,0.0
nuscenes_mini_subset,scene-1094_014,baseline,0.0,baseline,4,Car,12.29,near,92,100.0,0.0
nuscenes_mini_subset,scene-1094_014,baseline,0.0,baseline,6,Car,21.4,mid,11,100.0,0.0
nuscenes_mini_subset,scene-1094_014,baseline,0.0,baseline,8,Car,15.33,mid,44,100.0,0.0
nuscenes_mini_subset,scene-1094_014,baseline,0.0,baseline,9,Car,16.89,mid,195,100.0,0.0
nuscenes_mini_subset,scene-1094_014,yaw,0.5,yaw_0.5deg,0,Car,12.74,near,164,100.0,11.8648
nuscenes_mini_subset,scene-1094_014,yaw,0.5,yaw_0.5deg,1,Car,27.8,mid,13,100.0,11.5646
nuscenes_mini_subset,scene-1094_014,yaw,0.5,yaw_0.5deg,2,Car,32.27,far,11,100.0,11.3708
nuscenes_mini_subset,scene-1094_014,yaw,0.5,yaw_0.5deg,3,Car,37.7,far,16,100.0,11.708
nuscenes_mini_subset,scene-1094_014,yaw,0.5,yaw_0.5deg,4,Car,12.29,near,92,100.0,13.7058
nuscenes_mini_subset,scene-1094_014,yaw,0.5,yaw_0.5deg,6,Car,21.4,mid,11,100.0,11.4226
nuscenes_mini_subset,scene-1094_014,yaw,0.5,yaw_0.5deg,8,Car,15.33,mid,44,100.0,12.5518
nuscenes_mini_subset,scene-1094_014,yaw,0.5,yaw_0.5deg,9,Car,16.89,mid,195,100.0,13.1937
nuscenes_mini_subset,scene-1094_014,yaw,1.0,yaw_1deg,0,Car,12.74,near,164,97.561,23.7096
nuscenes_mini_subset,scene-1094_014,yaw,1.0,yaw_1deg,1,Car,27.8,mid,13,100.0,23.1597
nuscenes_mini_subset,scene-1094_014,yaw,1.0,yaw_1deg,2,Car,32.27,far,11,100.0,22.7592
nuscenes_mini_subset,scene-1094_014,yaw,1.0,yaw_1deg,3,Car,37.7,far,16,93.75,23.4595
nuscenes_mini_subset,scene-1094_014,yaw,1.0,yaw_1deg,4,Car,12.29,near,92,95.6522,27.5165
nuscenes_mini_subset,scene-1094_014,yaw,1.0,yaw_1deg,6,Car,21.4,mid,11,90.9091,22.8546
nuscenes_mini_subset,scene-1094_014,yaw,1.0,yaw_1deg,8,Car,15.33,mid,44,100.0,25.0385
nuscenes_mini_subset,scene-1094_014,yaw,1.0,yaw_1deg,9,Car,16.89,mid,195,100.0,26.298
nuscenes_mini_subset,scene-1094_014,yaw,2.0,yaw_2deg,0,Car,12.74,near,164,89.6341,47.3477
nuscenes_mini_subset,scene-1094_014,yaw,2.0,yaw_2deg,1,Car,27.8,mid,13,92.3077,46.4488
nuscenes_mini_subset,scene-1094_014,yaw,2.0,yaw_2deg,2,Car,32.27,far,11,63.6364,45.5967
nuscenes_mini_subset,scene-1094_014,yaw,2.0,yaw_2deg,3,Car,37.7,far,16,50.0,47.1017
nuscenes_mini_subset,scene-1094_014,yaw,2.0,yaw_2deg,4,Car,12.29,near,92,83.6957,55.467
nuscenes_mini_subset,scene-1094_014,yaw,2.0,yaw_2deg,6,Car,21.4,mid,11,72.7273,45.7544
nuscenes_mini_subset,scene-1094_014,yaw,2.0,yaw_2deg,8,Car,15.33,mid,44,100.0,49.8278
nuscenes_mini_subset,scene-1094_014,yaw,2.0,yaw_2deg,9,Car,16.89,mid,195,97.9487,52.2506
nuscenes_mini_subset,scene-1094_014,yaw,3.0,yaw_3deg,0,Car,12.74,near,164,80.4878,70.931
nuscenes_mini_subset,scene-1094_014,yaw,3.0,yaw_3deg,1,Car,27.8,mid,13,76.9231,69.8835
nuscenes_mini_subset,scene-1094_014,yaw,3.0,yaw_3deg,2,Car,32.27,far,11,9.0909,68.5271
nuscenes_mini_subset,scene-1094_014,yaw,3.0,yaw_3deg,3,Car,37.7,far,16,31.25,70.9436
nuscenes_mini_subset,scene-1094_014,yaw,3.0,yaw_3deg,4,Car,12.29,near,92,76.087,83.8807
nuscenes_mini_subset,scene-1094_014,yaw,3.0,yaw_3deg,6,Car,21.4,mid,11,45.4545,68.7142
nuscenes_mini_subset,scene-1094_014,yaw,3.0,yaw_3deg,8,Car,15.33,mid,44,100.0,74.3877
nuscenes_mini_subset,scene-1094_014,yaw,3.0,yaw_3deg,9,Car,16.89,mid,195,93.8462,77.8809
nuscenes_mini_subset,scene-1094_014,pitch,0.5,pitch_0.5deg,0,Car,12.74,near,164,100.0,11.7212
nuscenes_mini_subset,scene-1094_014,pitch,0.5,pitch_0.5deg,1,Car,27.8,mid,13,100.0,11.3501
nuscenes_mini_subset,scene-1094_014,pitch,0.5,pitch_0.5deg,2,Car,32.27,far,11,100.0,11.2893
nuscenes_mini_subset,scene-1094_014,pitch,0.5,pitch_0.5deg,3,Car,37.7,far,16,93.75,11.2793
nuscenes_mini_subset,scene-1094_014,pitch,0.5,pitch_0.5deg,4,Car,12.29,near,92,100.0,11.8612
nuscenes_mini_subset,scene-1094_014,pitch,0.5,pitch_0.5deg,6,Car,21.4,mid,11,100.0,11.4149
nuscenes_mini_subset,scene-1094_014,pitch,0.5,pitch_0.5deg,8,Car,15.33,mid,44,100.0,11.5837
nuscenes_mini_subset,scene-1094_014,pitch,0.5,pitch_0.5deg,9,Car,16.89,mid,195,100.0,11.4884
nuscenes_mini_subset,scene-1094_014,pitch,1.0,pitch_1deg,0,Car,12.74,near,164,100.0,23.4535
nuscenes_mini_subset,scene-1094_014,pitch,1.0,pitch_1deg,1,Car,27.8,mid,13,100.0,22.7047
nuscenes_mini_subset,scene-1094_014,pitch,1.0,pitch_1deg,2,Car,32.27,far,11,100.0,22.5783
nuscenes_mini_subset,scene-1094_014,pitch,1.0,pitch_1deg,3,Car,37.7,far,16,93.75,22.5538
nuscenes_mini_subset,scene-1094_014,pitch,1.0,pitch_1deg,4,Car,12.29,near,92,100.0,23.7409
nuscenes_mini_subset,scene-1094_014,pitch,1.0,pitch_1deg,6,Car,21.4,mid,11,100.0,22.8389
nuscenes_mini_subset,scene-1094_014,pitch,1.0,pitch_1deg,8,Car,15.33,mid,44,68.1818,23.1824
nuscenes_mini_subset,scene-1094_014,pitch,1.0,pitch_1deg,9,Car,16.89,mid,195,99.4872,22.9742
nuscenes_mini_subset,scene-1094_014,pitch,2.0,pitch_2deg,0,Car,12.74,near,164,97.561,46.9525
nuscenes_mini_subset,scene-1094_014,pitch,2.0,pitch_2deg,1,Car,27.8,mid,13,0.0,45.4341
nuscenes_mini_subset,scene-1094_014,pitch,2.0,pitch_2deg,2,Car,32.27,far,11,54.5455,45.1627
nuscenes_mini_subset,scene-1094_014,pitch,2.0,pitch_2deg,3,Car,37.7,far,16,68.75,45.1001
nuscenes_mini_subset,scene-1094_014,pitch,2.0,pitch_2deg,4,Car,12.29,near,92,100.0,47.5631
nuscenes_mini_subset,scene-1094_014,pitch,2.0,pitch_2deg,6,Car,21.4,mid,11,18.1818,45.7212
nuscenes_mini_subset,scene-1094_014,pitch,2.0,pitch_2deg,8,Car,15.33,mid,44,68.1818,46.4333
nuscenes_mini_subset,scene-1094_014,pitch,2.0,pitch_2deg,9,Car,16.89,mid,195,99.4872,45.9346
nuscenes_mini_subset,scene-1094_014,pitch,3.0,pitch_3deg,0,Car,12.74,near,164,85.3659,70.5171
nuscenes_mini_subset,scene-1094_014,pitch,3.0,pitch_3deg,1,Car,27.8,mid,13,0.0,68.2028
nuscenes_mini_subset,scene-1094_014,pitch,3.0,pitch_3deg,2,Car,32.27,far,11,0.0,67.7675
nuscenes_mini_subset,scene-1094_014,pitch,3.0,pitch_3deg,3,Car,37.7,far,16,62.5,67.6522
nuscenes_mini_subset,scene-1094_014,pitch,3.0,pitch_3deg,4,Car,12.29,near,92,75.0,71.4931
nuscenes_mini_subset,scene-1094_014,pitch,3.0,pitch_3deg,6,Car,21.4,mid,11,0.0,68.662
nuscenes_mini_subset,scene-1094_014,pitch,3.0,pitch_3deg,8,Car,15.33,mid,44,36.3636,69.7688
nuscenes_mini_subset,scene-1094_014,pitch,3.0,pitch_3deg,9,Car,16.89,mid,195,88.7179,68.8884
nuscenes_mini_subset,scene-1094_014,roll,0.5,roll_0.5deg,0,Car,12.74,near,164,100.0,1.4952
nuscenes_mini_subset,scene-1094_014,roll,0.5,roll_0.5deg,1,Car,27.8,mid,13,100.0,1.4056
nuscenes_mini_subset,scene-1094_014,roll,0.5,roll_0.5deg,2,Car,32.27,far,11,100.0,0.8047
nuscenes_mini_subset,scene-1094_014,roll,0.5,roll_0.5deg,3,Car,37.7,far,16,100.0,2.1384
nuscenes_mini_subset,scene-1094_014,roll,0.5,roll_0.5deg,4,Car,12.29,near,92,100.0,4.5075
nuscenes_mini_subset,scene-1094_014,roll,0.5,roll_0.5deg,6,Car,21.4,mid,11,100.0,0.3832
nuscenes_mini_subset,scene-1094_014,roll,0.5,roll_0.5deg,8,Car,15.33,mid,44,100.0,3.4798
nuscenes_mini_subset,scene-1094_014,roll,0.5,roll_0.5deg,9,Car,16.89,mid,195,100.0,4.4848
nuscenes_mini_subset,scene-1094_014,roll,1.0,roll_1deg,0,Car,12.74,near,164,100.0,2.9904
nuscenes_mini_subset,scene-1094_014,roll,1.0,roll_1deg,1,Car,27.8,mid,13,100.0,2.8112
nuscenes_mini_subset,scene-1094_014,roll,1.0,roll_1deg,2,Car,32.27,far,11,100.0,1.6094
nuscenes_mini_subset,scene-1094_014,roll,1.0,roll_1deg,3,Car,37.7,far,16,100.0,4.2766
nuscenes_mini_subset,scene-1094_014,roll,1.0,roll_1deg,4,Car,12.29,near,92,100.0,9.0146
nuscenes_mini_subset,scene-1094_014,roll,1.0,roll_1deg,6,Car,21.4,mid,11,100.0,0.7664
nuscenes_mini_subset,scene-1094_014,roll,1.0,roll_1deg,8,Car,15.33,mid,44,100.0,6.9597
nuscenes_mini_subset,scene-1094_014,roll,1.0,roll_1deg,9,Car,16.89,mid,195,100.0,8.9698
nuscenes_mini_subset,scene-1094_014,roll,2.0,roll_2deg,0,Car,12.74,near,164,100.0,5.9807
nuscenes_mini_subset,scene-1094_014,roll,2.0,roll_2deg,1,Car,27.8,mid,13,100.0,5.622
nuscenes_mini_subset,scene-1094_014,roll,2.0,roll_2deg,2,Car,32.27,far,11,100.0,3.2187
nuscenes_mini_subset,scene-1094_014,roll,2.0,roll_2deg,3,Car,37.7,far,16,100.0,8.5526
nuscenes_mini_subset,scene-1094_014,roll,2.0,roll_2deg,4,Car,12.29,near,92,100.0,18.0275
nuscenes_mini_subset,scene-1094_014,roll,2.0,roll_2deg,6,Car,21.4,mid,11,100.0,1.5327
nuscenes_mini_subset,scene-1094_014,roll,2.0,roll_2deg,8,Car,15.33,mid,44,100.0,13.9197
nuscenes_mini_subset,scene-1094_014,roll,2.0,roll_2deg,9,Car,16.89,mid,195,99.4872,17.94
nuscenes_mini_subset,scene-1094_014,roll,3.0,roll_3deg,0,Car,12.74,near,164,100.0,8.9708
nuscenes_mini_subset,scene-1094_014,roll,3.0,roll_3deg,1,Car,27.8,mid,13,100.0,8.4323
nuscenes_mini_subset,scene-1094_014,roll,3.0,roll_3deg,2,Car,32.27,far,11,100.0,4.8277
nuscenes_mini_subset,scene-1094_014,roll,3.0,roll_3deg,3,Car,37.7,far,16,100.0,12.8276
nuscenes_mini_subset,scene-1094_014,roll,3.0,roll_3deg,4,Car,12.29,near,92,100.0,27.0378
nuscenes_mini_subset,scene-1094_014,roll,3.0,roll_3deg,6,Car,21.4,mid,11,100.0,2.2989
nuscenes_mini_subset,scene-1094_014,roll,3.0,roll_3deg,8,Car,15.33,mid,44,79.5455,20.8794
nuscenes_mini_subset,scene-1094_014,roll,3.0,roll_3deg,9,Car,16.89,mid,195,99.4872,26.9101
nuscenes_mini_subset,scene-1094_014,tx,0.02,tx_2cm,0,Car,12.74,near,164,100.0,0.3039
nuscenes_mini_subset,scene-1094_014,tx,0.02,tx_2cm,1,Car,27.8,mid,13,100.0,0.1243
nuscenes_mini_subset,scene-1094_014,tx,0.02,tx_2cm,2,Car,32.27,far,11,100.0,0.0608
nuscenes_mini_subset,scene-1094_014,tx,0.02,tx_2cm,3,Car,37.7,far,16,100.0,0.1317
nuscenes_mini_subset,scene-1094_014,tx,0.02,tx_2cm,4,Car,12.29,near,92,100.0,0.9626
nuscenes_mini_subset,scene-1094_014,tx,0.02,tx_2cm,6,Car,21.4,mid,11,100.0,0.031
nuscenes_mini_subset,scene-1094_014,tx,0.02,tx_2cm,8,Car,15.33,mid,44,100.0,0.5741
nuscenes_mini_subset,scene-1094_014,tx,0.02,tx_2cm,9,Car,16.89,mid,195,100.0,0.6785
nuscenes_mini_subset,scene-1094_014,tx,0.05,tx_5cm,0,Car,12.74,near,164,100.0,0.7576
nuscenes_mini_subset,scene-1094_014,tx,0.05,tx_5cm,1,Car,27.8,mid,13,100.0,0.3103
nuscenes_mini_subset,scene-1094_014,tx,0.05,tx_5cm,2,Car,32.27,far,11,100.0,0.1517
nuscenes_mini_subset,scene-1094_014,tx,0.05,tx_5cm,3,Car,37.7,far,16,100.0,0.329
nuscenes_mini_subset,scene-1094_014,tx,0.05,tx_5cm,4,Car,12.29,near,92,100.0,2.4003
nuscenes_mini_subset,scene-1094_014,tx,0.05,tx_5cm,6,Car,21.4,mid,11,100.0,0.0773
nuscenes_mini_subset,scene-1094_014,tx,0.05,tx_5cm,8,Car,15.33,mid,44,100.0,1.4321
nuscenes_mini_subset,scene-1094_014,tx,0.05,tx_5cm,9,Car,16.89,mid,195,100.0,1.6929
nuscenes_mini_subset,scene-1094_014,tx,0.1,tx_10cm,0,Car,12.74,near,164,100.0,1.5081
nuscenes_mini_subset,scene-1094_014,tx,0.1,tx_10cm,1,Car,27.8,mid,13,100.0,0.6194
nuscenes_mini_subset,scene-1094_014,tx,0.1,tx_10cm,2,Car,32.27,far,11,100.0,0.303
nuscenes_mini_subset,scene-1094_014,tx,0.1,tx_10cm,3,Car,37.7,far,16,100.0,0.6571
nuscenes_mini_subset,scene-1094_014,tx,0.1,tx_10cm,4,Car,12.29,near,92,100.0,4.7798
nuscenes_mini_subset,scene-1094_014,tx,0.1,tx_10cm,6,Car,21.4,mid,11,100.0,0.1543
nuscenes_mini_subset,scene-1094_014,tx,0.1,tx_10cm,8,Car,15.33,mid,44,100.0,2.8539
nuscenes_mini_subset,scene-1094_014,tx,0.1,tx_10cm,9,Car,16.89,mid,195,100.0,3.3747
nuscenes_mini_subset,scene-1094_014,ty,0.02,ty_2cm,0,Car,12.74,near,164,100.0,2.3156
nuscenes_mini_subset,scene-1094_014,ty,0.02,ty_2cm,1,Car,27.8,mid,13,100.0,0.9707
nuscenes_mini_subset,scene-1094_014,ty,0.02,ty_2cm,2,Car,32.27,far,11,100.0,0.7878
nuscenes_mini_subset,scene-1094_014,ty,0.02,ty_2cm,3,Car,37.7,far,16,100.0,0.6788
nuscenes_mini_subset,scene-1094_014,ty,0.02,ty_2cm,4,Car,12.29,near,92,100.0,2.3979
nuscenes_mini_subset,scene-1094_014,ty,0.02,ty_2cm,6,Car,21.4,mid,11,100.0,1.1978
nuscenes_mini_subset,scene-1094_014,ty,0.02,ty_2cm,8,Car,15.33,mid,44,100.0,1.8067
nuscenes_mini_subset,scene-1094_014,ty,0.02,ty_2cm,9,Car,16.89,mid,195,100.0,1.6439
nuscenes_mini_subset,scene-1094_014,ty,0.05,ty_5cm,0,Car,12.74,near,164,100.0,5.7892
nuscenes_mini_subset,scene-1094_014,ty,0.05,ty_5cm,1,Car,27.8,mid,13,100.0,2.4267
nuscenes_mini_subset,scene-1094_014,ty,0.05,ty_5cm,2,Car,32.27,far,11,100.0,1.9696
nuscenes_mini_subset,scene-1094_014,ty,0.05,ty_5cm,3,Car,37.7,far,16,100.0,1.6971
nuscenes_mini_subset,scene-1094_014,ty,0.05,ty_5cm,4,Car,12.29,near,92,100.0,5.9951
nuscenes_mini_subset,scene-1094_014,ty,0.05,ty_5cm,6,Car,21.4,mid,11,100.0,2.9946
nuscenes_mini_subset,scene-1094_014,ty,0.05,ty_5cm,8,Car,15.33,mid,44,100.0,4.5168
nuscenes_mini_subset,scene-1094_014,ty,0.05,ty_5cm,9,Car,16.89,mid,195,100.0,4.1098
nuscenes_mini_subset,scene-1094_014,ty,0.1,ty_10cm,0,Car,12.74,near,164,100.0,11.5792
nuscenes_mini_subset,scene-1094_014,ty,0.1,ty_10cm,1,Car,27.8,mid,13,100.0,4.8535
nuscenes_mini_subset,scene-1094_014,ty,0.1,ty_10cm,2,Car,32.27,far,11,100.0,3.9393
nuscenes_mini_subset,scene-1094_014,ty,0.1,ty_10cm,3,Car,37.7,far,16,100.0,3.3942
nuscenes_mini_subset,scene-1094_014,ty,0.1,ty_10cm,4,Car,12.29,near,92,100.0,11.9909
nuscenes_mini_subset,scene-1094_014,ty,0.1,ty_10cm,6,Car,21.4,mid,11,100.0,5.9893
nuscenes_mini_subset,scene-1094_014,ty,0.1,ty_10cm,8,Car,15.33,mid,44,100.0,9.0339
nuscenes_mini_subset,scene-1094_014,ty,0.1,ty_10cm,9,Car,16.89,mid,195,100.0,8.2199
nuscenes_mini_subset,scene-1094_014,tz,0.02,tz_2cm,0,Car,12.74,near,164,100.0,2.3201
nuscenes_mini_subset,scene-1094_014,tz,0.02,tz_2cm,1,Car,27.8,mid,13,100.0,0.9693
nuscenes_mini_subset,scene-1094_014,tz,0.02,tz_2cm,2,Car,32.27,far,11,100.0,0.7867
nuscenes_mini_subset,scene-1094_014,tz,0.02,tz_2cm,3,Car,37.7,far,16,100.0,0.6767
nuscenes_mini_subset,scene-1094_014,tz,0.02,tz_2cm,4,Car,12.29,near,92,100.0,2.388
nuscenes_mini_subset,scene-1094_014,tz,0.02,tz_2cm,6,Car,21.4,mid,11,100.0,1.1977
nuscenes_mini_subset,scene-1094_014,tz,0.02,tz_2cm,8,Car,15.33,mid,44,100.0,1.8144
nuscenes_mini_subset,scene-1094_014,tz,0.02,tz_2cm,9,Car,16.89,mid,195,100.0,1.6515
nuscenes_mini_subset,scene-1094_014,tz,0.05,tz_5cm,0,Car,12.74,near,164,100.0,5.7999
nuscenes_mini_subset,scene-1094_014,tz,0.05,tz_5cm,1,Car,27.8,mid,13,100.0,2.4231
nuscenes_mini_subset,scene-1094_014,tz,0.05,tz_5cm,2,Car,32.27,far,11,100.0,1.9668
nuscenes_mini_subset,scene-1094_014,tz,0.05,tz_5cm,3,Car,37.7,far,16,100.0,1.6917
nuscenes_mini_subset,scene-1094_014,tz,0.05,tz_5cm,4,Car,12.29,near,92,100.0,5.9697
nuscenes_mini_subset,scene-1094_014,tz,0.05,tz_5cm,6,Car,21.4,mid,11,100.0,2.9942
nuscenes_mini_subset,scene-1094_014,tz,0.05,tz_5cm,8,Car,15.33,mid,44,100.0,4.5357
nuscenes_mini_subset,scene-1094_014,tz,0.05,tz_5cm,9,Car,16.89,mid,195,100.0,4.1287
nuscenes_mini_subset,scene-1094_014,tz,0.1,tz_10cm,0,Car,12.74,near,164,100.0,11.5989
nuscenes_mini_subset,scene-1094_014,tz,0.1,tz_10cm,1,Car,27.8,mid,13,100.0,4.846
nuscenes_mini_subset,scene-1094_014,tz,0.1,tz_10cm,2,Car,32.27,far,11,100.0,3.9335
nuscenes_mini_subset,scene-1094_014,tz,0.1,tz_10cm,3,Car,37.7,far,16,100.0,3.3834
nuscenes_mini_subset,scene-1094_014,tz,0.1,tz_10cm,4,Car,12.29,near,92,100.0,11.9383
nuscenes_mini_subset,scene-1094_014,tz,0.1,tz_10cm,6,Car,21.4,mid,11,100.0,5.9882
nuscenes_mini_subset,scene-1094_014,tz,0.1,tz_10cm,8,Car,15.33,mid,44,100.0,9.0708
nuscenes_mini_subset,scene-1094_014,tz,0.1,tz_10cm,9,Car,16.89,mid,195,100.0,8.2568
nuscenes_mini_subset,scene-1094_014,time,35.6,no_ego_motion,0,Car,12.74,near,164,100.0,21.1097
nuscenes_mini_subset,scene-1094_014,time,35.6,no_ego_motion,1,Car,27.8,mid,13,92.3077,19.8041
nuscenes_mini_subset,scene-1094_014,time,35.6,no_ego_motion,2,Car,32.27,far,11,100.0,19.9819
nuscenes_mini_subset,scene-1094_014,time,35.6,no_ego_motion,3,Car,37.7,far,16,100.0,20.3279
nuscenes_mini_subset,scene-1094_014,time,35.6,no_ego_motion,4,Car,12.29,near,92,95.6522,17.9758
nuscenes_mini_subset,scene-1094_014,time,35.6,no_ego_motion,6,Car,21.4,mid,11,100.0,19.8129
nuscenes_mini_subset,scene-1094_014,time,35.6,no_ego_motion,8,Car,15.33,mid,44,100.0,24.5294
nuscenes_mini_subset,scene-1094_014,time,35.6,no_ego_motion,9,Car,16.89,mid,195,98.4615,26.5099
nuscenes_mini_subset,scene-1094_015,baseline,0.0,baseline,0,Car,10.13,near,257,95.3307,0.0
nuscenes_mini_subset,scene-1094_015,baseline,0.0,baseline,1,Car,26.15,mid,18,100.0,0.0
nuscenes_mini_subset,scene-1094_015,baseline,0.0,baseline,2,Car,30.04,far,13,100.0,0.0
nuscenes_mini_subset,scene-1094_015,baseline,0.0,baseline,3,Car,36.35,far,16,100.0,0.0
nuscenes_mini_subset,scene-1094_015,baseline,0.0,baseline,4,Car,14.38,near,79,100.0,0.0
nuscenes_mini_subset,scene-1094_015,baseline,0.0,baseline,5,Car,18.87,mid,20,100.0,0.0
nuscenes_mini_subset,scene-1094_015,yaw,0.5,yaw_0.5deg,0,Car,10.13,near,257,98.8327,13.9087
nuscenes_mini_subset,scene-1094_015,yaw,0.5,yaw_0.5deg,1,Car,26.15,mid,18,100.0,11.4455
nuscenes_mini_subset,scene-1094_015,yaw,0.5,yaw_0.5deg,2,Car,30.04,far,13,100.0,11.5959
nuscenes_mini_subset,scene-1094_015,yaw,0.5,yaw_0.5deg,3,Car,36.35,far,16,100.0,11.2587
nuscenes_mini_subset,scene-1094_015,yaw,0.5,yaw_0.5deg,4,Car,14.38,near,79,98.7342,12.1197
nuscenes_mini_subset,scene-1094_015,yaw,0.5,yaw_0.5deg,5,Car,18.87,mid,20,100.0,12.0281
nuscenes_mini_subset,scene-1094_015,yaw,1.0,yaw_1deg,0,Car,10.13,near,257,98.8327,27.7125
nuscenes_mini_subset,scene-1094_015,yaw,1.0,yaw_1deg,1,Car,26.15,mid,18,100.0,22.873
nuscenes_mini_subset,scene-1094_015,yaw,1.0,yaw_1deg,2,Car,30.04,far,13,100.0,23.1595
nuscenes_mini_subset,scene-1094_015,yaw,1.0,yaw_1deg,3,Car,36.35,far,16,93.75,22.5104
nuscenes_mini_subset,scene-1094_015,yaw,1.0,yaw_1deg,4,Car,14.38,near,79,92.4051,24.2864
nuscenes_mini_subset,scene-1094_015,yaw,1.0,yaw_1deg,5,Car,18.87,mid,20,95.0,24.008
nuscenes_mini_subset,scene-1094_015,yaw,2.0,yaw_2deg,0,Car,10.13,near,257,93.7743,55.0192
nuscenes_mini_subset,scene-1094_015,yaw,2.0,yaw_2deg,1,Car,26.15,mid,18,88.8889,45.6811
nuscenes_mini_subset,scene-1094_015,yaw,2.0,yaw_2deg,2,Car,30.04,far,13,92.3077,46.1974
nuscenes_mini_subset,scene-1094_015,yaw,2.0,yaw_2deg,3,Car,36.35,far,16,56.25,45.0009
nuscenes_mini_subset,scene-1094_015,yaw,2.0,yaw_2deg,4,Car,14.38,near,79,89.8734,48.7732
nuscenes_mini_subset,scene-1094_015,yaw,2.0,yaw_2deg,5,Car,18.87,mid,20,75.0,47.8324
nuscenes_mini_subset,scene-1094_015,yaw,3.0,yaw_3deg,0,Car,10.13,near,257,86.7704,81.9469
nuscenes_mini_subset,scene-1094_015,yaw,3.0,yaw_3deg,1,Car,26.15,mid,18,83.3333,68.4392
nuscenes_mini_subset,scene-1094_015,yaw,3.0,yaw_3deg,2,Car,30.04,far,13,46.1538,69.1269
nuscenes_mini_subset,scene-1094_015,yaw,3.0,yaw_3deg,3,Car,36.35,far,16,37.5,67.4879
nuscenes_mini_subset,scene-1094_015,yaw,3.0,yaw_3deg,4,Car,14.38,near,79,74.6835,73.479
nuscenes_mini_subset,scene-1094_015,yaw,3.0,yaw_3deg,5,Car,18.87,mid,20,60.0,71.4903
nuscenes_mini_subset,scene-1094_015,pitch,0.5,pitch_0.5deg,0,Car,10.13,near,257,95.3307,11.8783
nuscenes_mini_subset,scene-1094_015,pitch,0.5,pitch_0.5deg,1,Car,26.15,mid,18,88.8889,11.3302
nuscenes_mini_subset,scene-1094_015,pitch,0.5,pitch_0.5deg,2,Car,30.04,far,13,100.0,11.2667
nuscenes_mini_subset,scene-1094_015,pitch,0.5,pitch_0.5deg,3,Car,36.35,far,16,100.0,11.2483
nuscenes_mini_subset,scene-1094_015,pitch,0.5,pitch_0.5deg,4,Car,14.38,near,79,100.0,11.6858
nuscenes_mini_subset,scene-1094_015,pitch,0.5,pitch_0.5deg,5,Car,18.87,mid,20,100.0,11.4178
nuscenes_mini_subset,scene-1094_015,pitch,1.0,pitch_1deg,0,Car,10.13,near,257,95.3307,23.767
nuscenes_mini_subset,scene-1094_015,pitch,1.0,pitch_1deg,1,Car,26.15,mid,18,88.8889,22.6646
nuscenes_mini_subset,scene-1094_015,pitch,1.0,pitch_1deg,2,Car,30.04,far,13,100.0,22.533
nuscenes_mini_subset,scene-1094_015,pitch,1.0,pitch_1deg,3,Car,36.35,far,16,100.0,22.4917
nuscenes_mini_subset,scene-1094_015,pitch,1.0,pitch_1deg,4,Car,14.38,near,79,100.0,23.3863
nuscenes_mini_subset,scene-1094_015,pitch,1.0,pitch_1deg,5,Car,18.87,mid,20,80.0,22.8449
nuscenes_mini_subset,scene-1094_015,pitch,2.0,pitch_2deg,0,Car,10.13,near,257,94.5525,47.5836
nuscenes_mini_subset,scene-1094_015,pitch,2.0,pitch_2deg,1,Car,26.15,mid,18,0.0,45.3538
nuscenes_mini_subset,scene-1094_015,pitch,2.0,pitch_2deg,2,Car,30.04,far,13,61.5385,45.0718
nuscenes_mini_subset,scene-1094_015,pitch,2.0,pitch_2deg,3,Car,36.35,far,16,75.0,44.971
nuscenes_mini_subset,scene-1094_015,pitch,2.0,pitch_2deg,4,Car,14.38,near,79,84.8101,46.8397
nuscenes_mini_subset,scene-1094_015,pitch,2.0,pitch_2deg,5,Car,18.87,mid,20,80.0,45.7344
nuscenes_mini_subset,scene-1094_015,pitch,3.0,pitch_3deg,0,Car,10.13,near,257,91.4397,71.4652
nuscenes_mini_subset,scene-1094_015,pitch,3.0,pitch_3deg,1,Car,26.15,mid,18,0.0,68.0819
nuscenes_mini_subset,scene-1094_015,pitch,3.0,pitch_3deg,2,Car,30.04,far,13,0.0,67.6308
nuscenes_mini_subset,scene-1094_015,pitch,3.0,pitch_3deg,3,Car,36.35,far,16,75.0,67.4626
nuscenes_mini_subset,scene-1094_015,pitch,3.0,pitch_3deg,4,Car,14.38,near,79,58.2278,70.3741
nuscenes_mini_subset,scene-1094_015,pitch,3.0,pitch_3deg,5,Car,18.87,mid,20,15.0,68.6836
nuscenes_mini_subset,scene-1094_015,roll,0.5,roll_0.5deg,0,Car,10.13,near,257,95.3307,4.9654
nuscenes_mini_subset,scene-1094_015,roll,0.5,roll_0.5deg,1,Car,26.15,mid,18,100.0,1.2254
nuscenes_mini_subset,scene-1094_015,roll,0.5,roll_0.5deg,2,Car,30.04,far,13,100.0,1.9895
nuscenes_mini_subset,scene-1094_015,roll,0.5,roll_0.5deg,3,Car,36.35,far,16,100.0,0.7963
nuscenes_mini_subset,scene-1094_015,roll,0.5,roll_0.5deg,4,Car,14.38,near,79,100.0,2.2788
nuscenes_mini_subset,scene-1094_015,roll,0.5,roll_0.5deg,5,Car,18.87,mid,20,100.0,2.7395
nuscenes_mini_subset,scene-1094_015,roll,1.0,roll_1deg,0,Car,10.13,near,257,95.7198,9.9312
nuscenes_mini_subset,scene-1094_015,roll,1.0,roll_1deg,1,Car,26.15,mid,18,100.0,2.4507
nuscenes_mini_subset,scene-1094_015,roll,1.0,roll_1deg,2,Car,30.04,far,13,100.0,3.979
nuscenes_mini_subset,scene-1094_015,roll,1.0,roll_1deg,3,Car,36.35,far,16,100.0,1.5926
nuscenes_mini_subset,scene-1094_015,roll,1.0,roll_1deg,4,Car,14.38,near,79,100.0,4.5575
nuscenes_mini_subset,scene-1094_015,roll,1.0,roll_1deg,5,Car,18.87,mid,20,100.0,5.4791
nuscenes_mini_subset,scene-1094_015,roll,2.0,roll_2deg,0,Car,10.13,near,257,96.1089,19.8631
nuscenes_mini_subset,scene-1094_015,roll,2.0,roll_2deg,1,Car,26.15,mid,18,100.0,4.9014
nuscenes_mini_subset,scene-1094_015,roll,2.0,roll_2deg,2,Car,30.04,far,13,100.0,7.9579
nuscenes_mini_subset,scene-1094_015,roll,2.0,roll_2deg,3,Car,36.35,far,16,100.0,3.1851
nuscenes_mini_subset,scene-1094_015,roll,2.0,roll_2deg,4,Car,14.38,near,79,100.0,9.1145
nuscenes_mini_subset,scene-1094_015,roll,2.0,roll_2deg,5,Car,18.87,mid,20,100.0,10.9582
nuscenes_mini_subset,scene-1094_015,roll,3.0,roll_3deg,0,Car,10.13,near,257,96.8872,29.7952
nuscenes_mini_subset,scene-1094_015,roll,3.0,roll_3deg,1,Car,26.15,mid,18,100.0,7.3517
nuscenes_mini_subset,scene-1094_015,roll,3.0,roll_3deg,2,Car,30.04,far,13,100.0,11.9364
nuscenes_mini_subset,scene-1094_015,roll,3.0,roll_3deg,3,Car,36.35,far,16,100.0,4.7774
nuscenes_mini_subset,scene-1094_015,roll,3.0,roll_3deg,4,Car,14.38,near,79,100.0,13.6704
nuscenes_mini_subset,scene-1094_015,roll,3.0,roll_3deg,5,Car,18.87,mid,20,100.0,16.4369
nuscenes_mini_subset,scene-1094_015,tx,0.02,tx_2cm,0,Car,10.13,near,257,95.3307,1.3593
nuscenes_mini_subset,scene-1094_015,tx,0.02,tx_2cm,1,Car,26.15,mid,18,100.0,0.1164
nuscenes_mini_subset,scene-1094_015,tx,0.02,tx_2cm,2,Car,30.04,far,13,100.0,0.1591
nuscenes_mini_subset,scene-1094_015,tx,0.02,tx_2cm,3,Car,36.35,far,16,100.0,0.0555
nuscenes_mini_subset,scene-1094_015,tx,0.02,tx_2cm,4,Car,14.38,near,79,100.0,0.4053
nuscenes_mini_subset,scene-1094_015,tx,0.02,tx_2cm,5,Car,18.87,mid,20,100.0,0.3398
nuscenes_mini_subset,scene-1094_015,tx,0.05,tx_5cm,0,Car,10.13,near,257,96.8872,3.3859
nuscenes_mini_subset,scene-1094_015,tx,0.05,tx_5cm,1,Car,26.15,mid,18,100.0,0.2906
nuscenes_mini_subset,scene-1094_015,tx,0.05,tx_5cm,2,Car,30.04,far,13,100.0,0.3973
nuscenes_mini_subset,scene-1094_015,tx,0.05,tx_5cm,3,Car,36.35,far,16,100.0,0.1387
nuscenes_mini_subset,scene-1094_015,tx,0.05,tx_5cm,4,Car,14.38,near,79,100.0,1.0109
nuscenes_mini_subset,scene-1094_015,tx,0.05,tx_5cm,5,Car,18.87,mid,20,100.0,0.8482
nuscenes_mini_subset,scene-1094_015,tx,0.1,tx_10cm,0,Car,10.13,near,257,96.8872,6.7312
nuscenes_mini_subset,scene-1094_015,tx,0.1,tx_10cm,1,Car,26.15,mid,18,100.0,0.58
nuscenes_mini_subset,scene-1094_015,tx,0.1,tx_10cm,2,Car,30.04,far,13,100.0,0.7932
nuscenes_mini_subset,scene-1094_015,tx,0.1,tx_10cm,3,Car,36.35,far,16,100.0,0.277
nuscenes_mini_subset,scene-1094_015,tx,0.1,tx_10cm,4,Car,14.38,near,79,100.0,2.0137
nuscenes_mini_subset,scene-1094_015,tx,0.1,tx_10cm,5,Car,18.87,mid,20,100.0,1.6918
nuscenes_mini_subset,scene-1094_015,ty,0.02,ty_2cm,0,Car,10.13,near,257,96.4981,2.991
nuscenes_mini_subset,scene-1094_015,ty,0.02,ty_2cm,1,Car,26.15,mid,18,100.0,1.0443
nuscenes_mini_subset,scene-1094_015,ty,0.02,ty_2cm,2,Car,30.04,far,13,100.0,0.8466
nuscenes_mini_subset,scene-1094_015,ty,0.02,ty_2cm,3,Car,36.35,far,16,100.0,0.7084
nuscenes_mini_subset,scene-1094_015,ty,0.02,ty_2cm,4,Car,14.38,near,79,100.0,2.0295
nuscenes_mini_subset,scene-1094_015,ty,0.02,ty_2cm,5,Car,18.87,mid,20,100.0,1.3705
nuscenes_mini_subset,scene-1094_015,ty,0.05,ty_5cm,0,Car,10.13,near,257,96.8872,7.4779
nuscenes_mini_subset,scene-1094_015,ty,0.05,ty_5cm,1,Car,26.15,mid,18,100.0,2.6109
nuscenes_mini_subset,scene-1094_015,ty,0.05,ty_5cm,2,Car,30.04,far,13,100.0,2.1165
nuscenes_mini_subset,scene-1094_015,ty,0.05,ty_5cm,3,Car,36.35,far,16,100.0,1.771
nuscenes_mini_subset,scene-1094_015,ty,0.05,ty_5cm,4,Car,14.38,near,79,100.0,5.0739
nuscenes_mini_subset,scene-1094_015,ty,0.05,ty_5cm,5,Car,18.87,mid,20,100.0,3.4264
nuscenes_mini_subset,scene-1094_015,ty,0.1,ty_10cm,0,Car,10.13,near,257,98.8327,14.9567
nuscenes_mini_subset,scene-1094_015,ty,0.1,ty_10cm,1,Car,26.15,mid,18,100.0,5.2218
nuscenes_mini_subset,scene-1094_015,ty,0.1,ty_10cm,2,Car,30.04,far,13,100.0,4.2331
nuscenes_mini_subset,scene-1094_015,ty,0.1,ty_10cm,3,Car,36.35,far,16,100.0,3.542
nuscenes_mini_subset,scene-1094_015,ty,0.1,ty_10cm,4,Car,14.38,near,79,100.0,10.1483
nuscenes_mini_subset,scene-1094_015,ty,0.1,ty_10cm,5,Car,18.87,mid,20,100.0,6.853
nuscenes_mini_subset,scene-1094_015,tz,0.02,tz_2cm,0,Car,10.13,near,257,95.3307,3.0052
nuscenes_mini_subset,scene-1094_015,tz,0.02,tz_2cm,1,Car,26.15,mid,18,100.0,1.0457
nuscenes_mini_subset,scene-1094_015,tz,0.02,tz_2cm,2,Car,30.04,far,13,100.0,0.8479
nuscenes_mini_subset,scene-1094_015,tz,0.02,tz_2cm,3,Car,36.35,far,16,100.0,0.7083
nuscenes_mini_subset,scene-1094_015,tz,0.02,tz_2cm,4,Car,14.38,near,79,100.0,2.0279
nuscenes_mini_subset,scene-1094_015,tz,0.02,tz_2cm,5,Car,18.87,mid,20,100.0,1.375
nuscenes_mini_subset,scene-1094_015,tz,0.05,tz_5cm,0,Car,10.13,near,257,95.3307,7.5125
nuscenes_mini_subset,scene-1094_015,tz,0.05,tz_5cm,1,Car,26.15,mid,18,100.0,2.6142
nuscenes_mini_subset,scene-1094_015,tz,0.05,tz_5cm,2,Car,30.04,far,13,100.0,2.1197
nuscenes_mini_subset,scene-1094_015,tz,0.05,tz_5cm,3,Car,36.35,far,16,100.0,1.7707
nuscenes_mini_subset,scene-1094_015,tz,0.05,tz_5cm,4,Car,14.38,near,79,100.0,5.0696
nuscenes_mini_subset,scene-1094_015,tz,0.05,tz_5cm,5,Car,18.87,mid,20,100.0,3.4373
nuscenes_mini_subset,scene-1094_015,tz,0.1,tz_10cm,0,Car,10.13,near,257,95.3307,15.0235
nuscenes_mini_subset,scene-1094_015,tz,0.1,tz_10cm,1,Car,26.15,mid,18,100.0,5.2281
nuscenes_mini_subset,scene-1094_015,tz,0.1,tz_10cm,2,Car,30.04,far,13,100.0,4.2392
nuscenes_mini_subset,scene-1094_015,tz,0.1,tz_10cm,3,Car,36.35,far,16,100.0,3.5413
nuscenes_mini_subset,scene-1094_015,tz,0.1,tz_10cm,4,Car,14.38,near,79,100.0,10.1384
nuscenes_mini_subset,scene-1094_015,tz,0.1,tz_10cm,5,Car,18.87,mid,20,100.0,6.8742
nuscenes_mini_subset,scene-1094_015,time,36.0,no_ego_motion,0,Car,10.13,near,257,89.1051,30.5836
nuscenes_mini_subset,scene-1094_015,time,36.0,no_ego_motion,1,Car,26.15,mid,18,100.0,19.7908
nuscenes_mini_subset,scene-1094_015,time,36.0,no_ego_motion,2,Car,30.04,far,13,100.0,20.386
nuscenes_mini_subset,scene-1094_015,time,36.0,no_ego_motion,3,Car,36.35,far,16,100.0,19.0866
nuscenes_mini_subset,scene-1094_015,time,36.0,no_ego_motion,4,Car,14.38,near,79,98.7342,17.2495
nuscenes_mini_subset,scene-1094_015,time,36.0,no_ego_motion,5,Car,18.87,mid,20,100.0,22.1048
nuscenes_mini_subset,scene-1094_016,baseline,0.0,baseline,1,Car,23.06,mid,22,100.0,0.0
nuscenes_mini_subset,scene-1094_016,baseline,0.0,baseline,2,Car,26.4,mid,20,100.0,0.0
nuscenes_mini_subset,scene-1094_016,baseline,0.0,baseline,3,Car,33.12,far,17,100.0,0.0
nuscenes_mini_subset,scene-1094_016,baseline,0.0,baseline,4,Car,15.88,mid,59,100.0,0.0
nuscenes_mini_subset,scene-1094_016,yaw,0.5,yaw_0.5deg,1,Car,23.06,mid,22,100.0,12.3312
nuscenes_mini_subset,scene-1094_016,yaw,0.5,yaw_0.5deg,2,Car,26.4,mid,20,100.0,12.9925
nuscenes_mini_subset,scene-1094_016,yaw,0.5,yaw_0.5deg,3,Car,33.12,far,17,100.0,11.8458
nuscenes_mini_subset,scene-1094_016,yaw,0.5,yaw_0.5deg,4,Car,15.88,mid,59,98.3051,11.5554
nuscenes_mini_subset,scene-1094_016,yaw,1.0,yaw_1deg,1,Car,23.06,mid,22,100.0,24.5991
nuscenes_mini_subset,scene-1094_016,yaw,1.0,yaw_1deg,2,Car,26.4,mid,20,100.0,25.8971
nuscenes_mini_subset,scene-1094_016,yaw,1.0,yaw_1deg,3,Car,33.12,far,17,82.3529,23.644
nuscenes_mini_subset,scene-1094_016,yaw,1.0,yaw_1deg,4,Car,15.88,mid,59,94.9153,23.1197
nuscenes_mini_subset,scene-1094_016,yaw,2.0,yaw_2deg,1,Car,23.06,mid,22,86.3636,48.9544
nuscenes_mini_subset,scene-1094_016,yaw,2.0,yaw_2deg,2,Car,26.4,mid,20,95.0,51.4539
nuscenes_mini_subset,scene-1094_016,yaw,2.0,yaw_2deg,3,Car,33.12,far,17,52.9412,47.106
nuscenes_mini_subset,scene-1094_016,yaw,2.0,yaw_2deg,4,Car,15.88,mid,59,88.1356,46.2823
nuscenes_mini_subset,scene-1094_016,yaw,3.0,yaw_3deg,1,Car,23.06,mid,22,72.7273,73.0847
nuscenes_mini_subset,scene-1094_016,yaw,3.0,yaw_3deg,2,Car,26.4,mid,20,55.0,76.693
nuscenes_mini_subset,scene-1094_016,yaw,3.0,yaw_3deg,3,Car,33.12,far,17,35.2941,70.4026
nuscenes_mini_subset,scene-1094_016,yaw,3.0,yaw_3deg,4,Car,15.88,mid,59,79.661,69.503
nuscenes_mini_subset,scene-1094_016,pitch,0.5,pitch_0.5deg,1,Car,23.06,mid,22,100.0,11.3491
nuscenes_mini_subset,scene-1094_016,pitch,0.5,pitch_0.5deg,2,Car,26.4,mid,20,100.0,11.3033
nuscenes_mini_subset,scene-1094_016,pitch,0.5,pitch_0.5deg,3,Car,33.12,far,17,100.0,11.2516
nuscenes_mini_subset,scene-1094_016,pitch,0.5,pitch_0.5deg,4,Car,15.88,mid,59,100.0,11.5673
nuscenes_mini_subset,scene-1094_016,pitch,1.0,pitch_1deg,1,Car,23.06,mid,22,95.4545,22.7028
nuscenes_mini_subset,scene-1094_016,pitch,1.0,pitch_1deg,2,Car,26.4,mid,20,75.0,22.6114
nuscenes_mini_subset,scene-1094_016,pitch,1.0,pitch_1deg,3,Car,33.12,far,17,100.0,22.498
nuscenes_mini_subset,scene-1094_016,pitch,1.0,pitch_1deg,4,Car,15.88,mid,59,84.7458,23.1484
nuscenes_mini_subset,scene-1094_016,pitch,2.0,pitch_2deg,1,Car,23.06,mid,22,81.8182,45.4313
nuscenes_mini_subset,scene-1094_016,pitch,2.0,pitch_2deg,2,Car,26.4,mid,20,75.0,45.2498
nuscenes_mini_subset,scene-1094_016,pitch,2.0,pitch_2deg,3,Car,33.12,far,17,100.0,44.9823
nuscenes_mini_subset,scene-1094_016,pitch,2.0,pitch_2deg,4,Car,15.88,mid,59,77.9661,46.3596
nuscenes_mini_subset,scene-1094_016,pitch,3.0,pitch_3deg,1,Car,23.06,mid,22,0.0,68.2005
nuscenes_mini_subset,scene-1094_016,pitch,3.0,pitch_3deg,2,Car,26.4,mid,20,25.0,67.9304
nuscenes_mini_subset,scene-1094_016,pitch,3.0,pitch_3deg,3,Car,33.12,far,17,76.4706,67.4772
nuscenes_mini_subset,scene-1094_016,pitch,3.0,pitch_3deg,4,Car,15.88,mid,59,55.9322,69.6489
nuscenes_mini_subset,scene-1094_016,roll,0.5,roll_0.5deg,1,Car,23.06,mid,22,100.0,3.3678
nuscenes_mini_subset,scene-1094_016,roll,0.5,roll_0.5deg,2,Car,26.4,mid,20,100.0,4.4145
nuscenes_mini_subset,scene-1094_016,roll,0.5,roll_0.5deg,3,Car,33.12,far,17,100.0,2.7231
nuscenes_mini_subset,scene-1094_016,roll,0.5,roll_0.5deg,4,Car,15.88,mid,59,100.0,0.8639
nuscenes_mini_subset,scene-1094_016,roll,1.0,roll_1deg,1,Car,23.06,mid,22,100.0,6.7358
nuscenes_mini_subset,scene-1094_016,roll,1.0,roll_1deg,2,Car,26.4,mid,20,100.0,8.8292
nuscenes_mini_subset,scene-1094_016,roll,1.0,roll_1deg,3,Car,33.12,far,17,100.0,5.4462
nuscenes_mini_subset,scene-1094_016,roll,1.0,roll_1deg,4,Car,15.88,mid,59,100.0,1.7278
nuscenes_mini_subset,scene-1094_016,roll,2.0,roll_2deg,1,Car,23.06,mid,22,100.0,13.4717
nuscenes_mini_subset,scene-1094_016,roll,2.0,roll_2deg,2,Car,26.4,mid,20,75.0,17.6588
nuscenes_mini_subset,scene-1094_016,roll,2.0,roll_2deg,3,Car,33.12,far,17,100.0,10.8924
nuscenes_mini_subset,scene-1094_016,roll,2.0,roll_2deg,4,Car,15.88,mid,59,100.0,3.4554
nuscenes_mini_subset,scene-1094_016,roll,3.0,roll_3deg,1,Car,23.06,mid,22,90.9091,20.2073
nuscenes_mini_subset,scene-1094_016,roll,3.0,roll_3deg,2,Car,26.4,mid,20,75.0,26.4883
nuscenes_mini_subset,scene-1094_016,roll,3.0,roll_3deg,3,Car,33.12,far,17,100.0,16.3383
nuscenes_mini_subset,scene-1094_016,roll,3.0,roll_3deg,4,Car,15.88,mid,59,100.0,5.1828
nuscenes_mini_subset,scene-1094_016,tx,0.02,tx_2cm,1,Car,23.06,mid,22,100.0,0.3624
nuscenes_mini_subset,scene-1094_016,tx,0.02,tx_2cm,2,Car,26.4,mid,20,100.0,0.404
nuscenes_mini_subset,scene-1094_016,tx,0.02,tx_2cm,3,Car,33.12,far,17,100.0,0.1921
nuscenes_mini_subset,scene-1094_016,tx,0.02,tx_2cm,4,Car,15.88,mid,59,100.0,0.114
nuscenes_mini_subset,scene-1094_016,tx,0.05,tx_5cm,1,Car,23.06,mid,22,100.0,0.9047
nuscenes_mini_subset,scene-1094_016,tx,0.05,tx_5cm,2,Car,26.4,mid,20,100.0,1.0088
nuscenes_mini_subset,scene-1094_016,tx,0.05,tx_5cm,3,Car,33.12,far,17,100.0,0.4798
nuscenes_mini_subset,scene-1094_016,tx,0.05,tx_5cm,4,Car,15.88,mid,59,100.0,0.2843
nuscenes_mini_subset,scene-1094_016,tx,0.1,tx_10cm,1,Car,23.06,mid,22,100.0,1.8053
nuscenes_mini_subset,scene-1094_016,tx,0.1,tx_10cm,2,Car,26.4,mid,20,100.0,2.0134
nuscenes_mini_subset,scene-1094_016,tx,0.1,tx_10cm,3,Car,33.12,far,17,100.0,0.9582
nuscenes_mini_subset,scene-1094_016,tx,0.1,tx_10cm,4,Car,15.88,mid,59,100.0,0.5666
nuscenes_mini_subset,scene-1094_016,ty,0.02,ty_2cm,1,Car,23.06,mid,22,100.0,1.1853
nuscenes_mini_subset,scene-1094_016,ty,0.02,ty_2cm,2,Car,26.4,mid,20,100.0,1.0227
nuscenes_mini_subset,scene-1094_016,ty,0.02,ty_2cm,3,Car,33.12,far,17,100.0,0.7719
nuscenes_mini_subset,scene-1094_016,ty,0.02,ty_2cm,4,Car,15.88,mid,59,100.0,1.8162
nuscenes_mini_subset,scene-1094_016,ty,0.05,ty_5cm,1,Car,23.06,mid,22,100.0,2.9634
nuscenes_mini_subset,scene-1094_016,ty,0.05,ty_5cm,2,Car,26.4,mid,20,100.0,2.5569
nuscenes_mini_subset,scene-1094_016,ty,0.05,ty_5cm,3,Car,33.12,far,17,100.0,1.9297
nuscenes_mini_subset,scene-1094_016,ty,0.05,ty_5cm,4,Car,15.88,mid,59,100.0,4.5405
nuscenes_mini_subset,scene-1094_016,ty,0.1,ty_10cm,1,Car,23.06,mid,22,100.0,5.9268
nuscenes_mini_subset,scene-1094_016,ty,0.1,ty_10cm,2,Car,26.4,mid,20,100.0,5.1137
nuscenes_mini_subset,scene-1094_016,ty,0.1,ty_10cm,3,Car,33.12,far,17,100.0,3.8594
nuscenes_mini_subset,scene-1094_016,ty,0.1,ty_10cm,4,Car,15.88,mid,59,98.3051,9.0811
nuscenes_mini_subset,scene-1094_016,tz,0.02,tz_2cm,1,Car,23.06,mid,22,100.0,1.1867
nuscenes_mini_subset,scene-1094_016,tz,0.02,tz_2cm,2,Car,26.4,mid,20,100.0,1.0243
nuscenes_mini_subset,scene-1094_016,tz,0.02,tz_2cm,3,Car,33.12,far,17,100.0,0.7719
nuscenes_mini_subset,scene-1094_016,tz,0.02,tz_2cm,4,Car,15.88,mid,59,100.0,1.8163
nuscenes_mini_subset,scene-1094_016,tz,0.05,tz_5cm,1,Car,23.06,mid,22,100.0,2.9666
nuscenes_mini_subset,scene-1094_016,tz,0.05,tz_5cm,2,Car,26.4,mid,20,100.0,2.5606
nuscenes_mini_subset,scene-1094_016,tz,0.05,tz_5cm,3,Car,33.12,far,17,100.0,1.9296
nuscenes_mini_subset,scene-1094_016,tz,0.05,tz_5cm,4,Car,15.88,mid,59,100.0,4.5407
nuscenes_mini_subset,scene-1094_016,tz,0.1,tz_10cm,1,Car,23.06,mid,22,100.0,5.933
nuscenes_mini_subset,scene-1094_016,tz,0.1,tz_10cm,2,Car,26.4,mid,20,100.0,5.1211
nuscenes_mini_subset,scene-1094_016,tz,0.1,tz_10cm,3,Car,33.12,far,17,100.0,3.8592
nuscenes_mini_subset,scene-1094_016,tz,0.1,tz_10cm,4,Car,15.88,mid,59,100.0,9.0807
nuscenes_mini_subset,scene-1094_016,time,37.0,no_ego_motion,1,Car,23.06,mid,22,100.0,13.2481
nuscenes_mini_subset,scene-1094_016,time,37.0,no_ego_motion,2,Car,26.4,mid,20,100.0,14.1807
nuscenes_mini_subset,scene-1094_016,time,37.0,no_ego_motion,3,Car,33.12,far,17,100.0,11.4779
nuscenes_mini_subset,scene-1094_016,time,37.0,no_ego_motion,4,Car,15.88,mid,59,98.3051,8.8057
nuscenes_mini_subset,scene-1094_017,baseline,0.0,baseline,0,Car,20.03,mid,27,100.0,0.0
nuscenes_mini_subset,scene-1094_017,baseline,0.0,baseline,1,Car,23.16,mid,22,100.0,0.0
nuscenes_mini_subset,scene-1094_017,baseline,0.0,baseline,2,Car,29.97,mid,16,100.0,0.0
nuscenes_mini_subset,scene-1094_017,baseline,0.0,baseline,3,Car,17.16,mid,45,100.0,0.0
nuscenes_mini_subset,scene-1094_017,yaw,0.5,yaw_0.5deg,0,Car,20.03,mid,27,100.0,13.3797
nuscenes_mini_subset,scene-1094_017,yaw,0.5,yaw_0.5deg,1,Car,23.16,mid,22,100.0,14.3791
nuscenes_mini_subset,scene-1094_017,yaw,0.5,yaw_0.5deg,2,Car,29.97,mid,16,100.0,12.5929
nuscenes_mini_subset,scene-1094_017,yaw,0.5,yaw_0.5deg,3,Car,17.16,mid,45,97.7778,11.4804
nuscenes_mini_subset,scene-1094_017,yaw,1.0,yaw_1deg,0,Car,20.03,mid,27,100.0,26.6609
nuscenes_mini_subset,scene-1094_017,yaw,1.0,yaw_1deg,1,Car,23.16,mid,22,100.0,28.6272
nuscenes_mini_subset,scene-1094_017,yaw,1.0,yaw_1deg,2,Car,29.97,mid,16,100.0,25.1103
nuscenes_mini_subset,scene-1094_017,yaw,1.0,yaw_1deg,3,Car,17.16,mid,45,86.6667,22.9643
nuscenes_mini_subset,scene-1094_017,yaw,2.0,yaw_2deg,0,Car,20.03,mid,27,88.8889,52.9405
nuscenes_mini_subset,scene-1094_017,yaw,2.0,yaw_2deg,1,Car,23.16,mid,22,95.4545,56.7464
nuscenes_mini_subset,scene-1094_017,yaw,2.0,yaw_2deg,2,Car,29.97,mid,16,87.5,49.929
nuscenes_mini_subset,scene-1094_017,yaw,2.0,yaw_2deg,3,Car,17.16,mid,45,84.4444,45.9328
nuscenes_mini_subset,scene-1094_017,yaw,3.0,yaw_3deg,0,Car,20.03,mid,27,77.7778,78.8632
nuscenes_mini_subset,scene-1094_017,yaw,3.0,yaw_3deg,1,Car,23.16,mid,22,77.2727,84.3882
nuscenes_mini_subset,scene-1094_017,yaw,3.0,yaw_3deg,2,Car,29.97,mid,16,56.25,74.4763
nuscenes_mini_subset,scene-1094_017,yaw,3.0,yaw_3deg,3,Car,17.16,mid,45,64.4444,68.941
nuscenes_mini_subset,scene-1094_017,pitch,0.5,pitch_0.5deg,0,Car,20.03,mid,27,100.0,11.4135
nuscenes_mini_subset,scene-1094_017,pitch,0.5,pitch_0.5deg,1,Car,23.16,mid,22,100.0,11.3623
nuscenes_mini_subset,scene-1094_017,pitch,0.5,pitch_0.5deg,2,Car,29.97,mid,16,100.0,11.2959
nuscenes_mini_subset,scene-1094_017,pitch,0.5,pitch_0.5deg,3,Car,17.16,mid,45,100.0,11.4748
nuscenes_mini_subset,scene-1094_017,pitch,1.0,pitch_1deg,0,Car,20.03,mid,27,100.0,22.8316
nuscenes_mini_subset,scene-1094_017,pitch,1.0,pitch_1deg,1,Car,23.16,mid,22,90.9091,22.7293
nuscenes_mini_subset,scene-1094_017,pitch,1.0,pitch_1deg,2,Car,29.97,mid,16,100.0,22.5858
nuscenes_mini_subset,scene-1094_017,pitch,1.0,pitch_1deg,3,Car,17.16,mid,45,100.0,22.9584
nuscenes_mini_subset,scene-1094_017,pitch,2.0,pitch_2deg,0,Car,20.03,mid,27,85.1852,45.6885
nuscenes_mini_subset,scene-1094_017,pitch,2.0,pitch_2deg,1,Car,23.16,mid,22,90.9091,45.4856
nuscenes_mini_subset,scene-1094_017,pitch,2.0,pitch_2deg,2,Car,29.97,mid,16,100.0,45.1553
nuscenes_mini_subset,scene-1094_017,pitch,2.0,pitch_2deg,3,Car,17.16,mid,45,80.0,45.9593
nuscenes_mini_subset,scene-1094_017,pitch,3.0,pitch_3deg,0,Car,20.03,mid,27,0.0,68.5863
nuscenes_mini_subset,scene-1094_017,pitch,3.0,pitch_3deg,1,Car,23.16,mid,22,40.9091,68.2847
nuscenes_mini_subset,scene-1094_017,pitch,3.0,pitch_3deg,2,Car,29.97,mid,16,75.0,67.7231
nuscenes_mini_subset,scene-1094_017,pitch,3.0,pitch_3deg,3,Car,17.16,mid,45,46.6667,69.0177
nuscenes_mini_subset,scene-1094_017,roll,0.5,roll_0.5deg,0,Car,20.03,mid,27,100.0,4.6992
nuscenes_mini_subset,scene-1094_017,roll,0.5,roll_0.5deg,1,Car,23.16,mid,22,100.0,5.831
nuscenes_mini_subset,scene-1094_017,roll,0.5,roll_0.5deg,2,Car,29.97,mid,16,100.0,3.8873
nuscenes_mini_subset,scene-1094_017,roll,0.5,roll_0.5deg,3,Car,17.16,mid,45,100.0,0.3999
nuscenes_mini_subset,scene-1094_017,roll,1.0,roll_1deg,0,Car,20.03,mid,27,100.0,9.3986
nuscenes_mini_subset,scene-1094_017,roll,1.0,roll_1deg,1,Car,23.16,mid,22,100.0,11.6624
nuscenes_mini_subset,scene-1094_017,roll,1.0,roll_1deg,2,Car,29.97,mid,16,100.0,7.7748
nuscenes_mini_subset,scene-1094_017,roll,1.0,roll_1deg,3,Car,17.16,mid,45,100.0,0.7998
nuscenes_mini_subset,scene-1094_017,roll,2.0,roll_2deg,0,Car,20.03,mid,27,100.0,18.7976
nuscenes_mini_subset,scene-1094_017,roll,2.0,roll_2deg,1,Car,23.16,mid,22,90.9091,23.3257
nuscenes_mini_subset,scene-1094_017,roll,2.0,roll_2deg,2,Car,29.97,mid,16,100.0,15.5498
nuscenes_mini_subset,scene-1094_017,roll,2.0,roll_2deg,3,Car,17.16,mid,45,100.0,1.5995
nuscenes_mini_subset,scene-1094_017,roll,3.0,roll_3deg,0,Car,20.03,mid,27,92.5926,28.1964
nuscenes_mini_subset,scene-1094_017,roll,3.0,roll_3deg,1,Car,23.16,mid,22,90.9091,34.9891
nuscenes_mini_subset,scene-1094_017,roll,3.0,roll_3deg,2,Car,29.97,mid,16,100.0,23.3245
nuscenes_mini_subset,scene-1094_017,roll,3.0,roll_3deg,3,Car,17.16,mid,45,100.0,2.399
nuscenes_mini_subset,scene-1094_017,tx,0.02,tx_2cm,0,Car,20.03,mid,27,100.0,0.5943
nuscenes_mini_subset,scene-1094_017,tx,0.02,tx_2cm,1,Car,23.16,mid,22,100.0,0.603
nuscenes_mini_subset,scene-1094_017,tx,0.02,tx_2cm,2,Car,29.97,mid,16,100.0,0.3152
nuscenes_mini_subset,scene-1094_017,tx,0.02,tx_2cm,3,Car,17.16,mid,45,100.0,0.0593
nuscenes_mini_subset,scene-1094_017,tx,0.05,tx_5cm,0,Car,20.03,mid,27,100.0,1.4834
nuscenes_mini_subset,scene-1094_017,tx,0.05,tx_5cm,1,Car,23.16,mid,22,100.0,1.5053
nuscenes_mini_subset,scene-1094_017,tx,0.05,tx_5cm,2,Car,29.97,mid,16,100.0,0.7872
nuscenes_mini_subset,scene-1094_017,tx,0.05,tx_5cm,3,Car,17.16,mid,45,100.0,0.1479
nuscenes_mini_subset,scene-1094_017,tx,0.1,tx_10cm,0,Car,20.03,mid,27,100.0,2.9586
nuscenes_mini_subset,scene-1094_017,tx,0.1,tx_10cm,1,Car,23.16,mid,22,100.0,3.0037
nuscenes_mini_subset,scene-1094_017,tx,0.1,tx_10cm,2,Car,29.97,mid,16,100.0,1.5717
nuscenes_mini_subset,scene-1094_017,tx,0.1,tx_10cm,3,Car,17.16,mid,45,100.0,0.2948
nuscenes_mini_subset,scene-1094_017,ty,0.02,ty_2cm,0,Car,20.03,mid,27,100.0,1.3869
nuscenes_mini_subset,scene-1094_017,ty,0.02,ty_2cm,1,Car,23.16,mid,22,100.0,1.1757
nuscenes_mini_subset,scene-1094_017,ty,0.02,ty_2cm,2,Car,29.97,mid,16,100.0,0.8883
nuscenes_mini_subset,scene-1094_017,ty,0.02,ty_2cm,3,Car,17.16,mid,45,100.0,1.6773
nuscenes_mini_subset,scene-1094_017,ty,0.05,ty_5cm,0,Car,20.03,mid,27,100.0,3.4673
nuscenes_mini_subset,scene-1094_017,ty,0.05,ty_5cm,1,Car,23.16,mid,22,100.0,2.9393
nuscenes_mini_subset,scene-1094_017,ty,0.05,ty_5cm,2,Car,29.97,mid,16,100.0,2.2206
nuscenes_mini_subset,scene-1094_017,ty,0.05,ty_5cm,3,Car,17.16,mid,45,100.0,4.1932
nuscenes_mini_subset,scene-1094_017,ty,0.1,ty_10cm,0,Car,20.03,mid,27,100.0,6.9345
nuscenes_mini_subset,scene-1094_017,ty,0.1,ty_10cm,1,Car,23.16,mid,22,100.0,5.8786
nuscenes_mini_subset,scene-1094_017,ty,0.1,ty_10cm,2,Car,29.97,mid,16,100.0,4.4413
nuscenes_mini_subset,scene-1094_017,ty,0.1,ty_10cm,3,Car,17.16,mid,45,100.0,8.3863
nuscenes_mini_subset,scene-1094_017,tz,0.02,tz_2cm,0,Car,20.03,mid,27,100.0,1.3849
nuscenes_mini_subset,scene-1094_017,tz,0.02,tz_2cm,1,Car,23.16,mid,22,100.0,1.174
nuscenes_mini_subset,scene-1094_017,tz,0.02,tz_2cm,2,Car,29.97,mid,16,100.0,0.8865
nuscenes_mini_subset,scene-1094_017,tz,0.02,tz_2cm,3,Car,17.16,mid,45,100.0,1.6779
nuscenes_mini_subset,scene-1094_017,tz,0.05,tz_5cm,0,Car,20.03,mid,27,100.0,3.4622
nuscenes_mini_subset,scene-1094_017,tz,0.05,tz_5cm,1,Car,23.16,mid,22,100.0,2.9348
nuscenes_mini_subset,scene-1094_017,tz,0.05,tz_5cm,2,Car,29.97,mid,16,100.0,2.2162
nuscenes_mini_subset,scene-1094_017,tz,0.05,tz_5cm,3,Car,17.16,mid,45,100.0,4.1946
nuscenes_mini_subset,scene-1094_017,tz,0.1,tz_10cm,0,Car,20.03,mid,27,100.0,6.9241
nuscenes_mini_subset,scene-1094_017,tz,0.1,tz_10cm,1,Car,23.16,mid,22,100.0,5.8694
nuscenes_mini_subset,scene-1094_017,tz,0.1,tz_10cm,2,Car,29.97,mid,16,100.0,4.4324
nuscenes_mini_subset,scene-1094_017,tz,0.1,tz_10cm,3,Car,17.16,mid,45,100.0,8.3888
nuscenes_mini_subset,scene-1094_017,time,38.0,no_ego_motion,0,Car,20.03,mid,27,100.0,6.7361
nuscenes_mini_subset,scene-1094_017,time,38.0,no_ego_motion,1,Car,23.16,mid,22,100.0,6.9674
nuscenes_mini_subset,scene-1094_017,time,38.0,no_ego_motion,2,Car,29.97,mid,16,100.0,4.0313
nuscenes_mini_subset,scene-1094_017,time,38.0,no_ego_motion,3,Car,17.16,mid,45,100.0,2.349
nuscenes_mini_subset,scene-1094_018,baseline,0.0,baseline,0,Car,16.93,mid,49,83.6735,0.0
nuscenes_mini_subset,scene-1094_018,baseline,0.0,baseline,2,Car,26.81,mid,10,100.0,0.0
nuscenes_mini_subset,scene-1094_018,baseline,0.0,baseline,3,Car,18.16,mid,42,100.0,0.0
nuscenes_mini_subset,scene-1094_018,yaw,0.5,yaw_0.5deg,0,Car,16.93,mid,49,87.7551,14.5404
nuscenes_mini_subset,scene-1094_018,yaw,0.5,yaw_0.5deg,2,Car,26.81,mid,10,100.0,13.0631
nuscenes_mini_subset,scene-1094_018,yaw,0.5,yaw_0.5deg,3,Car,18.16,mid,42,95.2381,11.4244
nuscenes_mini_subset,scene-1094_018,yaw,1.0,yaw_1deg,0,Car,16.93,mid,49,93.8776,28.9467
nuscenes_mini_subset,scene-1094_018,yaw,1.0,yaw_1deg,2,Car,26.81,mid,10,80.0,26.0352
nuscenes_mini_subset,scene-1094_018,yaw,1.0,yaw_1deg,3,Car,18.16,mid,42,95.2381,22.8488
nuscenes_mini_subset,scene-1094_018,yaw,2.0,yaw_2deg,0,Car,16.93,mid,49,93.8776,57.3729
nuscenes_mini_subset,scene-1094_018,yaw,2.0,yaw_2deg,2,Car,26.81,mid,10,80.0,51.7181
nuscenes_mini_subset,scene-1094_018,yaw,2.0,yaw_2deg,3,Car,18.16,mid,42,76.1905,45.6994
nuscenes_mini_subset,scene-1094_018,yaw,3.0,yaw_3deg,0,Car,16.93,mid,49,87.7551,85.3102
nuscenes_mini_subset,scene-1094_018,yaw,3.0,yaw_3deg,2,Car,26.81,mid,10,50.0,77.0713
nuscenes_mini_subset,scene-1094_018,yaw,3.0,yaw_3deg,3,Car,18.16,mid,42,52.381,68.5667
nuscenes_mini_subset,scene-1094_018,pitch,0.5,pitch_0.5deg,0,Car,16.93,mid,49,83.6735,11.4672
nuscenes_mini_subset,scene-1094_018,pitch,0.5,pitch_0.5deg,2,Car,26.81,mid,10,100.0,11.283
nuscenes_mini_subset,scene-1094_018,pitch,0.5,pitch_0.5deg,3,Car,18.16,mid,42,100.0,11.4259
nuscenes_mini_subset,scene-1094_018,pitch,1.0,pitch_1deg,0,Car,16.93,mid,49,83.6735,22.9454
nuscenes_mini_subset,scene-1094_018,pitch,1.0,pitch_1deg,2,Car,26.81,mid,10,90.0,22.5685
nuscenes_mini_subset,scene-1094_018,pitch,1.0,pitch_1deg,3,Car,18.16,mid,42,100.0,22.8604
nuscenes_mini_subset,scene-1094_018,pitch,2.0,pitch_2deg,0,Car,16.93,mid,49,83.6735,45.9426
nuscenes_mini_subset,scene-1094_018,pitch,2.0,pitch_2deg,2,Car,26.81,mid,10,90.0,45.1619
nuscenes_mini_subset,scene-1094_018,pitch,2.0,pitch_2deg,3,Car,18.16,mid,42,64.2857,45.7629
nuscenes_mini_subset,scene-1094_018,pitch,3.0,pitch_3deg,0,Car,16.93,mid,49,57.1429,68.9982
nuscenes_mini_subset,scene-1094_018,pitch,3.0,pitch_3deg,2,Car,26.81,mid,10,50.0,67.7813
nuscenes_mini_subset,scene-1094_018,pitch,3.0,pitch_3deg,3,Car,18.16,mid,42,30.9524,68.7224
nuscenes_mini_subset,scene-1094_018,roll,0.5,roll_0.5deg,0,Car,16.93,mid,49,83.6735,5.9065
nuscenes_mini_subset,scene-1094_018,roll,0.5,roll_0.5deg,2,Car,26.81,mid,10,100.0,4.4886
nuscenes_mini_subset,scene-1094_018,roll,0.5,roll_0.5deg,3,Car,18.16,mid,42,100.0,0.427
nuscenes_mini_subset,scene-1094_018,roll,1.0,roll_1deg,0,Car,16.93,mid,49,83.6735,11.8134
nuscenes_mini_subset,scene-1094_018,roll,1.0,roll_1deg,2,Car,26.81,mid,10,100.0,8.9774
nuscenes_mini_subset,scene-1094_018,roll,1.0,roll_1deg,3,Car,18.16,mid,42,100.0,0.8541
nuscenes_mini_subset,scene-1094_018,roll,2.0,roll_2deg,0,Car,16.93,mid,49,83.6735,23.628
nuscenes_mini_subset,scene-1094_018,roll,2.0,roll_2deg,2,Car,26.81,mid,10,100.0,17.9553
nuscenes_mini_subset,scene-1094_018,roll,2.0,roll_2deg,3,Car,18.16,mid,42,100.0,1.7081
nuscenes_mini_subset,scene-1094_018,roll,3.0,roll_3deg,0,Car,16.93,mid,49,83.6735,35.4429
nuscenes_mini_subset,scene-1094_018,roll,3.0,roll_3deg,2,Car,26.81,mid,10,90.0,26.933
nuscenes_mini_subset,scene-1094_018,roll,3.0,roll_3deg,3,Car,18.16,mid,42,100.0,2.562
nuscenes_mini_subset,scene-1094_018,tx,0.02,tx_2cm,0,Car,16.93,mid,49,83.6735,0.8555
nuscenes_mini_subset,scene-1094_018,tx,0.02,tx_2cm,2,Car,26.81,mid,10,100.0,0.3942
nuscenes_mini_subset,scene-1094_018,tx,0.02,tx_2cm,3,Car,18.16,mid,42,100.0,0.0583
nuscenes_mini_subset,scene-1094_018,tx,0.05,tx_5cm,0,Car,16.93,mid,49,83.6735,2.1348
nuscenes_mini_subset,scene-1094_018,tx,0.05,tx_5cm,2,Car,26.81,mid,10,100.0,0.9845
nuscenes_mini_subset,scene-1094_018,tx,0.05,tx_5cm,3,Car,18.16,mid,42,100.0,0.1456
nuscenes_mini_subset,scene-1094_018,tx,0.1,tx_10cm,0,Car,16.93,mid,49,83.6735,4.2559
nuscenes_mini_subset,scene-1094_018,tx,0.1,tx_10cm,2,Car,26.81,mid,10,100.0,1.9652
nuscenes_mini_subset,scene-1094_018,tx,0.1,tx_10cm,3,Car,18.16,mid,42,100.0,0.2902
nuscenes_mini_subset,scene-1094_018,ty,0.02,ty_2cm,0,Car,16.93,mid,49,83.6735,1.6111
nuscenes_mini_subset,scene-1094_018,ty,0.02,ty_2cm,2,Car,26.81,mid,10,100.0,0.97
nuscenes_mini_subset,scene-1094_018,ty,0.02,ty_2cm,3,Car,18.16,mid,42,100.0,1.5674
nuscenes_mini_subset,scene-1094_018,ty,0.05,ty_5cm,0,Car,16.93,mid,49,83.6735,4.0277
nuscenes_mini_subset,scene-1094_018,ty,0.05,ty_5cm,2,Car,26.81,mid,10,100.0,2.4249
nuscenes_mini_subset,scene-1094_018,ty,0.05,ty_5cm,3,Car,18.16,mid,42,100.0,3.9184
nuscenes_mini_subset,scene-1094_018,ty,0.1,ty_10cm,0,Car,16.93,mid,49,87.7551,8.0553
nuscenes_mini_subset,scene-1094_018,ty,0.1,ty_10cm,2,Car,26.81,mid,10,100.0,4.8498
nuscenes_mini_subset,scene-1094_018,ty,0.1,ty_10cm,3,Car,18.16,mid,42,95.2381,7.8368
nuscenes_mini_subset,scene-1094_018,tz,0.02,tz_2cm,0,Car,16.93,mid,49,83.6735,1.611
nuscenes_mini_subset,scene-1094_018,tz,0.02,tz_2cm,2,Car,26.81,mid,10,100.0,0.969
nuscenes_mini_subset,scene-1094_018,tz,0.02,tz_2cm,3,Car,18.16,mid,42,100.0,1.5681
nuscenes_mini_subset,scene-1094_018,tz,0.05,tz_5cm,0,Car,16.93,mid,49,83.6735,4.0275
nuscenes_mini_subset,scene-1094_018,tz,0.05,tz_5cm,2,Car,26.81,mid,10,100.0,2.4225
nuscenes_mini_subset,scene-1094_018,tz,0.05,tz_5cm,3,Car,18.16,mid,42,100.0,3.9201
nuscenes_mini_subset,scene-1094_018,tz,0.1,tz_10cm,0,Car,16.93,mid,49,83.6735,8.0544
nuscenes_mini_subset,scene-1094_018,tz,0.1,tz_10cm,2,Car,26.81,mid,10,100.0,4.8448
nuscenes_mini_subset,scene-1094_018,tz,0.1,tz_10cm,3,Car,18.16,mid,42,100.0,7.8397
nuscenes_mini_subset,scene-1094_018,time,37.8,no_ego_motion,0,Car,16.93,mid,49,77.551,13.1995
nuscenes_mini_subset,scene-1094_018,time,37.8,no_ego_motion,2,Car,26.81,mid,10,100.0,7.6139
nuscenes_mini_subset,scene-1094_018,time,37.8,no_ego_motion,3,Car,18.16,mid,42,100.0,2.7006
nuscenes_mini_subset,scene-1094_019,baseline,0.0,baseline,1,Car,23.45,mid,35,100.0,0.0
nuscenes_mini_subset,scene-1094_019,baseline,0.0,baseline,2,Car,19.16,mid,30,100.0,0.0
nuscenes_mini_subset,scene-1094_019,baseline,0.0,baseline,3,Car,21.7,mid,13,100.0,0.0
nuscenes_mini_subset,scene-1094_019,yaw,0.5,yaw_0.5deg,1,Car,23.45,mid,35,100.0,14.0138
nuscenes_mini_subset,scene-1094_019,yaw,0.5,yaw_0.5deg,2,Car,19.16,mid,30,93.3333,11.3983
nuscenes_mini_subset,scene-1094_019,yaw,0.5,yaw_0.5deg,3,Car,21.7,mid,13,100.0,13.3333
nuscenes_mini_subset,scene-1094_019,yaw,1.0,yaw_1deg,1,Car,23.45,mid,35,97.1429,27.9075
nuscenes_mini_subset,scene-1094_019,yaw,1.0,yaw_1deg,2,Car,19.16,mid,30,90.0,22.7969
nuscenes_mini_subset,scene-1094_019,yaw,1.0,yaw_1deg,3,Car,21.7,mid,13,84.6154,26.5684
nuscenes_mini_subset,scene-1094_019,yaw,2.0,yaw_2deg,1,Car,23.45,mid,35,88.5714,55.349
nuscenes_mini_subset,scene-1094_019,yaw,2.0,yaw_2deg,2,Car,19.16,mid,30,70.0,45.5954
nuscenes_mini_subset,scene-1094_019,yaw,2.0,yaw_2deg,3,Car,21.7,mid,13,84.6154,52.7563
nuscenes_mini_subset,scene-1094_019,yaw,3.0,yaw_3deg,1,Car,23.45,mid,35,71.4286,82.3531
nuscenes_mini_subset,scene-1094_019,yaw,3.0,yaw_3deg,2,Car,19.16,mid,30,43.3333,68.4055
nuscenes_mini_subset,scene-1094_019,yaw,3.0,yaw_3deg,3,Car,21.7,mid,13,84.6154,78.5882
nuscenes_mini_subset,scene-1094_019,pitch,0.5,pitch_0.5deg,1,Car,23.45,mid,35,97.1429,11.316
nuscenes_mini_subset,scene-1094_019,pitch,0.5,pitch_0.5deg,2,Car,19.16,mid,30,100.0,11.399
nuscenes_mini_subset,scene-1094_019,pitch,0.5,pitch_0.5deg,3,Car,21.7,mid,13,100.0,11.3626
nuscenes_mini_subset,scene-1094_019,pitch,1.0,pitch_1deg,1,Car,23.45,mid,35,97.1429,22.6311
nuscenes_mini_subset,scene-1094_019,pitch,1.0,pitch_1deg,2,Car,19.16,mid,30,100.0,22.8067
nuscenes_mini_subset,scene-1094_019,pitch,1.0,pitch_1deg,3,Car,21.7,mid,13,92.3077,22.7354
nuscenes_mini_subset,scene-1094_019,pitch,2.0,pitch_2deg,1,Car,23.45,mid,35,82.8571,45.2658
nuscenes_mini_subset,scene-1094_019,pitch,2.0,pitch_2deg,2,Car,19.16,mid,30,53.3333,45.6558
nuscenes_mini_subset,scene-1094_019,pitch,2.0,pitch_2deg,3,Car,21.7,mid,13,92.3077,45.5194
nuscenes_mini_subset,scene-1094_019,pitch,3.0,pitch_3deg,1,Car,23.45,mid,35,82.8571,67.9191
nuscenes_mini_subset,scene-1094_019,pitch,3.0,pitch_3deg,2,Car,19.16,mid,30,6.6667,68.5618
nuscenes_mini_subset,scene-1094_019,pitch,3.0,pitch_3deg,3,Car,21.7,mid,13,0.0,68.3676
nuscenes_mini_subset,scene-1094_019,roll,0.5,roll_0.5deg,1,Car,23.45,mid,35,100.0,5.5176
nuscenes_mini_subset,scene-1094_019,roll,0.5,roll_0.5deg,2,Car,19.16,mid,30,100.0,0.5508
nuscenes_mini_subset,scene-1094_019,roll,0.5,roll_0.5deg,3,Car,21.7,mid,13,100.0,4.742
nuscenes_mini_subset,scene-1094_019,roll,1.0,roll_1deg,1,Car,23.45,mid,35,97.1429,11.0356
nuscenes_mini_subset,scene-1094_019,roll,1.0,roll_1deg,2,Car,19.16,mid,30,100.0,1.1015
nuscenes_mini_subset,scene-1094_019,roll,1.0,roll_1deg,3,Car,21.7,mid,13,100.0,9.4843
nuscenes_mini_subset,scene-1094_019,roll,2.0,roll_2deg,1,Car,23.45,mid,35,97.1429,22.072
nuscenes_mini_subset,scene-1094_019,roll,2.0,roll_2deg,2,Car,19.16,mid,30,100.0,2.2029
nuscenes_mini_subset,scene-1094_019,roll,2.0,roll_2deg,3,Car,21.7,mid,13,92.3077,18.9691
nuscenes_mini_subset,scene-1094_019,roll,3.0,roll_3deg,1,Car,23.45,mid,35,97.1429,33.1085
nuscenes_mini_subset,scene-1094_019,roll,3.0,roll_3deg,2,Car,19.16,mid,30,100.0,3.3042
nuscenes_mini_subset,scene-1094_019,roll,3.0,roll_3deg,3,Car,21.7,mid,13,92.3077,28.4538
nuscenes_mini_subset,scene-1094_019,tx,0.02,tx_2cm,1,Car,23.45,mid,35,100.0,0.5668
nuscenes_mini_subset,scene-1094_019,tx,0.02,tx_2cm,2,Car,19.16,mid,30,100.0,0.0497
nuscenes_mini_subset,scene-1094_019,tx,0.02,tx_2cm,3,Car,21.7,mid,13,100.0,0.544
nuscenes_mini_subset,scene-1094_019,tx,0.05,tx_5cm,1,Car,23.45,mid,35,100.0,1.4152
nuscenes_mini_subset,scene-1094_019,tx,0.05,tx_5cm,2,Car,19.16,mid,30,100.0,0.124
nuscenes_mini_subset,scene-1094_019,tx,0.05,tx_5cm,3,Car,21.7,mid,13,100.0,1.3581
nuscenes_mini_subset,scene-1094_019,tx,0.1,tx_10cm,1,Car,23.45,mid,35,100.0,2.8241
nuscenes_mini_subset,scene-1094_019,tx,0.1,tx_10cm,2,Car,19.16,mid,30,100.0,0.2473
nuscenes_mini_subset,scene-1094_019,tx,0.1,tx_10cm,3,Car,21.7,mid,13,100.0,2.7094
nuscenes_mini_subset,scene-1094_019,ty,0.02,ty_2cm,1,Car,23.45,mid,35,100.0,1.1369
nuscenes_mini_subset,scene-1094_019,ty,0.02,ty_2cm,2,Car,19.16,mid,30,100.0,1.48
nuscenes_mini_subset,scene-1094_019,ty,0.02,ty_2cm,3,Car,21.7,mid,13,100.0,1.2705
nuscenes_mini_subset,scene-1094_019,ty,0.05,ty_5cm,1,Car,23.45,mid,35,100.0,2.8422
nuscenes_mini_subset,scene-1094_019,ty,0.05,ty_5cm,2,Car,19.16,mid,30,96.6667,3.6999
nuscenes_mini_subset,scene-1094_019,ty,0.05,ty_5cm,3,Car,21.7,mid,13,100.0,3.1761
nuscenes_mini_subset,scene-1094_019,ty,0.1,ty_10cm,1,Car,23.45,mid,35,100.0,5.6843
nuscenes_mini_subset,scene-1094_019,ty,0.1,ty_10cm,2,Car,19.16,mid,30,93.3333,7.3998
nuscenes_mini_subset,scene-1094_019,ty,0.1,ty_10cm,3,Car,21.7,mid,13,100.0,6.3522
nuscenes_mini_subset,scene-1094_019,tz,0.02,tz_2cm,1,Car,23.45,mid,35,100.0,1.1356
nuscenes_mini_subset,scene-1094_019,tz,0.02,tz_2cm,2,Car,19.16,mid,30,100.0,1.4807
nuscenes_mini_subset,scene-1094_019,tz,0.02,tz_2cm,3,Car,21.7,mid,13,100.0,1.2703
nuscenes_mini_subset,scene-1094_019,tz,0.05,tz_5cm,1,Car,23.45,mid,35,100.0,2.839
nuscenes_mini_subset,scene-1094_019,tz,0.05,tz_5cm,2,Car,19.16,mid,30,100.0,3.7015
nuscenes_mini_subset,scene-1094_019,tz,0.05,tz_5cm,3,Car,21.7,mid,13,100.0,3.1757
nuscenes_mini_subset,scene-1094_019,tz,0.1,tz_10cm,1,Car,23.45,mid,35,100.0,5.6777
nuscenes_mini_subset,scene-1094_019,tz,0.1,tz_10cm,2,Car,19.16,mid,30,100.0,7.4027
nuscenes_mini_subset,scene-1094_019,tz,0.1,tz_10cm,3,Car,21.7,mid,13,100.0,6.3511
nuscenes_mini_subset,scene-1094_019,time,37.7,no_ego_motion,1,Car,23.45,mid,35,100.0,11.2056
nuscenes_mini_subset,scene-1094_019,time,37.7,no_ego_motion,2,Car,19.16,mid,30,100.0,3.6875
nuscenes_mini_subset,scene-1094_019,time,37.7,no_ego_motion,3,Car,21.7,mid,13,100.0,10.739
nuscenes_mini_subset,scene-1094_020,baseline,0.0,baseline,3,Car,20.01,mid,37,100.0,0.0
nuscenes_mini_subset,scene-1094_020,baseline,0.0,baseline,4,Car,18.65,mid,24,100.0,0.0
nuscenes_mini_subset,scene-1094_020,yaw,0.5,yaw_0.5deg,3,Car,20.01,mid,37,91.8919,11.3713
nuscenes_mini_subset,scene-1094_020,yaw,0.5,yaw_0.5deg,4,Car,18.65,mid,24,100.0,14.3031
nuscenes_mini_subset,scene-1094_020,yaw,1.0,yaw_1deg,3,Car,20.01,mid,37,83.7838,22.743
nuscenes_mini_subset,scene-1094_020,yaw,1.0,yaw_1deg,4,Car,18.65,mid,24,100.0,28.4784
nuscenes_mini_subset,scene-1094_020,yaw,2.0,yaw_2deg,3,Car,20.01,mid,37,59.4595,45.4884
nuscenes_mini_subset,scene-1094_020,yaw,2.0,yaw_2deg,4,Car,18.65,mid,24,91.6667,56.4612
nuscenes_mini_subset,scene-1094_020,yaw,3.0,yaw_3deg,3,Car,20.01,mid,37,43.2432,68.2441
nuscenes_mini_subset,scene-1094_020,yaw,3.0,yaw_3deg,4,Car,18.65,mid,24,79.1667,83.9784
nuscenes_mini_subset,scene-1094_020,pitch,0.5,pitch_0.5deg,3,Car,20.01,mid,37,100.0,11.3754
nuscenes_mini_subset,scene-1094_020,pitch,0.5,pitch_0.5deg,4,Car,18.65,mid,24,100.0,11.4116
nuscenes_mini_subset,scene-1094_020,pitch,1.0,pitch_1deg,3,Car,20.01,mid,37,100.0,22.7596
nuscenes_mini_subset,scene-1094_020,pitch,1.0,pitch_1deg,4,Car,18.65,mid,24,100.0,22.834
nuscenes_mini_subset,scene-1094_020,pitch,2.0,pitch_2deg,3,Car,20.01,mid,37,59.4595,45.5618
nuscenes_mini_subset,scene-1094_020,pitch,2.0,pitch_2deg,4,Car,18.65,mid,24,66.6667,45.7192
nuscenes_mini_subset,scene-1094_020,pitch,3.0,pitch_3deg,3,Car,20.01,mid,37,24.3243,68.4211
nuscenes_mini_subset,scene-1094_020,pitch,3.0,pitch_3deg,4,Car,18.65,mid,24,66.6667,68.6716
nuscenes_mini_subset,scene-1094_020,roll,0.5,roll_0.5deg,3,Car,20.01,mid,37,100.0,0.5239
nuscenes_mini_subset,scene-1094_020,roll,0.5,roll_0.5deg,4,Car,18.65,mid,24,100.0,5.7219
nuscenes_mini_subset,scene-1094_020,roll,1.0,roll_1deg,3,Car,20.01,mid,37,100.0,1.0479
nuscenes_mini_subset,scene-1094_020,roll,1.0,roll_1deg,4,Car,18.65,mid,24,100.0,11.4442
nuscenes_mini_subset,scene-1094_020,roll,2.0,roll_2deg,3,Car,20.01,mid,37,100.0,2.0956
nuscenes_mini_subset,scene-1094_020,roll,2.0,roll_2deg,4,Car,18.65,mid,24,100.0,22.8893
nuscenes_mini_subset,scene-1094_020,roll,3.0,roll_3deg,3,Car,20.01,mid,37,100.0,3.1433
nuscenes_mini_subset,scene-1094_020,roll,3.0,roll_3deg,4,Car,18.65,mid,24,91.6667,34.3344
nuscenes_mini_subset,scene-1094_020,tx,0.02,tx_2cm,3,Car,20.01,mid,37,100.0,0.0532
nuscenes_mini_subset,scene-1094_020,tx,0.02,tx_2cm,4,Car,18.65,mid,24,100.0,0.7682
nuscenes_mini_subset,scene-1094_020,tx,0.05,tx_5cm,3,Car,20.01,mid,37,100.0,0.1327
nuscenes_mini_subset,scene-1094_020,tx,0.05,tx_5cm,4,Car,18.65,mid,24,100.0,1.9172
nuscenes_mini_subset,scene-1094_020,tx,0.1,tx_10cm,3,Car,20.01,mid,37,100.0,0.2648
nuscenes_mini_subset,scene-1094_020,tx,0.1,tx_10cm,4,Car,18.65,mid,24,100.0,3.8232
nuscenes_mini_subset,scene-1094_020,ty,0.02,ty_2cm,3,Car,20.01,mid,37,100.0,1.4071
nuscenes_mini_subset,scene-1094_020,ty,0.02,ty_2cm,4,Car,18.65,mid,24,100.0,1.4872
nuscenes_mini_subset,scene-1094_020,ty,0.05,ty_5cm,3,Car,20.01,mid,37,100.0,3.5177
nuscenes_mini_subset,scene-1094_020,ty,0.05,ty_5cm,4,Car,18.65,mid,24,100.0,3.7179
nuscenes_mini_subset,scene-1094_020,ty,0.1,ty_10cm,3,Car,20.01,mid,37,91.8919,7.0353
nuscenes_mini_subset,scene-1094_020,ty,0.1,ty_10cm,4,Car,18.65,mid,24,100.0,7.4357
nuscenes_mini_subset,scene-1094_020,tz,0.02,tz_2cm,3,Car,20.01,mid,37,100.0,1.4079
nuscenes_mini_subset,scene-1094_020,tz,0.02,tz_2cm,4,Car,18.65,mid,24,100.0,1.4858
nuscenes_mini_subset,scene-1094_020,tz,0.05,tz_5cm,3,Car,20.01,mid,37,100.0,3.5196
nuscenes_mini_subset,scene-1094_020,tz,0.05,tz_5cm,4,Car,18.65,mid,24,100.0,3.7143
nuscenes_mini_subset,scene-1094_020,tz,0.1,tz_10cm,3,Car,20.01,mid,37,100.0,7.0388
nuscenes_mini_subset,scene-1094_020,tz,0.1,tz_10cm,4,Car,18.65,mid,24,100.0,7.4283
nuscenes_mini_subset,scene-1094_020,time,37.3,no_ego_motion,3,Car,20.01,mid,37,100.0,3.0317
nuscenes_mini_subset,scene-1094_020,time,37.3,no_ego_motion,4,Car,18.65,mid,24,100.0,12.5283
nuscenes_mini_subset,scene-1094_021,baseline,0.0,baseline,3,Car,20.95,mid,25,100.0,0.0
nuscenes_mini_subset,scene-1094_021,baseline,0.0,baseline,7,Motorcycle,15.22,mid,16,100.0,0.0
nuscenes_mini_subset,scene-1094_021,yaw,0.5,yaw_0.5deg,3,Car,20.95,mid,25,92.0,11.3577
nuscenes_mini_subset,scene-1094_021,yaw,0.5,yaw_0.5deg,7,Motorcycle,15.22,mid,16,100.0,13.984
nuscenes_mini_subset,scene-1094_021,yaw,1.0,yaw_1deg,3,Car,20.95,mid,25,84.0,22.7167
nuscenes_mini_subset,scene-1094_021,yaw,1.0,yaw_1deg,7,Motorcycle,15.22,mid,16,93.75,27.8508
nuscenes_mini_subset,scene-1094_021,yaw,2.0,yaw_2deg,3,Car,20.95,mid,25,60.0,45.4333
nuscenes_mini_subset,scene-1094_021,yaw,2.0,yaw_2deg,7,Motorcycle,15.22,mid,16,68.75,55.2476
nuscenes_mini_subset,scene-1094_021,yaw,3.0,yaw_3deg,3,Car,20.95,mid,25,36.0,68.1641
nuscenes_mini_subset,scene-1094_021,yaw,3.0,yaw_3deg,7,Motorcycle,15.22,mid,16,43.75,82.2182
nuscenes_mini_subset,scene-1094_021,pitch,0.5,pitch_0.5deg,3,Car,20.95,mid,25,100.0,11.386
nuscenes_mini_subset,scene-1094_021,pitch,0.5,pitch_0.5deg,7,Motorcycle,15.22,mid,16,100.0,11.47
nuscenes_mini_subset,scene-1094_021,pitch,1.0,pitch_1deg,3,Car,20.95,mid,25,100.0,22.7857
nuscenes_mini_subset,scene-1094_021,pitch,1.0,pitch_1deg,7,Motorcycle,15.22,mid,16,100.0,22.9534
nuscenes_mini_subset,scene-1094_021,pitch,2.0,pitch_2deg,3,Car,20.95,mid,25,44.0,45.6339
nuscenes_mini_subset,scene-1094_021,pitch,2.0,pitch_2deg,7,Motorcycle,15.22,mid,16,87.5,45.9681
nuscenes_mini_subset,scene-1094_021,pitch,3.0,pitch_3deg,3,Car,20.95,mid,25,0.0,68.5593
nuscenes_mini_subset,scene-1094_021,pitch,3.0,pitch_3deg,7,Motorcycle,15.22,mid,16,87.5,69.0606
nuscenes_mini_subset,scene-1094_021,roll,0.5,roll_0.5deg,3,Car,20.95,mid,25,100.0,0.5626
nuscenes_mini_subset,scene-1094_021,roll,0.5,roll_0.5deg,7,Motorcycle,15.22,mid,16,100.0,5.3552
nuscenes_mini_subset,scene-1094_021,roll,1.0,roll_1deg,3,Car,20.95,mid,25,100.0,1.1252
nuscenes_mini_subset,scene-1094_021,roll,1.0,roll_1deg,7,Motorcycle,15.22,mid,16,100.0,10.7107
nuscenes_mini_subset,scene-1094_021,roll,2.0,roll_2deg,3,Car,20.95,mid,25,100.0,2.2503
nuscenes_mini_subset,scene-1094_021,roll,2.0,roll_2deg,7,Motorcycle,15.22,mid,16,100.0,21.4221
nuscenes_mini_subset,scene-1094_021,roll,3.0,roll_3deg,3,Car,20.95,mid,25,100.0,3.3753
nuscenes_mini_subset,scene-1094_021,roll,3.0,roll_3deg,7,Motorcycle,15.22,mid,16,100.0,32.1336
nuscenes_mini_subset,scene-1094_021,tx,0.02,tx_2cm,3,Car,20.95,mid,25,100.0,0.0489
nuscenes_mini_subset,scene-1094_021,tx,0.02,tx_2cm,7,Motorcycle,15.22,mid,16,100.0,0.818
nuscenes_mini_subset,scene-1094_021,tx,0.05,tx_5cm,3,Car,20.95,mid,25,100.0,0.122
nuscenes_mini_subset,scene-1094_021,tx,0.05,tx_5cm,7,Motorcycle,15.22,mid,16,100.0,2.0409
nuscenes_mini_subset,scene-1094_021,tx,0.1,tx_10cm,3,Car,20.95,mid,25,100.0,0.2434
nuscenes_mini_subset,scene-1094_021,tx,0.1,tx_10cm,7,Motorcycle,15.22,mid,16,100.0,4.0683
nuscenes_mini_subset,scene-1094_021,ty,0.02,ty_2cm,3,Car,20.95,mid,25,100.0,1.3395
nuscenes_mini_subset,scene-1094_021,ty,0.02,ty_2cm,7,Motorcycle,15.22,mid,16,100.0,1.6751
nuscenes_mini_subset,scene-1094_021,ty,0.05,ty_5cm,3,Car,20.95,mid,25,100.0,3.3487
nuscenes_mini_subset,scene-1094_021,ty,0.05,ty_5cm,7,Motorcycle,15.22,mid,16,100.0,4.1878
nuscenes_mini_subset,scene-1094_021,ty,0.1,ty_10cm,3,Car,20.95,mid,25,92.0,6.6974
nuscenes_mini_subset,scene-1094_021,ty,0.1,ty_10cm,7,Motorcycle,15.22,mid,16,100.0,8.3754
nuscenes_mini_subset,scene-1094_021,tz,0.02,tz_2cm,3,Car,20.95,mid,25,100.0,1.3399
nuscenes_mini_subset,scene-1094_021,tz,0.02,tz_2cm,7,Motorcycle,15.22,mid,16,100.0,1.6728
nuscenes_mini_subset,scene-1094_021,tz,0.05,tz_5cm,3,Car,20.95,mid,25,100.0,3.3496
nuscenes_mini_subset,scene-1094_021,tz,0.05,tz_5cm,7,Motorcycle,15.22,mid,16,100.0,4.1817
nuscenes_mini_subset,scene-1094_021,tz,0.1,tz_10cm,3,Car,20.95,mid,25,100.0,6.6989
nuscenes_mini_subset,scene-1094_021,tz,0.1,tz_10cm,7,Motorcycle,15.22,mid,16,100.0,8.363
nuscenes_mini_subset,scene-1094_021,time,36.6,no_ego_motion,3,Car,20.95,mid,25,100.0,1.4242
nuscenes_mini_subset,scene-1094_021,time,36.6,no_ego_motion,7,Motorcycle,15.22,mid,16,100.0,11.7266
nuscenes_mini_subset,scene-1094_022,baseline,0.0,baseline,3,Car,21.82,mid,23,100.0,0.0
nuscenes_mini_subset,scene-1094_022,baseline,0.0,baseline,8,Car,18.18,mid,25,96.0,0.0
nuscenes_mini_subset,scene-1094_022,yaw,0.5,yaw_0.5deg,3,Car,21.82,mid,23,86.9565,11.3413
nuscenes_mini_subset,scene-1094_022,yaw,0.5,yaw_0.5deg,8,Car,18.18,mid,25,96.0,14.3111
nuscenes_mini_subset,scene-1094_022,yaw,1.0,yaw_1deg,3,Car,21.82,mid,23,86.9565,22.6761
nuscenes_mini_subset,scene-1094_022,yaw,1.0,yaw_1deg,8,Car,18.18,mid,25,96.0,28.494
nuscenes_mini_subset,scene-1094_022,yaw,2.0,yaw_2deg,3,Car,21.82,mid,23,65.2174,45.3446
nuscenes_mini_subset,scene-1094_022,yaw,2.0,yaw_2deg,8,Car,18.18,mid,25,96.0,56.4906
nuscenes_mini_subset,scene-1094_022,yaw,3.0,yaw_3deg,3,Car,21.82,mid,23,39.1304,68.0197
nuscenes_mini_subset,scene-1094_022,yaw,3.0,yaw_3deg,8,Car,18.18,mid,25,84.0,84.02
nuscenes_mini_subset,scene-1094_022,pitch,0.5,pitch_0.5deg,3,Car,21.82,mid,23,100.0,11.3635
nuscenes_mini_subset,scene-1094_022,pitch,0.5,pitch_0.5deg,8,Car,18.18,mid,25,96.0,11.4128
nuscenes_mini_subset,scene-1094_022,pitch,1.0,pitch_1deg,3,Car,21.82,mid,23,100.0,22.7408
nuscenes_mini_subset,scene-1094_022,pitch,1.0,pitch_1deg,8,Car,18.18,mid,25,96.0,22.8365
nuscenes_mini_subset,scene-1094_022,pitch,2.0,pitch_2deg,3,Car,21.82,mid,23,43.4783,45.5441
nuscenes_mini_subset,scene-1094_022,pitch,2.0,pitch_2deg,8,Car,18.18,mid,25,56.0,45.7244
nuscenes_mini_subset,scene-1094_022,pitch,3.0,pitch_3deg,3,Car,21.82,mid,23,0.0,68.4246
nuscenes_mini_subset,scene-1094_022,pitch,3.0,pitch_3deg,8,Car,18.18,mid,25,56.0,68.6801
nuscenes_mini_subset,scene-1094_022,roll,0.5,roll_0.5deg,3,Car,21.82,mid,23,100.0,0.5859
nuscenes_mini_subset,scene-1094_022,roll,0.5,roll_0.5deg,8,Car,18.18,mid,25,96.0,5.7398
nuscenes_mini_subset,scene-1094_022,roll,1.0,roll_1deg,3,Car,21.82,mid,23,100.0,1.1718
nuscenes_mini_subset,scene-1094_022,roll,1.0,roll_1deg,8,Car,18.18,mid,25,96.0,11.48
nuscenes_mini_subset,scene-1094_022,roll,2.0,roll_2deg,3,Car,21.82,mid,23,95.6522,2.3436
nuscenes_mini_subset,scene-1094_022,roll,2.0,roll_2deg,8,Car,18.18,mid,25,96.0,22.9609
nuscenes_mini_subset,scene-1094_022,roll,3.0,roll_3deg,3,Car,21.82,mid,23,95.6522,3.5151
nuscenes_mini_subset,scene-1094_022,roll,3.0,roll_3deg,8,Car,18.18,mid,25,96.0,34.4419
nuscenes_mini_subset,scene-1094_022,tx,0.02,tx_2cm,3,Car,21.82,mid,23,100.0,0.0544
nuscenes_mini_subset,scene-1094_022,tx,0.02,tx_2cm,8,Car,18.18,mid,25,96.0,0.7691
nuscenes_mini_subset,scene-1094_022,tx,0.05,tx_5cm,3,Car,21.82,mid,23,100.0,0.1358
nuscenes_mini_subset,scene-1094_022,tx,0.05,tx_5cm,8,Car,18.18,mid,25,96.0,1.9193
nuscenes_mini_subset,scene-1094_022,tx,0.1,tx_10cm,3,Car,21.82,mid,23,100.0,0.271
nuscenes_mini_subset,scene-1094_022,tx,0.1,tx_10cm,8,Car,18.18,mid,25,96.0,3.8274
nuscenes_mini_subset,scene-1094_022,ty,0.02,ty_2cm,3,Car,21.82,mid,23,100.0,1.2801
nuscenes_mini_subset,scene-1094_022,ty,0.02,ty_2cm,8,Car,18.18,mid,25,96.0,1.486
nuscenes_mini_subset,scene-1094_022,ty,0.05,ty_5cm,3,Car,21.82,mid,23,95.6522,3.2003
nuscenes_mini_subset,scene-1094_022,ty,0.05,ty_5cm,8,Car,18.18,mid,25,96.0,3.7149
nuscenes_mini_subset,scene-1094_022,ty,0.1,ty_10cm,3,Car,21.82,mid,23,95.6522,6.4005
nuscenes_mini_subset,scene-1094_022,ty,0.1,ty_10cm,8,Car,18.18,mid,25,96.0,7.4298
nuscenes_mini_subset,scene-1094_022,tz,0.02,tz_2cm,3,Car,21.82,mid,23,100.0,1.2808
nuscenes_mini_subset,scene-1094_022,tz,0.02,tz_2cm,8,Car,18.18,mid,25,96.0,1.4843
nuscenes_mini_subset,scene-1094_022,tz,0.05,tz_5cm,3,Car,21.82,mid,23,100.0,3.2018
nuscenes_mini_subset,scene-1094_022,tz,0.05,tz_5cm,8,Car,18.18,mid,25,96.0,3.7107
nuscenes_mini_subset,scene-1094_022,tz,0.1,tz_10cm,3,Car,21.82,mid,23,100.0,6.4034
nuscenes_mini_subset,scene-1094_022,tz,0.1,tz_10cm,8,Car,18.18,mid,25,96.0,7.421
nuscenes_mini_subset,scene-1094_022,time,36.5,no_ego_motion,3,Car,21.82,mid,23,100.0,1.9091
nuscenes_mini_subset,scene-1094_022,time,36.5,no_ego_motion,8,Car,18.18,mid,25,96.0,11.3993
nuscenes_mini_subset,scene-1094_023,baseline,0.0,baseline,3,Car,22.85,mid,18,100.0,0.0
nuscenes_mini_subset,scene-1094_023,yaw,0.5,yaw_0.5deg,3,Car,22.85,mid,18,88.8889,11.3055
nuscenes_mini_subset,scene-1094_023,yaw,1.0,yaw_1deg,3,Car,22.85,mid,18,83.3333,22.6053
nuscenes_mini_subset,scene-1094_023,yaw,2.0,yaw_2deg,3,Car,22.85,mid,18,55.5556,45.1955
nuscenes_mini_subset,scene-1094_023,yaw,3.0,yaw_3deg,3,Car,22.85,mid,18,38.8889,67.7963
nuscenes_mini_subset,scene-1094_023,pitch,0.5,pitch_0.5deg,3,Car,22.85,mid,18,100.0,11.3155
nuscenes_mini_subset,scene-1094_023,pitch,1.0,pitch_1deg,3,Car,22.85,mid,18,50.0,22.6424
nuscenes_mini_subset,scene-1094_023,pitch,2.0,pitch_2deg,3,Car,22.85,mid,18,50.0,45.3371
nuscenes_mini_subset,scene-1094_023,pitch,3.0,pitch_3deg,3,Car,22.85,mid,18,0.0,68.0989
nuscenes_mini_subset,scene-1094_023,roll,0.5,roll_0.5deg,3,Car,22.85,mid,18,100.0,0.5775
nuscenes_mini_subset,scene-1094_023,roll,1.0,roll_1deg,3,Car,22.85,mid,18,100.0,1.1549
nuscenes_mini_subset,scene-1094_023,roll,2.0,roll_2deg,3,Car,22.85,mid,18,100.0,2.3098
nuscenes_mini_subset,scene-1094_023,roll,3.0,roll_3deg,3,Car,22.85,mid,18,100.0,3.4645
nuscenes_mini_subset,scene-1094_023,tx,0.02,tx_2cm,3,Car,22.85,mid,18,100.0,0.0517
nuscenes_mini_subset,scene-1094_023,tx,0.05,tx_5cm,3,Car,22.85,mid,18,100.0,0.1292
nuscenes_mini_subset,scene-1094_023,tx,0.1,tx_10cm,3,Car,22.85,mid,18,100.0,0.2577
nuscenes_mini_subset,scene-1094_023,ty,0.02,ty_2cm,3,Car,22.85,mid,18,100.0,1.2215
nuscenes_mini_subset,scene-1094_023,ty,0.05,ty_5cm,3,Car,22.85,mid,18,100.0,3.0537
nuscenes_mini_subset,scene-1094_023,ty,0.1,ty_10cm,3,Car,22.85,mid,18,100.0,6.1074
nuscenes_mini_subset,scene-1094_023,tz,0.02,tz_2cm,3,Car,22.85,mid,18,100.0,1.2219
nuscenes_mini_subset,scene-1094_023,tz,0.05,tz_5cm,3,Car,22.85,mid,18,100.0,3.0548
nuscenes_mini_subset,scene-1094_023,tz,0.1,tz_10cm,3,Car,22.85,mid,18,100.0,6.1093
nuscenes_mini_subset,scene-1094_023,time,39.5,no_ego_motion,3,Car,22.85,mid,18,100.0,1.1931
nuscenes_mini_subset,scene-1094_024,baseline,0.0,baseline,3,Car,23.5,mid,22,100.0,0.0
nuscenes_mini_subset,scene-1094_024,baseline,0.0,baseline,6,Pedestrian,15.15,mid,11,100.0,0.0
nuscenes_mini_subset,scene-1094_024,yaw,0.5,yaw_0.5deg,3,Car,23.5,mid,22,95.4545,11.318
nuscenes_mini_subset,scene-1094_024,yaw,0.5,yaw_0.5deg,6,Pedestrian,15.15,mid,11,100.0,12.4502
nuscenes_mini_subset,scene-1094_024,yaw,1.0,yaw_1deg,3,Car,23.5,mid,22,81.8182,22.6275
nuscenes_mini_subset,scene-1094_024,yaw,1.0,yaw_1deg,6,Pedestrian,15.15,mid,11,90.9091,24.97
nuscenes_mini_subset,scene-1094_024,yaw,2.0,yaw_2deg,3,Car,23.5,mid,22,59.0909,45.2278
nuscenes_mini_subset,scene-1094_024,yaw,2.0,yaw_2deg,6,Pedestrian,15.15,mid,11,27.2727,50.2293
nuscenes_mini_subset,scene-1094_024,yaw,3.0,yaw_3deg,3,Car,23.5,mid,22,36.3636,67.815
nuscenes_mini_subset,scene-1094_024,yaw,3.0,yaw_3deg,6,Pedestrian,15.15,mid,11,0.0,75.7993
nuscenes_mini_subset,scene-1094_024,pitch,0.5,pitch_0.5deg,3,Car,23.5,mid,22,95.4545,11.3066
nuscenes_mini_subset,scene-1094_024,pitch,0.5,pitch_0.5deg,6,Pedestrian,15.15,mid,11,100.0,11.3892
nuscenes_mini_subset,scene-1094_024,pitch,1.0,pitch_1deg,3,Car,23.5,mid,22,95.4545,22.6221
nuscenes_mini_subset,scene-1094_024,pitch,1.0,pitch_1deg,6,Pedestrian,15.15,mid,11,100.0,22.7874
nuscenes_mini_subset,scene-1094_024,pitch,2.0,pitch_2deg,3,Car,23.5,mid,22,40.9091,45.2871
nuscenes_mini_subset,scene-1094_024,pitch,2.0,pitch_2deg,6,Pedestrian,15.15,mid,11,90.9091,45.6188
nuscenes_mini_subset,scene-1094_024,pitch,3.0,pitch_3deg,3,Car,23.5,mid,22,40.9091,68.0094
nuscenes_mini_subset,scene-1094_024,pitch,3.0,pitch_3deg,6,Pedestrian,15.15,mid,11,45.4545,68.5092
nuscenes_mini_subset,scene-1094_024,roll,0.5,roll_0.5deg,3,Car,23.5,mid,22,100.0,0.5667
nuscenes_mini_subset,scene-1094_024,roll,0.5,roll_0.5deg,6,Pedestrian,15.15,mid,11,100.0,3.43
nuscenes_mini_subset,scene-1094_024,roll,1.0,roll_1deg,3,Car,23.5,mid,22,100.0,1.1334
nuscenes_mini_subset,scene-1094_024,roll,1.0,roll_1deg,6,Pedestrian,15.15,mid,11,100.0,6.8597
nuscenes_mini_subset,scene-1094_024,roll,2.0,roll_2deg,3,Car,23.5,mid,22,100.0,2.2667
nuscenes_mini_subset,scene-1094_024,roll,2.0,roll_2deg,6,Pedestrian,15.15,mid,11,100.0,13.7182
nuscenes_mini_subset,scene-1094_024,roll,3.0,roll_3deg,3,Car,23.5,mid,22,100.0,3.3999
nuscenes_mini_subset,scene-1094_024,roll,3.0,roll_3deg,6,Pedestrian,15.15,mid,11,90.9091,20.5751
nuscenes_mini_subset,scene-1094_024,tx,0.02,tx_2cm,3,Car,23.5,mid,22,100.0,0.059
nuscenes_mini_subset,scene-1094_024,tx,0.02,tx_2cm,6,Pedestrian,15.15,mid,11,100.0,0.5184
nuscenes_mini_subset,scene-1094_024,tx,0.05,tx_5cm,3,Car,23.5,mid,22,100.0,0.1474
nuscenes_mini_subset,scene-1094_024,tx,0.05,tx_5cm,6,Pedestrian,15.15,mid,11,100.0,1.2934
nuscenes_mini_subset,scene-1094_024,tx,0.1,tx_10cm,3,Car,23.5,mid,22,100.0,0.2941
nuscenes_mini_subset,scene-1094_024,tx,0.1,tx_10cm,6,Pedestrian,15.15,mid,11,100.0,2.5783
nuscenes_mini_subset,scene-1094_024,ty,0.02,ty_2cm,3,Car,23.5,mid,22,100.0,1.1769
nuscenes_mini_subset,scene-1094_024,ty,0.02,ty_2cm,6,Pedestrian,15.15,mid,11,100.0,1.6721
nuscenes_mini_subset,scene-1094_024,ty,0.05,ty_5cm,3,Car,23.5,mid,22,100.0,2.9421
nuscenes_mini_subset,scene-1094_024,ty,0.05,ty_5cm,6,Pedestrian,15.15,mid,11,100.0,4.1803
nuscenes_mini_subset,scene-1094_024,ty,0.1,ty_10cm,3,Car,23.5,mid,22,100.0,5.8842
nuscenes_mini_subset,scene-1094_024,ty,0.1,ty_10cm,6,Pedestrian,15.15,mid,11,100.0,8.3604
nuscenes_mini_subset,scene-1094_024,tz,0.02,tz_2cm,3,Car,23.5,mid,22,100.0,1.1766
nuscenes_mini_subset,scene-1094_024,tz,0.02,tz_2cm,6,Pedestrian,15.15,mid,11,100.0,1.6736
nuscenes_mini_subset,scene-1094_024,tz,0.05,tz_5cm,3,Car,23.5,mid,22,100.0,2.9415
nuscenes_mini_subset,scene-1094_024,tz,0.05,tz_5cm,6,Pedestrian,15.15,mid,11,100.0,4.1839
nuscenes_mini_subset,scene-1094_024,tz,0.1,tz_10cm,3,Car,23.5,mid,22,100.0,5.8827
nuscenes_mini_subset,scene-1094_024,tz,0.1,tz_10cm,6,Pedestrian,15.15,mid,11,100.0,8.3673
nuscenes_mini_subset,scene-1094_024,time,34.9,no_ego_motion,3,Car,23.5,mid,22,100.0,1.2891
nuscenes_mini_subset,scene-1094_024,time,34.9,no_ego_motion,6,Pedestrian,15.15,mid,11,100.0,7.8864
nuscenes_mini_subset,scene-1094_025,baseline,0.0,baseline,4,Car,24.27,mid,28,100.0,0.0
nuscenes_mini_subset,scene-1094_025,baseline,0.0,baseline,7,Pedestrian,10.28,near,19,100.0,0.0
nuscenes_mini_subset,scene-1094_025,yaw,0.5,yaw_0.5deg,4,Car,24.27,mid,28,96.4286,11.2988
nuscenes_mini_subset,scene-1094_025,yaw,0.5,yaw_0.5deg,7,Pedestrian,10.28,near,19,100.0,13.9243
nuscenes_mini_subset,scene-1094_025,yaw,1.0,yaw_1deg,4,Car,24.27,mid,28,89.2857,22.5906
nuscenes_mini_subset,scene-1094_025,yaw,1.0,yaw_1deg,7,Pedestrian,10.28,near,19,94.7368,27.9649
nuscenes_mini_subset,scene-1094_025,yaw,2.0,yaw_2deg,4,Car,24.27,mid,28,60.7143,45.159
nuscenes_mini_subset,scene-1094_025,yaw,2.0,yaw_2deg,7,Pedestrian,10.28,near,19,57.8947,56.4101
nuscenes_mini_subset,scene-1094_025,yaw,3.0,yaw_3deg,4,Car,24.27,mid,28,28.5714,67.7282
nuscenes_mini_subset,scene-1094_025,yaw,3.0,yaw_3deg,7,Pedestrian,10.28,near,19,10.5263,85.367
nuscenes_mini_subset,scene-1094_025,pitch,0.5,pitch_0.5deg,4,Car,24.27,mid,28,100.0,11.2827
nuscenes_mini_subset,scene-1094_025,pitch,0.5,pitch_0.5deg,7,Pedestrian,10.28,near,19,100.0,11.5412
nuscenes_mini_subset,scene-1094_025,pitch,1.0,pitch_1deg,4,Car,24.27,mid,28,100.0,22.5696
nuscenes_mini_subset,scene-1094_025,pitch,1.0,pitch_1deg,7,Pedestrian,10.28,near,19,100.0,23.0921
nuscenes_mini_subset,scene-1094_025,pitch,2.0,pitch_2deg,4,Car,24.27,mid,28,57.1429,45.1628
nuscenes_mini_subset,scene-1094_025,pitch,2.0,pitch_2deg,7,Pedestrian,10.28,near,19,100.0,46.2311
nuscenes_mini_subset,scene-1094_025,pitch,3.0,pitch_3deg,4,Car,24.27,mid,28,25.0,67.7941
nuscenes_mini_subset,scene-1094_025,pitch,3.0,pitch_3deg,7,Pedestrian,10.28,near,19,100.0,69.4336
nuscenes_mini_subset,scene-1094_025,roll,0.5,roll_0.5deg,4,Car,24.27,mid,28,100.0,0.5012
nuscenes_mini_subset,scene-1094_025,roll,0.5,roll_0.5deg,7,Pedestrian,10.28,near,19,100.0,5.1348
nuscenes_mini_subset,scene-1094_025,roll,1.0,roll_1deg,4,Car,24.27,mid,28,100.0,1.0024
nuscenes_mini_subset,scene-1094_025,roll,1.0,roll_1deg,7,Pedestrian,10.28,near,19,100.0,10.269
nuscenes_mini_subset,scene-1094_025,roll,2.0,roll_2deg,4,Car,24.27,mid,28,100.0,2.0047
nuscenes_mini_subset,scene-1094_025,roll,2.0,roll_2deg,7,Pedestrian,10.28,near,19,100.0,20.5357
nuscenes_mini_subset,scene-1094_025,roll,3.0,roll_3deg,4,Car,24.27,mid,28,100.0,3.0069
nuscenes_mini_subset,scene-1094_025,roll,3.0,roll_3deg,7,Pedestrian,10.28,near,19,89.4737,30.7993
nuscenes_mini_subset,scene-1094_025,tx,0.02,tx_2cm,4,Car,24.27,mid,28,100.0,0.0554
nuscenes_mini_subset,scene-1094_025,tx,0.02,tx_2cm,7,Pedestrian,10.28,near,19,100.0,1.1475
nuscenes_mini_subset,scene-1094_025,tx,0.05,tx_5cm,4,Car,24.27,mid,28,100.0,0.1382
nuscenes_mini_subset,scene-1094_025,tx,0.05,tx_5cm,7,Pedestrian,10.28,near,19,100.0,2.8604
nuscenes_mini_subset,scene-1094_025,tx,0.1,tx_10cm,4,Car,24.27,mid,28,100.0,0.2758
nuscenes_mini_subset,scene-1094_025,tx,0.1,tx_10cm,7,Pedestrian,10.28,near,19,100.0,5.6934
nuscenes_mini_subset,scene-1094_025,ty,0.02,ty_2cm,4,Car,24.27,mid,28,100.0,1.1401
nuscenes_mini_subset,scene-1094_025,ty,0.02,ty_2cm,7,Pedestrian,10.28,near,19,100.0,2.4781
nuscenes_mini_subset,scene-1094_025,ty,0.05,ty_5cm,4,Car,24.27,mid,28,100.0,2.8502
nuscenes_mini_subset,scene-1094_025,ty,0.05,ty_5cm,7,Pedestrian,10.28,near,19,100.0,6.1951
nuscenes_mini_subset,scene-1094_025,ty,0.1,ty_10cm,4,Car,24.27,mid,28,96.4286,5.7003
nuscenes_mini_subset,scene-1094_025,ty,0.1,ty_10cm,7,Pedestrian,10.28,near,19,100.0,12.39
nuscenes_mini_subset,scene-1094_025,tz,0.02,tz_2cm,4,Car,24.27,mid,28,100.0,1.1399
nuscenes_mini_subset,scene-1094_025,tz,0.02,tz_2cm,7,Pedestrian,10.28,near,19,100.0,2.4838
nuscenes_mini_subset,scene-1094_025,tz,0.05,tz_5cm,4,Car,24.27,mid,28,100.0,2.8496
nuscenes_mini_subset,scene-1094_025,tz,0.05,tz_5cm,7,Pedestrian,10.28,near,19,100.0,6.2091
nuscenes_mini_subset,scene-1094_025,tz,0.1,tz_10cm,4,Car,24.27,mid,28,100.0,5.6991
nuscenes_mini_subset,scene-1094_025,tz,0.1,tz_10cm,7,Pedestrian,10.28,near,19,100.0,12.417
nuscenes_mini_subset,scene-1094_025,time,34.8,no_ego_motion,4,Car,24.27,mid,28,100.0,0.5732
nuscenes_mini_subset,scene-1094_025,time,34.8,no_ego_motion,7,Pedestrian,10.28,near,19,94.7368,18.5483
nuscenes_mini_subset,scene-1094_026,baseline,0.0,baseline,4,Car,24.99,mid,30,100.0,0.0
nuscenes_mini_subset,scene-1094_026,yaw,0.5,yaw_0.5deg,4,Car,24.99,mid,30,93.3333,11.2846
nuscenes_mini_subset,scene-1094_026,yaw,1.0,yaw_1deg,4,Car,24.99,mid,30,90.0,22.5633
nuscenes_mini_subset,scene-1094_026,yaw,2.0,yaw_2deg,4,Car,24.99,mid,30,66.6667,45.108
nuscenes_mini_subset,scene-1094_026,yaw,3.0,yaw_3deg,4,Car,24.99,mid,30,36.6667,67.6577
nuscenes_mini_subset,scene-1094_026,pitch,0.5,pitch_0.5deg,4,Car,24.99,mid,30,100.0,11.2709
nuscenes_mini_subset,scene-1094_026,pitch,1.0,pitch_1deg,4,Car,24.99,mid,30,100.0,22.546
nuscenes_mini_subset,scene-1094_026,pitch,2.0,pitch_2deg,4,Car,24.99,mid,30,66.6667,45.1159
nuscenes_mini_subset,scene-1094_026,pitch,3.0,pitch_3deg,4,Car,24.99,mid,30,30.0,67.7239
nuscenes_mini_subset,scene-1094_026,roll,0.5,roll_0.5deg,4,Car,24.99,mid,30,100.0,0.4959
nuscenes_mini_subset,scene-1094_026,roll,1.0,roll_1deg,4,Car,24.99,mid,30,100.0,0.9919
nuscenes_mini_subset,scene-1094_026,roll,2.0,roll_2deg,4,Car,24.99,mid,30,100.0,1.9837
nuscenes_mini_subset,scene-1094_026,roll,3.0,roll_3deg,4,Car,24.99,mid,30,100.0,2.9754
nuscenes_mini_subset,scene-1094_026,tx,0.02,tx_2cm,4,Car,24.99,mid,30,100.0,0.0513
nuscenes_mini_subset,scene-1094_026,tx,0.05,tx_5cm,4,Car,24.99,mid,30,100.0,0.1281
nuscenes_mini_subset,scene-1094_026,tx,0.1,tx_10cm,4,Car,24.99,mid,30,100.0,0.2557
nuscenes_mini_subset,scene-1094_026,ty,0.02,ty_2cm,4,Car,24.99,mid,30,100.0,1.1022
nuscenes_mini_subset,scene-1094_026,ty,0.05,ty_5cm,4,Car,24.99,mid,30,100.0,2.7554
nuscenes_mini_subset,scene-1094_026,ty,0.1,ty_10cm,4,Car,24.99,mid,30,100.0,5.5107
nuscenes_mini_subset,scene-1094_026,tz,0.02,tz_2cm,4,Car,24.99,mid,30,100.0,1.102
nuscenes_mini_subset,scene-1094_026,tz,0.05,tz_5cm,4,Car,24.99,mid,30,100.0,2.755
nuscenes_mini_subset,scene-1094_026,tz,0.1,tz_10cm,4,Car,24.99,mid,30,100.0,5.5098
nuscenes_mini_subset,scene-1094_026,time,34.6,no_ego_motion,4,Car,24.99,mid,30,100.0,0.8797
nuscenes_mini_subset,scene-1094_027,baseline,0.0,baseline,4,Car,25.75,mid,29,100.0,0.0
nuscenes_mini_subset,scene-1094_027,baseline,0.0,baseline,6,Pedestrian,12.6,near,12,100.0,0.0
nuscenes_mini_subset,scene-1094_027,baseline,0.0,baseline,8,Pedestrian,12.92,near,20,100.0,0.0
nuscenes_mini_subset,scene-1094_027,yaw,0.5,yaw_0.5deg,4,Car,25.75,mid,29,93.1034,11.2705
nuscenes_mini_subset,scene-1094_027,yaw,0.5,yaw_0.5deg,6,Pedestrian,12.6,near,12,100.0,12.1059
nuscenes_mini_subset,scene-1094_027,yaw,0.5,yaw_0.5deg,8,Pedestrian,12.92,near,20,100.0,13.6373
nuscenes_mini_subset,scene-1094_027,yaw,1.0,yaw_1deg,4,Car,25.75,mid,29,86.2069,22.5347
nuscenes_mini_subset,scene-1094_027,yaw,1.0,yaw_1deg,6,Pedestrian,12.6,near,12,100.0,24.2656
nuscenes_mini_subset,scene-1094_027,yaw,1.0,yaw_1deg,8,Pedestrian,12.92,near,20,100.0,27.3844
nuscenes_mini_subset,scene-1094_027,yaw,2.0,yaw_2deg,4,Car,25.75,mid,29,58.6207,45.0531
nuscenes_mini_subset,scene-1094_027,yaw,2.0,yaw_2deg,6,Pedestrian,12.6,near,12,41.6667,48.7555
nuscenes_mini_subset,scene-1094_027,yaw,2.0,yaw_2deg,8,Pedestrian,12.92,near,20,65.0,55.2226
nuscenes_mini_subset,scene-1094_027,yaw,3.0,yaw_3deg,4,Car,25.75,mid,29,31.0345,67.5814
nuscenes_mini_subset,scene-1094_027,yaw,3.0,yaw_3deg,6,Pedestrian,12.6,near,12,0.0,73.4888
nuscenes_mini_subset,scene-1094_027,yaw,3.0,yaw_3deg,8,Pedestrian,12.92,near,20,20.0,83.5441
nuscenes_mini_subset,scene-1094_027,pitch,0.5,pitch_0.5deg,4,Car,25.75,mid,29,100.0,11.2589
nuscenes_mini_subset,scene-1094_027,pitch,0.5,pitch_0.5deg,6,Pedestrian,12.6,near,12,100.0,11.4426
nuscenes_mini_subset,scene-1094_027,pitch,0.5,pitch_0.5deg,8,Pedestrian,12.92,near,20,100.0,11.4132
nuscenes_mini_subset,scene-1094_027,pitch,1.0,pitch_1deg,4,Car,25.75,mid,29,100.0,22.522
nuscenes_mini_subset,scene-1094_027,pitch,1.0,pitch_1deg,6,Pedestrian,12.6,near,12,100.0,22.8938
nuscenes_mini_subset,scene-1094_027,pitch,1.0,pitch_1deg,8,Pedestrian,12.92,near,20,100.0,22.8287
nuscenes_mini_subset,scene-1094_027,pitch,2.0,pitch_2deg,4,Car,25.75,mid,29,62.069,45.068
nuscenes_mini_subset,scene-1094_027,pitch,2.0,pitch_2deg,6,Pedestrian,12.6,near,12,91.6667,45.8299
nuscenes_mini_subset,scene-1094_027,pitch,2.0,pitch_2deg,8,Pedestrian,12.92,near,20,85.0,45.6569
nuscenes_mini_subset,scene-1094_027,pitch,3.0,pitch_3deg,4,Car,25.75,mid,29,27.5862,67.6523
nuscenes_mini_subset,scene-1094_027,pitch,3.0,pitch_3deg,6,Pedestrian,12.6,near,12,66.6667,68.8235
nuscenes_mini_subset,scene-1094_027,pitch,3.0,pitch_3deg,8,Pedestrian,12.92,near,20,85.0,68.5242
nuscenes_mini_subset,scene-1094_027,roll,0.5,roll_0.5deg,4,Car,25.75,mid,29,100.0,0.4665
nuscenes_mini_subset,scene-1094_027,roll,0.5,roll_0.5deg,6,Pedestrian,12.6,near,12,100.0,2.7392
nuscenes_mini_subset,scene-1094_027,roll,0.5,roll_0.5deg,8,Pedestrian,12.92,near,20,100.0,4.9461
nuscenes_mini_subset,scene-1094_027,roll,1.0,roll_1deg,4,Car,25.75,mid,29,100.0,0.9329
nuscenes_mini_subset,scene-1094_027,roll,1.0,roll_1deg,6,Pedestrian,12.6,near,12,100.0,5.4783
nuscenes_mini_subset,scene-1094_027,roll,1.0,roll_1deg,8,Pedestrian,12.92,near,20,90.0,9.8918
nuscenes_mini_subset,scene-1094_027,roll,2.0,roll_2deg,4,Car,25.75,mid,29,100.0,1.8658
nuscenes_mini_subset,scene-1094_027,roll,2.0,roll_2deg,6,Pedestrian,12.6,near,12,100.0,10.9558
nuscenes_mini_subset,scene-1094_027,roll,2.0,roll_2deg,8,Pedestrian,12.92,near,20,90.0,19.7816
nuscenes_mini_subset,scene-1094_027,roll,3.0,roll_3deg,4,Car,25.75,mid,29,100.0,2.7985
nuscenes_mini_subset,scene-1094_027,roll,3.0,roll_3deg,6,Pedestrian,12.6,near,12,100.0,16.4321
nuscenes_mini_subset,scene-1094_027,roll,3.0,roll_3deg,8,Pedestrian,12.92,near,20,90.0,29.6686
nuscenes_mini_subset,scene-1094_027,tx,0.02,tx_2cm,4,Car,25.75,mid,29,100.0,0.0472
nuscenes_mini_subset,scene-1094_027,tx,0.02,tx_2cm,6,Pedestrian,12.6,near,12,100.0,0.4905
nuscenes_mini_subset,scene-1094_027,tx,0.02,tx_2cm,8,Pedestrian,12.92,near,20,100.0,0.8721
nuscenes_mini_subset,scene-1094_027,tx,0.05,tx_5cm,4,Car,25.75,mid,29,100.0,0.1177
nuscenes_mini_subset,scene-1094_027,tx,0.05,tx_5cm,6,Pedestrian,12.6,near,12,100.0,1.2235
nuscenes_mini_subset,scene-1094_027,tx,0.05,tx_5cm,8,Pedestrian,12.92,near,20,100.0,2.1753
nuscenes_mini_subset,scene-1094_027,tx,0.1,tx_10cm,4,Car,25.75,mid,29,100.0,0.235
nuscenes_mini_subset,scene-1094_027,tx,0.1,tx_10cm,6,Pedestrian,12.6,near,12,100.0,2.4374
nuscenes_mini_subset,scene-1094_027,tx,0.1,tx_10cm,8,Pedestrian,12.92,near,20,100.0,4.334
nuscenes_mini_subset,scene-1094_027,ty,0.02,ty_2cm,4,Car,25.75,mid,29,100.0,1.0665
nuscenes_mini_subset,scene-1094_027,ty,0.02,ty_2cm,6,Pedestrian,12.6,near,12,100.0,2.0079
nuscenes_mini_subset,scene-1094_027,ty,0.02,ty_2cm,8,Pedestrian,12.92,near,20,100.0,1.9482
nuscenes_mini_subset,scene-1094_027,ty,0.05,ty_5cm,4,Car,25.75,mid,29,100.0,2.6662
nuscenes_mini_subset,scene-1094_027,ty,0.05,ty_5cm,6,Pedestrian,12.6,near,12,100.0,5.0198
nuscenes_mini_subset,scene-1094_027,ty,0.05,ty_5cm,8,Pedestrian,12.92,near,20,100.0,4.8705
nuscenes_mini_subset,scene-1094_027,ty,0.1,ty_10cm,4,Car,25.75,mid,29,100.0,5.3325
nuscenes_mini_subset,scene-1094_027,ty,0.1,ty_10cm,6,Pedestrian,12.6,near,12,100.0,10.0394
nuscenes_mini_subset,scene-1094_027,ty,0.1,ty_10cm,8,Pedestrian,12.92,near,20,100.0,9.7408
nuscenes_mini_subset,scene-1094_027,tz,0.02,tz_2cm,4,Car,25.75,mid,29,100.0,1.0662
nuscenes_mini_subset,scene-1094_027,tz,0.02,tz_2cm,6,Pedestrian,12.6,near,12,100.0,2.0109
nuscenes_mini_subset,scene-1094_027,tz,0.02,tz_2cm,8,Pedestrian,12.92,near,20,100.0,1.951
nuscenes_mini_subset,scene-1094_027,tz,0.05,tz_5cm,4,Car,25.75,mid,29,100.0,2.6655
nuscenes_mini_subset,scene-1094_027,tz,0.05,tz_5cm,6,Pedestrian,12.6,near,12,100.0,5.0271
nuscenes_mini_subset,scene-1094_027,tz,0.05,tz_5cm,8,Pedestrian,12.92,near,20,100.0,4.8773
nuscenes_mini_subset,scene-1094_027,tz,0.1,tz_10cm,4,Car,25.75,mid,29,100.0,5.3308
nuscenes_mini_subset,scene-1094_027,tz,0.1,tz_10cm,6,Pedestrian,12.6,near,12,100.0,10.0536
nuscenes_mini_subset,scene-1094_027,tz,0.1,tz_10cm,8,Pedestrian,12.92,near,20,90.0,9.754
nuscenes_mini_subset,scene-1094_027,time,35.1,no_ego_motion,4,Car,25.75,mid,29,100.0,2.2792
nuscenes_mini_subset,scene-1094_027,time,35.1,no_ego_motion,6,Pedestrian,12.6,near,12,100.0,8.9758
nuscenes_mini_subset,scene-1094_027,time,35.1,no_ego_motion,8,Pedestrian,12.92,near,20,100.0,14.8742
nuscenes_mini_subset,scene-1094_028,baseline,0.0,baseline,6,Pedestrian,7.36,near,36,100.0,0.0
nuscenes_mini_subset,scene-1094_028,yaw,0.5,yaw_0.5deg,6,Pedestrian,7.36,near,36,100.0,13.4525
nuscenes_mini_subset,scene-1094_028,yaw,1.0,yaw_1deg,6,Pedestrian,7.36,near,36,97.2222,27.0028
nuscenes_mini_subset,scene-1094_028,yaw,2.0,yaw_2deg,6,Pedestrian,7.36,near,36,97.2222,54.4093
nuscenes_mini_subset,scene-1094_028,yaw,3.0,yaw_3deg,6,Pedestrian,7.36,near,36,80.5556,82.2466
nuscenes_mini_subset,scene-1094_028,pitch,0.5,pitch_0.5deg,6,Pedestrian,7.36,near,36,100.0,11.7487
nuscenes_mini_subset,scene-1094_028,pitch,1.0,pitch_1deg,6,Pedestrian,7.36,near,36,100.0,23.518
nuscenes_mini_subset,scene-1094_028,pitch,2.0,pitch_2deg,6,Pedestrian,7.36,near,36,100.0,47.1268
nuscenes_mini_subset,scene-1094_028,pitch,3.0,pitch_3deg,6,Pedestrian,7.36,near,36,91.6667,70.8434
nuscenes_mini_subset,scene-1094_028,roll,0.5,roll_0.5deg,6,Pedestrian,7.36,near,36,100.0,4.538
nuscenes_mini_subset,scene-1094_028,roll,1.0,roll_1deg,6,Pedestrian,7.36,near,36,100.0,9.0757
nuscenes_mini_subset,scene-1094_028,roll,2.0,roll_2deg,6,Pedestrian,7.36,near,36,100.0,18.1494
nuscenes_mini_subset,scene-1094_028,roll,3.0,roll_3deg,6,Pedestrian,7.36,near,36,91.6667,27.2206
nuscenes_mini_subset,scene-1094_028,tx,0.02,tx_2cm,6,Pedestrian,7.36,near,36,100.0,1.3683
nuscenes_mini_subset,scene-1094_028,tx,0.05,tx_5cm,6,Pedestrian,7.36,near,36,100.0,3.407
nuscenes_mini_subset,scene-1094_028,tx,0.1,tx_10cm,6,Pedestrian,7.36,near,36,100.0,6.7684
nuscenes_mini_subset,scene-1094_028,ty,0.02,ty_2cm,6,Pedestrian,7.36,near,36,100.0,3.419
nuscenes_mini_subset,scene-1094_028,ty,0.05,ty_5cm,6,Pedestrian,7.36,near,36,100.0,8.5474
nuscenes_mini_subset,scene-1094_028,ty,0.1,ty_10cm,6,Pedestrian,7.36,near,36,100.0,17.0943
nuscenes_mini_subset,scene-1094_028,tz,0.02,tz_2cm,6,Pedestrian,7.36,near,36,100.0,3.4305
nuscenes_mini_subset,scene-1094_028,tz,0.05,tz_5cm,6,Pedestrian,7.36,near,36,100.0,8.5756
nuscenes_mini_subset,scene-1094_028,tz,0.1,tz_10cm,6,Pedestrian,7.36,near,36,100.0,17.1492
nuscenes_mini_subset,scene-1094_028,time,35.5,no_ego_motion,6,Pedestrian,7.36,near,36,97.2222,25.5074
nuscenes_mini_subset,scene-1094_029,baseline,0.0,baseline,0,Pedestrian,12.47,near,19,100.0,0.0
nuscenes_mini_subset,scene-1094_029,baseline,0.0,baseline,3,Car,27.31,mid,17,100.0,0.0
nuscenes_mini_subset,scene-1094_029,yaw,0.5,yaw_0.5deg,0,Pedestrian,12.47,near,19,100.0,12.426
nuscenes_mini_subset,scene-1094_029,yaw,0.5,yaw_0.5deg,3,Car,27.31,mid,17,94.1176,11.243
nuscenes_mini_subset,scene-1094_029,yaw,1.0,yaw_1deg,0,Pedestrian,12.47,near,19,89.4737,24.9197
nuscenes_mini_subset,scene-1094_029,yaw,1.0,yaw_1deg,3,Car,27.31,mid,17,82.3529,22.4808
nuscenes_mini_subset,scene-1094_029,yaw,2.0,yaw_2deg,0,Pedestrian,12.47,near,19,26.3158,50.1205
nuscenes_mini_subset,scene-1094_029,yaw,2.0,yaw_2deg,3,Car,27.31,mid,17,52.9412,44.9578
nuscenes_mini_subset,scene-1094_029,yaw,3.0,yaw_3deg,0,Pedestrian,12.47,near,19,0.0,75.6237
nuscenes_mini_subset,scene-1094_029,yaw,3.0,yaw_3deg,3,Car,27.31,mid,17,17.6471,67.4457
nuscenes_mini_subset,scene-1094_029,pitch,0.5,pitch_0.5deg,0,Pedestrian,12.47,near,19,100.0,11.4487
nuscenes_mini_subset,scene-1094_029,pitch,0.5,pitch_0.5deg,3,Car,27.31,mid,17,100.0,11.2347
nuscenes_mini_subset,scene-1094_029,pitch,1.0,pitch_1deg,0,Pedestrian,12.47,near,19,100.0,22.9116
nuscenes_mini_subset,scene-1094_029,pitch,1.0,pitch_1deg,3,Car,27.31,mid,17,100.0,22.4737
nuscenes_mini_subset,scene-1094_029,pitch,2.0,pitch_2deg,0,Pedestrian,12.47,near,19,84.2105,45.8879
nuscenes_mini_subset,scene-1094_029,pitch,2.0,pitch_2deg,3,Car,27.31,mid,17,52.9412,44.9714
nuscenes_mini_subset,scene-1094_029,pitch,3.0,pitch_3deg,0,Pedestrian,12.47,near,19,57.8947,68.9445
nuscenes_mini_subset,scene-1094_029,pitch,3.0,pitch_3deg,3,Car,27.31,mid,17,0.0,67.5073
nuscenes_mini_subset,scene-1094_029,roll,0.5,roll_0.5deg,0,Pedestrian,12.47,near,19,100.0,3.3461
nuscenes_mini_subset,scene-1094_029,roll,0.5,roll_0.5deg,3,Car,27.31,mid,17,100.0,0.356
nuscenes_mini_subset,scene-1094_029,roll,1.0,roll_1deg,0,Pedestrian,12.47,near,19,100.0,6.692
nuscenes_mini_subset,scene-1094_029,roll,1.0,roll_1deg,3,Car,27.31,mid,17,100.0,0.712
nuscenes_mini_subset,scene-1094_029,roll,2.0,roll_2deg,0,Pedestrian,12.47,near,19,94.7368,13.3828
nuscenes_mini_subset,scene-1094_029,roll,2.0,roll_2deg,3,Car,27.31,mid,17,100.0,1.4239
nuscenes_mini_subset,scene-1094_029,roll,3.0,roll_3deg,0,Pedestrian,12.47,near,19,94.7368,20.0718
nuscenes_mini_subset,scene-1094_029,roll,3.0,roll_3deg,3,Car,27.31,mid,17,100.0,2.1357
nuscenes_mini_subset,scene-1094_029,tx,0.02,tx_2cm,0,Pedestrian,12.47,near,19,100.0,0.6134
nuscenes_mini_subset,scene-1094_029,tx,0.02,tx_2cm,3,Car,27.31,mid,17,100.0,0.0343
nuscenes_mini_subset,scene-1094_029,tx,0.05,tx_5cm,0,Pedestrian,12.47,near,19,100.0,1.5299
nuscenes_mini_subset,scene-1094_029,tx,0.05,tx_5cm,3,Car,27.31,mid,17,100.0,0.0856
nuscenes_mini_subset,scene-1094_029,tx,0.1,tx_10cm,0,Pedestrian,12.47,near,19,100.0,3.0476
nuscenes_mini_subset,scene-1094_029,tx,0.1,tx_10cm,3,Car,27.31,mid,17,100.0,0.1709
nuscenes_mini_subset,scene-1094_029,ty,0.02,ty_2cm,0,Pedestrian,12.47,near,19,100.0,2.0386
nuscenes_mini_subset,scene-1094_029,ty,0.02,ty_2cm,3,Car,27.31,mid,17,100.0,0.9975
nuscenes_mini_subset,scene-1094_029,ty,0.05,ty_5cm,0,Pedestrian,12.47,near,19,100.0,5.0964
nuscenes_mini_subset,scene-1094_029,ty,0.05,ty_5cm,3,Car,27.31,mid,17,100.0,2.4938
nuscenes_mini_subset,scene-1094_029,ty,0.1,ty_10cm,0,Pedestrian,12.47,near,19,100.0,10.1926
nuscenes_mini_subset,scene-1094_029,ty,0.1,ty_10cm,3,Car,27.31,mid,17,94.1176,4.9875
nuscenes_mini_subset,scene-1094_029,tz,0.02,tz_2cm,0,Pedestrian,12.47,near,19,100.0,2.0418
nuscenes_mini_subset,scene-1094_029,tz,0.02,tz_2cm,3,Car,27.31,mid,17,100.0,0.9973
nuscenes_mini_subset,scene-1094_029,tz,0.05,tz_5cm,0,Pedestrian,12.47,near,19,100.0,5.1042
nuscenes_mini_subset,scene-1094_029,tz,0.05,tz_5cm,3,Car,27.31,mid,17,100.0,2.4931
nuscenes_mini_subset,scene-1094_029,tz,0.1,tz_10cm,0,Pedestrian,12.47,near,19,100.0,10.2075
nuscenes_mini_subset,scene-1094_029,tz,0.1,tz_10cm,3,Car,27.31,mid,17,100.0,4.9861
nuscenes_mini_subset,scene-1094_029,time,35.4,no_ego_motion,0,Pedestrian,12.47,near,19,100.0,11.4371
nuscenes_mini_subset,scene-1094_029,time,35.4,no_ego_motion,3,Car,27.31,mid,17,100.0,1.0243
nuscenes_mini_subset,scene-1094_030,baseline,0.0,baseline,0,Pedestrian,8.0,near,41,100.0,0.0
nuscenes_mini_subset,scene-1094_030,baseline,0.0,baseline,1,Bus,40.78,far,32,100.0,0.0
nuscenes_mini_subset,scene-1094_030,yaw,0.5,yaw_0.5deg,0,Pedestrian,8.0,near,41,100.0,14.615
nuscenes_mini_subset,scene-1094_030,yaw,0.5,yaw_0.5deg,1,Bus,40.78,far,32,100.0,12.0181
nuscenes_mini_subset,scene-1094_030,yaw,1.0,yaw_1deg,0,Pedestrian,8.0,near,41,92.6829,29.3676
nuscenes_mini_subset,scene-1094_030,yaw,1.0,yaw_1deg,1,Bus,40.78,far,32,93.75,23.979
nuscenes_mini_subset,scene-1094_030,yaw,2.0,yaw_2deg,0,Pedestrian,8.0,near,41,46.3415,59.3031
nuscenes_mini_subset,scene-1094_030,yaw,2.0,yaw_2deg,1,Bus,40.78,far,32,68.75,47.7379
nuscenes_mini_subset,scene-1094_030,yaw,3.0,yaw_3deg,0,Pedestrian,8.0,near,41,19.5122,89.843
nuscenes_mini_subset,scene-1094_030,yaw,3.0,yaw_3deg,1,Bus,40.78,far,32,53.125,71.2941
nuscenes_mini_subset,scene-1094_030,pitch,0.5,pitch_0.5deg,0,Pedestrian,8.0,near,41,100.0,11.685
nuscenes_mini_subset,scene-1094_030,pitch,0.5,pitch_0.5deg,1,Bus,40.78,far,32,100.0,11.186
nuscenes_mini_subset,scene-1094_030,pitch,1.0,pitch_1deg,0,Pedestrian,8.0,near,41,100.0,23.3926
nuscenes_mini_subset,scene-1094_030,pitch,1.0,pitch_1deg,1,Bus,40.78,far,32,43.75,22.3763
nuscenes_mini_subset,scene-1094_030,pitch,2.0,pitch_2deg,0,Pedestrian,8.0,near,41,100.0,46.8848
nuscenes_mini_subset,scene-1094_030,pitch,2.0,pitch_2deg,1,Bus,40.78,far,32,43.75,44.7929
nuscenes_mini_subset,scene-1094_030,pitch,3.0,pitch_3deg,0,Pedestrian,8.0,near,41,90.2439,70.494
nuscenes_mini_subset,scene-1094_030,pitch,3.0,pitch_3deg,1,Bus,40.78,far,32,15.625,67.2725
nuscenes_mini_subset,scene-1094_030,roll,0.5,roll_0.5deg,0,Pedestrian,8.0,near,41,100.0,5.8342
nuscenes_mini_subset,scene-1094_030,roll,0.5,roll_0.5deg,1,Bus,40.78,far,32,100.0,3.0883
nuscenes_mini_subset,scene-1094_030,roll,1.0,roll_1deg,0,Pedestrian,8.0,near,41,100.0,11.6679
nuscenes_mini_subset,scene-1094_030,roll,1.0,roll_1deg,1,Bus,40.78,far,32,100.0,6.1767
nuscenes_mini_subset,scene-1094_030,roll,2.0,roll_2deg,0,Pedestrian,8.0,near,41,100.0,23.3328
nuscenes_mini_subset,scene-1094_030,roll,2.0,roll_2deg,1,Bus,40.78,far,32,100.0,12.3534
nuscenes_mini_subset,scene-1094_030,roll,3.0,roll_3deg,0,Pedestrian,8.0,near,41,100.0,34.994
nuscenes_mini_subset,scene-1094_030,roll,3.0,roll_3deg,1,Bus,40.78,far,32,84.375,18.5297
nuscenes_mini_subset,scene-1094_030,tx,0.02,tx_2cm,0,Pedestrian,8.0,near,41,100.0,1.6661
nuscenes_mini_subset,scene-1094_030,tx,0.02,tx_2cm,1,Bus,40.78,far,32,100.0,0.1906
nuscenes_mini_subset,scene-1094_030,tx,0.05,tx_5cm,0,Pedestrian,8.0,near,41,100.0,4.1497
nuscenes_mini_subset,scene-1094_030,tx,0.05,tx_5cm,1,Bus,40.78,far,32,100.0,0.476
nuscenes_mini_subset,scene-1094_030,tx,0.1,tx_10cm,0,Pedestrian,8.0,near,41,100.0,8.2481
nuscenes_mini_subset,scene-1094_030,tx,0.1,tx_10cm,1,Bus,40.78,far,32,100.0,0.9508
nuscenes_mini_subset,scene-1094_030,ty,0.02,ty_2cm,0,Pedestrian,8.0,near,41,100.0,3.188
nuscenes_mini_subset,scene-1094_030,ty,0.02,ty_2cm,1,Bus,40.78,far,32,100.0,0.6708
nuscenes_mini_subset,scene-1094_030,ty,0.05,ty_5cm,0,Pedestrian,8.0,near,41,100.0,7.97
nuscenes_mini_subset,scene-1094_030,ty,0.05,ty_5cm,1,Bus,40.78,far,32,100.0,1.677
nuscenes_mini_subset,scene-1094_030,ty,0.1,ty_10cm,0,Pedestrian,8.0,near,41,100.0,15.9397
nuscenes_mini_subset,scene-1094_030,ty,0.1,ty_10cm,1,Bus,40.78,far,32,100.0,3.354
nuscenes_mini_subset,scene-1094_030,tz,0.02,tz_2cm,0,Pedestrian,8.0,near,41,100.0,3.1948
nuscenes_mini_subset,scene-1094_030,tz,0.02,tz_2cm,1,Bus,40.78,far,32,100.0,0.6704
nuscenes_mini_subset,scene-1094_030,tz,0.05,tz_5cm,0,Pedestrian,8.0,near,41,100.0,7.9863
nuscenes_mini_subset,scene-1094_030,tz,0.05,tz_5cm,1,Bus,40.78,far,32,100.0,1.6759
nuscenes_mini_subset,scene-1094_030,tz,0.1,tz_10cm,0,Pedestrian,8.0,near,41,100.0,15.9708
nuscenes_mini_subset,scene-1094_030,tz,0.1,tz_10cm,1,Bus,40.78,far,32,100.0,3.3516
nuscenes_mini_subset,scene-1094_030,time,35.2,no_ego_motion,0,Pedestrian,8.0,near,41,87.8049,31.6476
nuscenes_mini_subset,scene-1094_030,time,35.2,no_ego_motion,1,Bus,40.78,far,32,100.0,4.1593
nuscenes_mini_subset,scene-1094_031,baseline,0.0,baseline,0,Bus,32.16,far,44,100.0,0.0
nuscenes_mini_subset,scene-1094_031,yaw,0.5,yaw_0.5deg,0,Bus,32.16,far,44,97.7273,12.3761
nuscenes_mini_subset,scene-1094_031,yaw,1.0,yaw_1deg,0,Bus,32.16,far,44,93.1818,24.6822
nuscenes_mini_subset,scene-1094_031,yaw,2.0,yaw_2deg,0,Bus,32.16,far,44,72.7273,49.0941
nuscenes_mini_subset,scene-1094_031,yaw,3.0,yaw_3deg,0,Bus,32.16,far,44,54.5455,73.2548
nuscenes_mini_subset,scene-1094_031,pitch,0.5,pitch_0.5deg,0,Bus,32.16,far,44,100.0,11.2221
nuscenes_mini_subset,scene-1094_031,pitch,1.0,pitch_1deg,0,Bus,32.16,far,44,100.0,22.4515
nuscenes_mini_subset,scene-1094_031,pitch,2.0,pitch_2deg,0,Bus,32.16,far,44,56.8182,44.9337
nuscenes_mini_subset,scene-1094_031,pitch,3.0,pitch_3deg,0,Bus,32.16,far,44,36.3636,67.4696
nuscenes_mini_subset,scene-1094_031,roll,0.5,roll_0.5deg,0,Bus,32.16,far,44,100.0,3.643
nuscenes_mini_subset,scene-1094_031,roll,1.0,roll_1deg,0,Bus,32.16,far,44,100.0,7.2861
nuscenes_mini_subset,scene-1094_031,roll,2.0,roll_2deg,0,Bus,32.16,far,44,100.0,14.5724
nuscenes_mini_subset,scene-1094_031,roll,3.0,roll_3deg,0,Bus,32.16,far,44,100.0,21.8584
nuscenes_mini_subset,scene-1094_031,tx,0.02,tx_2cm,0,Bus,32.16,far,44,100.0,0.2589
nuscenes_mini_subset,scene-1094_031,tx,0.05,tx_5cm,0,Bus,32.16,far,44,100.0,0.6465
nuscenes_mini_subset,scene-1094_031,tx,0.1,tx_10cm,0,Bus,32.16,far,44,100.0,1.291
nuscenes_mini_subset,scene-1094_031,ty,0.02,ty_2cm,0,Bus,32.16,far,44,100.0,0.8013
nuscenes_mini_subset,scene-1094_031,ty,0.05,ty_5cm,0,Bus,32.16,far,44,100.0,2.0031
nuscenes_mini_subset,scene-1094_031,ty,0.1,ty_10cm,0,Bus,32.16,far,44,100.0,4.0063
nuscenes_mini_subset,scene-1094_031,tz,0.02,tz_2cm,0,Bus,32.16,far,44,100.0,0.8006
nuscenes_mini_subset,scene-1094_031,tz,0.05,tz_5cm,0,Bus,32.16,far,44,100.0,2.0014
nuscenes_mini_subset,scene-1094_031,tz,0.1,tz_10cm,0,Bus,32.16,far,44,100.0,4.0027
nuscenes_mini_subset,scene-1094_031,time,35.1,no_ego_motion,0,Bus,32.16,far,44,100.0,4.1471
nuscenes_mini_subset,scene-1094_032,baseline,0.0,baseline,0,Bus,23.59,mid,117,92.3077,0.0
nuscenes_mini_subset,scene-1094_032,yaw,0.5,yaw_0.5deg,0,Bus,23.59,mid,117,92.3077,13.5993
nuscenes_mini_subset,scene-1094_032,yaw,1.0,yaw_1deg,0,Bus,23.59,mid,117,89.7436,27.0898
nuscenes_mini_subset,scene-1094_032,yaw,2.0,yaw_2deg,0,Bus,23.59,mid,117,84.6154,53.7579
nuscenes_mini_subset,scene-1094_032,yaw,3.0,yaw_3deg,0,Bus,23.59,mid,117,81.1966,80.0302
nuscenes_mini_subset,scene-1094_032,pitch,0.5,pitch_0.5deg,0,Bus,23.59,mid,117,92.3077,11.2752
nuscenes_mini_subset,scene-1094_032,pitch,1.0,pitch_1deg,0,Bus,23.59,mid,117,92.3077,22.5572
nuscenes_mini_subset,scene-1094_032,pitch,2.0,pitch_2deg,0,Bus,23.59,mid,117,76.9231,45.142
nuscenes_mini_subset,scene-1094_032,pitch,3.0,pitch_3deg,0,Bus,23.59,mid,117,76.9231,67.7413
nuscenes_mini_subset,scene-1094_032,roll,0.5,roll_0.5deg,0,Bus,23.59,mid,117,92.3077,5.1404
nuscenes_mini_subset,scene-1094_032,roll,1.0,roll_1deg,0,Bus,23.59,mid,117,92.3077,10.2811
nuscenes_mini_subset,scene-1094_032,roll,2.0,roll_2deg,0,Bus,23.59,mid,117,92.3077,20.5629
nuscenes_mini_subset,scene-1094_032,roll,3.0,roll_3deg,0,Bus,23.59,mid,117,92.3077,30.8447
nuscenes_mini_subset,scene-1094_032,tx,0.02,tx_2cm,0,Bus,23.59,mid,117,92.3077,0.5262
nuscenes_mini_subset,scene-1094_032,tx,0.05,tx_5cm,0,Bus,23.59,mid,117,92.3077,1.3136
nuscenes_mini_subset,scene-1094_032,tx,0.1,tx_10cm,0,Bus,23.59,mid,117,92.3077,2.6214
nuscenes_mini_subset,scene-1094_032,ty,0.02,ty_2cm,0,Bus,23.59,mid,117,92.3077,1.1281
nuscenes_mini_subset,scene-1094_032,ty,0.05,ty_5cm,0,Bus,23.59,mid,117,92.3077,2.8203
nuscenes_mini_subset,scene-1094_032,ty,0.1,ty_10cm,0,Bus,23.59,mid,117,92.3077,5.6406
nuscenes_mini_subset,scene-1094_032,tz,0.02,tz_2cm,0,Bus,23.59,mid,117,92.3077,1.1262
nuscenes_mini_subset,scene-1094_032,tz,0.05,tz_5cm,0,Bus,23.59,mid,117,92.3077,2.8155
nuscenes_mini_subset,scene-1094_032,tz,0.1,tz_10cm,0,Bus,23.59,mid,117,92.3077,5.6308
nuscenes_mini_subset,scene-1094_032,time,35.5,no_ego_motion,0,Bus,23.59,mid,117,92.3077,10.0977
nuscenes_mini_subset,scene-1094_033,baseline,0.0,baseline,1,Car,29.67,mid,17,100.0,0.0
nuscenes_mini_subset,scene-1094_033,yaw,0.5,yaw_0.5deg,1,Car,29.67,mid,17,100.0,11.1996
nuscenes_mini_subset,scene-1094_033,yaw,1.0,yaw_1deg,1,Car,29.67,mid,17,76.4706,22.3952
nuscenes_mini_subset,scene-1094_033,yaw,2.0,yaw_2deg,1,Car,29.67,mid,17,41.1765,44.7914
nuscenes_mini_subset,scene-1094_033,yaw,3.0,yaw_3deg,1,Car,29.67,mid,17,5.8824,67.195
nuscenes_mini_subset,scene-1094_033,pitch,0.5,pitch_0.5deg,1,Car,29.67,mid,17,100.0,11.1937
nuscenes_mini_subset,scene-1094_033,pitch,1.0,pitch_1deg,1,Car,29.67,mid,17,100.0,22.3917
nuscenes_mini_subset,scene-1094_033,pitch,2.0,pitch_2deg,1,Car,29.67,mid,17,52.9412,44.8076
nuscenes_mini_subset,scene-1094_033,pitch,3.0,pitch_3deg,1,Car,29.67,mid,17,0.0,67.2618
nuscenes_mini_subset,scene-1094_033,roll,0.5,roll_0.5deg,1,Car,29.67,mid,17,100.0,0.308
nuscenes_mini_subset,scene-1094_033,roll,1.0,roll_1deg,1,Car,29.67,mid,17,100.0,0.6159
nuscenes_mini_subset,scene-1094_033,roll,2.0,roll_2deg,1,Car,29.67,mid,17,100.0,1.2318
nuscenes_mini_subset,scene-1094_033,roll,3.0,roll_3deg,1,Car,29.67,mid,17,100.0,1.8475
nuscenes_mini_subset,scene-1094_033,tx,0.02,tx_2cm,1,Car,29.67,mid,17,100.0,0.0237
nuscenes_mini_subset,scene-1094_033,tx,0.05,tx_5cm,1,Car,29.67,mid,17,100.0,0.0592
nuscenes_mini_subset,scene-1094_033,tx,0.1,tx_10cm,1,Car,29.67,mid,17,100.0,0.1182
nuscenes_mini_subset,scene-1094_033,ty,0.02,ty_2cm,1,Car,29.67,mid,17,100.0,0.9124
nuscenes_mini_subset,scene-1094_033,ty,0.05,ty_5cm,1,Car,29.67,mid,17,100.0,2.281
nuscenes_mini_subset,scene-1094_033,ty,0.1,ty_10cm,1,Car,29.67,mid,17,100.0,4.562
nuscenes_mini_subset,scene-1094_033,tz,0.02,tz_2cm,1,Car,29.67,mid,17,100.0,0.9123
nuscenes_mini_subset,scene-1094_033,tz,0.05,tz_5cm,1,Car,29.67,mid,17,100.0,2.2807
nuscenes_mini_subset,scene-1094_033,tz,0.1,tz_10cm,1,Car,29.67,mid,17,100.0,4.5612
nuscenes_mini_subset,scene-1094_033,time,36.0,no_ego_motion,1,Car,29.67,mid,17,100.0,1.8379
nuscenes_mini_subset,scene-1094_034,baseline,0.0,baseline,1,Pedestrian,12.13,near,13,100.0,0.0
nuscenes_mini_subset,scene-1094_034,yaw,0.5,yaw_0.5deg,1,Pedestrian,12.13,near,13,100.0,13.9071
nuscenes_mini_subset,scene-1094_034,yaw,1.0,yaw_1deg,1,Pedestrian,12.13,near,13,100.0,27.9337
nuscenes_mini_subset,scene-1094_034,yaw,2.0,yaw_2deg,1,Pedestrian,12.13,near,13,53.8462,56.3602
nuscenes_mini_subset,scene-1094_034,yaw,3.0,yaw_3deg,1,Pedestrian,12.13,near,13,7.6923,85.3112
nuscenes_mini_subset,scene-1094_034,pitch,0.5,pitch_0.5deg,1,Pedestrian,12.13,near,13,100.0,11.3534
nuscenes_mini_subset,scene-1094_034,pitch,1.0,pitch_1deg,1,Pedestrian,12.13,near,13,100.0,22.7044
nuscenes_mini_subset,scene-1094_034,pitch,2.0,pitch_2deg,1,Pedestrian,12.13,near,13,100.0,45.4072
nuscenes_mini_subset,scene-1094_034,pitch,3.0,pitch_3deg,1,Pedestrian,12.13,near,13,100.0,68.1558
nuscenes_mini_subset,scene-1094_034,roll,0.5,roll_0.5deg,1,Pedestrian,12.13,near,13,61.5385,5.3061
nuscenes_mini_subset,scene-1094_034,roll,1.0,roll_1deg,1,Pedestrian,12.13,near,13,61.5385,10.6117
nuscenes_mini_subset,scene-1094_034,roll,2.0,roll_2deg,1,Pedestrian,12.13,near,13,61.5385,21.2211
nuscenes_mini_subset,scene-1094_034,roll,3.0,roll_3deg,1,Pedestrian,12.13,near,13,61.5385,31.8273
nuscenes_mini_subset,scene-1094_034,tx,0.02,tx_2cm,1,Pedestrian,12.13,near,13,100.0,1.0067
nuscenes_mini_subset,scene-1094_034,tx,0.05,tx_5cm,1,Pedestrian,12.13,near,13,100.0,2.5105
nuscenes_mini_subset,scene-1094_034,tx,0.1,tx_10cm,1,Pedestrian,12.13,near,13,100.0,5.0005
nuscenes_mini_subset,scene-1094_034,ty,0.02,ty_2cm,1,Pedestrian,12.13,near,13,100.0,2.0834
nuscenes_mini_subset,scene-1094_034,ty,0.05,ty_5cm,1,Pedestrian,12.13,near,13,100.0,5.2086
nuscenes_mini_subset,scene-1094_034,ty,0.1,ty_10cm,1,Pedestrian,12.13,near,13,100.0,10.417
nuscenes_mini_subset,scene-1094_034,tz,0.02,tz_2cm,1,Pedestrian,12.13,near,13,100.0,2.0876
nuscenes_mini_subset,scene-1094_034,tz,0.05,tz_5cm,1,Pedestrian,12.13,near,13,61.5385,5.2187
nuscenes_mini_subset,scene-1094_034,tz,0.1,tz_10cm,1,Pedestrian,12.13,near,13,61.5385,10.4366
nuscenes_mini_subset,scene-1094_034,time,35.9,no_ego_motion,1,Pedestrian,12.13,near,13,100.0,21.3834
nuscenes_mini_subset,scene-1094_036,baseline,0.0,baseline,0,Car,30.0,far,17,100.0,0.0
nuscenes_mini_subset,scene-1094_036,yaw,0.5,yaw_0.5deg,0,Car,30.0,far,17,100.0,11.1807
nuscenes_mini_subset,scene-1094_036,yaw,1.0,yaw_1deg,0,Car,30.0,far,17,82.3529,22.3616
nuscenes_mini_subset,scene-1094_036,yaw,2.0,yaw_2deg,0,Car,30.0,far,17,47.0588,44.7266
nuscenes_mini_subset,scene-1094_036,yaw,3.0,yaw_3deg,0,Car,30.0,far,17,11.7647,67.1024
nuscenes_mini_subset,scene-1094_036,pitch,0.5,pitch_0.5deg,0,Car,30.0,far,17,100.0,11.1772
nuscenes_mini_subset,scene-1094_036,pitch,1.0,pitch_1deg,0,Car,30.0,far,17,52.9412,22.3586
nuscenes_mini_subset,scene-1094_036,pitch,2.0,pitch_2deg,0,Car,30.0,far,17,52.9412,44.7414
nuscenes_mini_subset,scene-1094_036,pitch,3.0,pitch_3deg,0,Car,30.0,far,17,0.0,67.1623
nuscenes_mini_subset,scene-1094_036,roll,0.5,roll_0.5deg,0,Car,30.0,far,17,100.0,0.2543
nuscenes_mini_subset,scene-1094_036,roll,1.0,roll_1deg,0,Car,30.0,far,17,100.0,0.5086
nuscenes_mini_subset,scene-1094_036,roll,2.0,roll_2deg,0,Car,30.0,far,17,100.0,1.0172
nuscenes_mini_subset,scene-1094_036,roll,3.0,roll_3deg,0,Car,30.0,far,17,100.0,1.5258
nuscenes_mini_subset,scene-1094_036,tx,0.02,tx_2cm,0,Car,30.0,far,17,100.0,0.0166
nuscenes_mini_subset,scene-1094_036,tx,0.05,tx_5cm,0,Car,30.0,far,17,100.0,0.0416
nuscenes_mini_subset,scene-1094_036,tx,0.1,tx_10cm,0,Car,30.0,far,17,100.0,0.083
nuscenes_mini_subset,scene-1094_036,ty,0.02,ty_2cm,0,Car,30.0,far,17,100.0,0.9028
nuscenes_mini_subset,scene-1094_036,ty,0.05,ty_5cm,0,Car,30.0,far,17,100.0,2.2569
nuscenes_mini_subset,scene-1094_036,ty,0.1,ty_10cm,0,Car,30.0,far,17,100.0,4.5138
nuscenes_mini_subset,scene-1094_036,tz,0.02,tz_2cm,0,Car,30.0,far,17,100.0,0.9027
nuscenes_mini_subset,scene-1094_036,tz,0.05,tz_5cm,0,Car,30.0,far,17,100.0,2.2567
nuscenes_mini_subset,scene-1094_036,tz,0.1,tz_10cm,0,Car,30.0,far,17,100.0,4.5132
nuscenes_mini_subset,scene-1094_036,time,35.6,no_ego_motion,0,Car,30.0,far,17,100.0,1.6007
nuscenes_mini_subset,scene-1094_038,baseline,0.0,baseline,0,Car,29.96,mid,18,100.0,0.0
nuscenes_mini_subset,scene-1094_038,baseline,0.0,baseline,3,Car,17.08,mid,42,100.0,0.0
nuscenes_mini_subset,scene-1094_038,yaw,0.5,yaw_0.5deg,0,Car,29.96,mid,18,83.3333,11.1824
nuscenes_mini_subset,scene-1094_038,yaw,0.5,yaw_0.5deg,3,Car,17.08,mid,42,100.0,13.8109
nuscenes_mini_subset,scene-1094_038,yaw,1.0,yaw_1deg,0,Car,29.96,mid,18,77.7778,22.3646
nuscenes_mini_subset,scene-1094_038,yaw,1.0,yaw_1deg,3,Car,17.08,mid,42,97.619,27.5076
nuscenes_mini_subset,scene-1094_038,yaw,2.0,yaw_2deg,0,Car,29.96,mid,18,44.4444,44.7338
nuscenes_mini_subset,scene-1094_038,yaw,2.0,yaw_2deg,3,Car,17.08,mid,42,90.4762,54.5721
nuscenes_mini_subset,scene-1094_038,yaw,3.0,yaw_3deg,0,Car,29.96,mid,18,11.1111,67.1116
nuscenes_mini_subset,scene-1094_038,yaw,3.0,yaw_3deg,3,Car,17.08,mid,42,71.4286,81.2207
nuscenes_mini_subset,scene-1094_038,pitch,0.5,pitch_0.5deg,0,Car,29.96,mid,18,100.0,11.1858
nuscenes_mini_subset,scene-1094_038,pitch,0.5,pitch_0.5deg,3,Car,17.08,mid,42,100.0,11.3654
nuscenes_mini_subset,scene-1094_038,pitch,1.0,pitch_1deg,0,Car,29.96,mid,18,50.0,22.3782
nuscenes_mini_subset,scene-1094_038,pitch,1.0,pitch_1deg,3,Car,17.08,mid,42,100.0,22.7479
nuscenes_mini_subset,scene-1094_038,pitch,2.0,pitch_2deg,0,Car,29.96,mid,18,50.0,44.7902
nuscenes_mini_subset,scene-1094_038,pitch,2.0,pitch_2deg,3,Car,17.08,mid,42,57.1429,45.5721
nuscenes_mini_subset,scene-1094_038,pitch,3.0,pitch_3deg,0,Car,29.96,mid,18,0.0,67.2499
nuscenes_mini_subset,scene-1094_038,pitch,3.0,pitch_3deg,3,Car,17.08,mid,42,14.2857,68.4893
nuscenes_mini_subset,scene-1094_038,roll,0.5,roll_0.5deg,0,Car,29.96,mid,18,100.0,0.2785
nuscenes_mini_subset,scene-1094_038,roll,0.5,roll_0.5deg,3,Car,17.08,mid,42,100.0,5.3563
nuscenes_mini_subset,scene-1094_038,roll,1.0,roll_1deg,0,Car,29.96,mid,18,100.0,0.5571
nuscenes_mini_subset,scene-1094_038,roll,1.0,roll_1deg,3,Car,17.08,mid,42,100.0,10.7129
nuscenes_mini_subset,scene-1094_038,roll,2.0,roll_2deg,0,Car,29.96,mid,18,100.0,1.1141
nuscenes_mini_subset,scene-1094_038,roll,2.0,roll_2deg,3,Car,17.08,mid,42,100.0,21.4265
nuscenes_mini_subset,scene-1094_038,roll,3.0,roll_3deg,0,Car,29.96,mid,18,100.0,1.671
nuscenes_mini_subset,scene-1094_038,roll,3.0,roll_3deg,3,Car,17.08,mid,42,69.0476,32.14
nuscenes_mini_subset,scene-1094_038,tx,0.02,tx_2cm,0,Car,29.96,mid,18,100.0,0.0173
nuscenes_mini_subset,scene-1094_038,tx,0.02,tx_2cm,3,Car,17.08,mid,42,100.0,0.7939
nuscenes_mini_subset,scene-1094_038,tx,0.05,tx_5cm,0,Car,29.96,mid,18,100.0,0.0431
nuscenes_mini_subset,scene-1094_038,tx,0.05,tx_5cm,3,Car,17.08,mid,42,100.0,1.9809
nuscenes_mini_subset,scene-1094_038,tx,0.1,tx_10cm,0,Car,29.96,mid,18,100.0,0.0861
nuscenes_mini_subset,scene-1094_038,tx,0.1,tx_10cm,3,Car,17.08,mid,42,100.0,3.949
nuscenes_mini_subset,scene-1094_038,ty,0.02,ty_2cm,0,Car,29.96,mid,18,100.0,0.9046
nuscenes_mini_subset,scene-1094_038,ty,0.02,ty_2cm,3,Car,17.08,mid,42,100.0,1.6537
nuscenes_mini_subset,scene-1094_038,ty,0.05,ty_5cm,0,Car,29.96,mid,18,100.0,2.2614
nuscenes_mini_subset,scene-1094_038,ty,0.05,ty_5cm,3,Car,17.08,mid,42,100.0,4.1341
nuscenes_mini_subset,scene-1094_038,ty,0.1,ty_10cm,0,Car,29.96,mid,18,94.4444,4.5228
nuscenes_mini_subset,scene-1094_038,ty,0.1,ty_10cm,3,Car,17.08,mid,42,100.0,8.2681
nuscenes_mini_subset,scene-1094_038,tz,0.02,tz_2cm,0,Car,29.96,mid,18,100.0,0.9046
nuscenes_mini_subset,scene-1094_038,tz,0.02,tz_2cm,3,Car,17.08,mid,42,100.0,1.6522
nuscenes_mini_subset,scene-1094_038,tz,0.05,tz_5cm,0,Car,29.96,mid,18,100.0,2.2614
nuscenes_mini_subset,scene-1094_038,tz,0.05,tz_5cm,3,Car,17.08,mid,42,100.0,4.1303
nuscenes_mini_subset,scene-1094_038,tz,0.1,tz_10cm,0,Car,29.96,mid,18,100.0,4.5226
nuscenes_mini_subset,scene-1094_038,tz,0.1,tz_10cm,3,Car,17.08,mid,42,100.0,8.2601
nuscenes_mini_subset,scene-1094_038,time,35.9,no_ego_motion,0,Car,29.96,mid,18,100.0,1.4903
nuscenes_mini_subset,scene-1094_038,time,35.9,no_ego_motion,3,Car,17.08,mid,42,97.619,17.4552
nuscenes_mini_subset,scene-1094_039,baseline,0.0,baseline,0,Car,29.84,mid,10,100.0,0.0
nuscenes_mini_subset,scene-1094_039,baseline,0.0,baseline,1,Pedestrian,18.83,mid,11,100.0,0.0
nuscenes_mini_subset,scene-1094_039,yaw,0.5,yaw_0.5deg,0,Car,29.84,mid,10,90.0,11.1816
nuscenes_mini_subset,scene-1094_039,yaw,0.5,yaw_0.5deg,1,Pedestrian,18.83,mid,11,100.0,12.2316
nuscenes_mini_subset,scene-1094_039,yaw,1.0,yaw_1deg,0,Car,29.84,mid,10,80.0,22.3638
nuscenes_mini_subset,scene-1094_039,yaw,1.0,yaw_1deg,1,Pedestrian,18.83,mid,11,63.6364,24.529
nuscenes_mini_subset,scene-1094_039,yaw,2.0,yaw_2deg,0,Car,29.84,mid,10,50.0,44.7309
nuscenes_mini_subset,scene-1094_039,yaw,2.0,yaw_2deg,1,Pedestrian,18.83,mid,11,0.0,49.331
nuscenes_mini_subset,scene-1094_039,yaw,3.0,yaw_3deg,0,Car,29.84,mid,10,20.0,67.1066
nuscenes_mini_subset,scene-1094_039,yaw,3.0,yaw_3deg,1,Pedestrian,18.83,mid,11,0.0,74.4264
nuscenes_mini_subset,scene-1094_039,pitch,0.5,pitch_0.5deg,0,Car,29.84,mid,10,100.0,11.1926
nuscenes_mini_subset,scene-1094_039,pitch,0.5,pitch_0.5deg,1,Pedestrian,18.83,mid,11,100.0,11.2237
nuscenes_mini_subset,scene-1094_039,pitch,1.0,pitch_1deg,0,Car,29.84,mid,10,100.0,22.3942
nuscenes_mini_subset,scene-1094_039,pitch,1.0,pitch_1deg,1,Pedestrian,18.83,mid,11,100.0,22.4514
nuscenes_mini_subset,scene-1094_039,pitch,2.0,pitch_2deg,0,Car,29.84,mid,10,20.0,44.8315
nuscenes_mini_subset,scene-1094_039,pitch,2.0,pitch_2deg,1,Pedestrian,18.83,mid,11,63.6364,44.9261
nuscenes_mini_subset,scene-1094_039,pitch,3.0,pitch_3deg,0,Car,29.84,mid,10,0.0,67.3258
nuscenes_mini_subset,scene-1094_039,pitch,3.0,pitch_3deg,1,Pedestrian,18.83,mid,11,63.6364,67.4387
nuscenes_mini_subset,scene-1094_039,roll,0.5,roll_0.5deg,0,Car,29.84,mid,10,100.0,0.3084
nuscenes_mini_subset,scene-1094_039,roll,0.5,roll_0.5deg,1,Pedestrian,18.83,mid,11,100.0,3.3134
nuscenes_mini_subset,scene-1094_039,roll,1.0,roll_1deg,0,Car,29.84,mid,10,100.0,0.6168
nuscenes_mini_subset,scene-1094_039,roll,1.0,roll_1deg,1,Pedestrian,18.83,mid,11,100.0,6.6267
nuscenes_mini_subset,scene-1094_039,roll,2.0,roll_2deg,0,Car,29.84,mid,10,100.0,1.2336
nuscenes_mini_subset,scene-1094_039,roll,2.0,roll_2deg,1,Pedestrian,18.83,mid,11,100.0,13.2522
nuscenes_mini_subset,scene-1094_039,roll,3.0,roll_3deg,0,Car,29.84,mid,10,100.0,1.8503
nuscenes_mini_subset,scene-1094_039,roll,3.0,roll_3deg,1,Pedestrian,18.83,mid,11,100.0,19.8761
nuscenes_mini_subset,scene-1094_039,tx,0.02,tx_2cm,0,Car,29.84,mid,10,100.0,0.0177
nuscenes_mini_subset,scene-1094_039,tx,0.02,tx_2cm,1,Pedestrian,18.83,mid,11,100.0,0.4029
nuscenes_mini_subset,scene-1094_039,tx,0.05,tx_5cm,0,Car,29.84,mid,10,100.0,0.0442
nuscenes_mini_subset,scene-1094_039,tx,0.05,tx_5cm,1,Pedestrian,18.83,mid,11,100.0,1.0057
nuscenes_mini_subset,scene-1094_039,tx,0.1,tx_10cm,0,Car,29.84,mid,10,100.0,0.0882
nuscenes_mini_subset,scene-1094_039,tx,0.1,tx_10cm,1,Pedestrian,18.83,mid,11,100.0,2.0061
nuscenes_mini_subset,scene-1094_039,ty,0.02,ty_2cm,0,Car,29.84,mid,10,100.0,0.9078
nuscenes_mini_subset,scene-1094_039,ty,0.02,ty_2cm,1,Pedestrian,18.83,mid,11,100.0,1.3399
nuscenes_mini_subset,scene-1094_039,ty,0.05,ty_5cm,0,Car,29.84,mid,10,100.0,2.2694
nuscenes_mini_subset,scene-1094_039,ty,0.05,ty_5cm,1,Pedestrian,18.83,mid,11,100.0,3.3496
nuscenes_mini_subset,scene-1094_039,ty,0.1,ty_10cm,0,Car,29.84,mid,10,100.0,4.5388
nuscenes_mini_subset,scene-1094_039,ty,0.1,ty_10cm,1,Pedestrian,18.83,mid,11,100.0,6.6992
nuscenes_mini_subset,scene-1094_039,tz,0.02,tz_2cm,0,Car,29.84,mid,10,100.0,0.9081
nuscenes_mini_subset,scene-1094_039,tz,0.02,tz_2cm,1,Pedestrian,18.83,mid,11,100.0,1.3405
nuscenes_mini_subset,scene-1094_039,tz,0.05,tz_5cm,0,Car,29.84,mid,10,100.0,2.2702
nuscenes_mini_subset,scene-1094_039,tz,0.05,tz_5cm,1,Pedestrian,18.83,mid,11,100.0,3.3511
nuscenes_mini_subset,scene-1094_039,tz,0.1,tz_10cm,0,Car,29.84,mid,10,100.0,4.5403
nuscenes_mini_subset,scene-1094_039,tz,0.1,tz_10cm,1,Pedestrian,18.83,mid,11,100.0,6.7018
nuscenes_mini_subset,scene-1094_039,time,35.2,no_ego_motion,0,Car,29.84,mid,10,100.0,0.3373
nuscenes_mini_subset,scene-1094_039,time,35.2,no_ego_motion,1,Pedestrian,18.83,mid,11,100.0,9.4581
