dataset,frame_id,axis,level,config,n_points,fov_pct,n_objects,hit_pct,shift_px_p50,edge_score
nuscenes_mini_subset,scene-0103_000,baseline,0.0,baseline,34752,8.5866,0,,0.0,0.2336
nuscenes_mini_subset,scene-0103_000,yaw,0.5,yaw_0.5deg,34752,8.552,0,,12.4819,0.2036
nuscenes_mini_subset,scene-0103_000,yaw,1.0,yaw_1deg,34752,8.5146,0,,24.9411,0.1617
nuscenes_mini_subset,scene-0103_000,yaw,2.0,yaw_2deg,34752,8.4427,0,,49.7778,0.2156
nuscenes_mini_subset,scene-0103_000,yaw,3.0,yaw_3deg,34752,8.3851,0,,74.5264,0.3052
nuscenes_mini_subset,scene-0103_000,pitch,0.5,pitch_0.5deg,34752,8.4312,0,,11.5139,0.2647
nuscenes_mini_subset,scene-0103_000,pitch,1.0,pitch_1deg,34752,8.1779,0,,22.9126,0.2745
nuscenes_mini_subset,scene-0103_000,pitch,2.0,pitch_2deg,34752,7.8384,0,,45.7142,0.1173
nuscenes_mini_subset,scene-0103_000,pitch,3.0,pitch_3deg,34752,7.5017,0,,68.5594,0.0942
nuscenes_mini_subset,scene-0103_000,roll,0.5,roll_0.5deg,34752,8.6096,0,,3.9965,0.2982
nuscenes_mini_subset,scene-0103_000,roll,1.0,roll_1deg,34752,8.6182,0,,7.9856,0.3226
nuscenes_mini_subset,scene-0103_000,roll,2.0,roll_2deg,34752,8.6153,0,,15.9193,0.233
nuscenes_mini_subset,scene-0103_000,roll,3.0,roll_3deg,34752,8.624,0,,23.7499,0.2166
nuscenes_mini_subset,scene-0103_000,tx,0.02,tx_2cm,34752,8.624,0,,0.5851,0.2193
nuscenes_mini_subset,scene-0103_000,tx,0.05,tx_5cm,34752,8.6642,0,,1.458,0.2266
nuscenes_mini_subset,scene-0103_000,tx,0.1,tx_10cm,34752,8.7247,0,,2.9012,0.2316
nuscenes_mini_subset,scene-0103_000,ty,0.02,ty_2cm,34752,8.5923,0,,1.8912,0.2633
nuscenes_mini_subset,scene-0103_000,ty,0.05,ty_5cm,34752,8.5981,0,,4.7279,0.2512
nuscenes_mini_subset,scene-0103_000,ty,0.1,ty_10cm,34752,8.6009,0,,9.4441,0.2467
nuscenes_mini_subset,scene-0103_000,tz,0.02,tz_2cm,34752,8.6384,0,,1.9059,0.2356
nuscenes_mini_subset,scene-0103_000,tz,0.05,tz_5cm,34752,8.6988,0,,4.7643,0.2171
nuscenes_mini_subset,scene-0103_000,tz,0.1,tz_10cm,34752,8.9952,0,,9.5266,0.1936
nuscenes_mini_subset,scene-0103_000,time,35.2,no_ego_motion,34752,7.988,0,,9.7884,0.24
nuscenes_mini_subset,scene-0103_001,baseline,0.0,baseline,34688,8.784,1,93.3333,0.0,0.1526
nuscenes_mini_subset,scene-0103_001,yaw,0.5,yaw_0.5deg,34688,8.7523,1,100.0,12.5248,0.1281
nuscenes_mini_subset,scene-0103_001,yaw,1.0,yaw_1deg,34688,8.7148,1,100.0,25.0133,0.2109
nuscenes_mini_subset,scene-0103_001,yaw,2.0,yaw_2deg,34688,8.6629,1,73.3333,49.9136,0.1525
nuscenes_mini_subset,scene-0103_001,yaw,3.0,yaw_3deg,34688,8.6312,1,6.6667,74.6942,0.1702
nuscenes_mini_subset,scene-0103_001,pitch,0.5,pitch_0.5deg,34688,8.6082,1,93.3333,11.47,0.1584
nuscenes_mini_subset,scene-0103_001,pitch,1.0,pitch_1deg,34688,8.366,1,93.3333,22.838,0.2478
nuscenes_mini_subset,scene-0103_001,pitch,2.0,pitch_2deg,34688,8.0258,1,80.0,45.6125,0.229
nuscenes_mini_subset,scene-0103_001,pitch,3.0,pitch_3deg,34688,7.6828,1,80.0,68.5011,0.1301
nuscenes_mini_subset,scene-0103_001,roll,0.5,roll_0.5deg,34688,8.7984,1,93.3333,4.029,0.1946
nuscenes_mini_subset,scene-0103_001,roll,1.0,roll_1deg,34688,8.8013,1,93.3333,8.0446,0.19
nuscenes_mini_subset,scene-0103_001,roll,2.0,roll_2deg,34688,8.8071,1,93.3333,16.0576,0.2058
nuscenes_mini_subset,scene-0103_001,roll,3.0,roll_3deg,34688,8.8042,1,93.3333,24.033,0.1843
nuscenes_mini_subset,scene-0103_001,tx,0.02,tx_2cm,34688,8.8157,1,93.3333,0.5811,0.1521
nuscenes_mini_subset,scene-0103_001,tx,0.05,tx_5cm,34688,8.8532,1,100.0,1.4499,0.1664
nuscenes_mini_subset,scene-0103_001,tx,0.1,tx_10cm,34688,8.908,1,100.0,2.8899,0.1624
nuscenes_mini_subset,scene-0103_001,ty,0.02,ty_2cm,34688,8.784,1,100.0,1.7673,0.1576
nuscenes_mini_subset,scene-0103_001,ty,0.05,ty_5cm,34688,8.7898,1,100.0,4.4176,0.135
nuscenes_mini_subset,scene-0103_001,ty,0.1,ty_10cm,34688,8.7898,1,100.0,8.8343,0.1454
nuscenes_mini_subset,scene-0103_001,tz,0.02,tz_2cm,34688,8.833,1,93.3333,1.7759,0.1682
nuscenes_mini_subset,scene-0103_001,tz,0.05,tz_5cm,34688,8.8907,1,93.3333,4.4393,0.1679
nuscenes_mini_subset,scene-0103_001,tz,0.1,tz_10cm,34688,9.1934,1,93.3333,8.877,0.1904
nuscenes_mini_subset,scene-0103_001,time,35.6,no_ego_motion,34688,8.1988,1,80.0,9.3483,0.1391
nuscenes_mini_subset,scene-0103_002,baseline,0.0,baseline,34752,8.8743,1,100.0,0.0,0.2203
nuscenes_mini_subset,scene-0103_002,yaw,0.5,yaw_0.5deg,34752,8.857,1,72.7273,12.5324,0.1405
nuscenes_mini_subset,scene-0103_002,yaw,1.0,yaw_1deg,34752,8.8369,1,63.6364,25.0072,0.2035
nuscenes_mini_subset,scene-0103_002,yaw,2.0,yaw_2deg,34752,8.7765,1,9.0909,49.8895,0.095
nuscenes_mini_subset,scene-0103_002,yaw,3.0,yaw_3deg,34752,8.7276,1,0.0,74.6574,0.2182
nuscenes_mini_subset,scene-0103_002,pitch,0.5,pitch_0.5deg,34752,8.716,1,100.0,11.4542,0.177
nuscenes_mini_subset,scene-0103_002,pitch,1.0,pitch_1deg,34752,8.4628,1,81.8182,22.825,0.2272
nuscenes_mini_subset,scene-0103_002,pitch,2.0,pitch_2deg,34752,8.1003,1,81.8182,45.5649,0.14
nuscenes_mini_subset,scene-0103_002,pitch,3.0,pitch_3deg,34752,7.7665,1,36.3636,68.3465,0.1414
nuscenes_mini_subset,scene-0103_002,roll,0.5,roll_0.5deg,34752,8.906,1,100.0,4.0772,0.2321
nuscenes_mini_subset,scene-0103_002,roll,1.0,roll_1deg,34752,8.9117,1,100.0,8.1422,0.1931
nuscenes_mini_subset,scene-0103_002,roll,2.0,roll_2deg,34752,8.9002,1,81.8182,16.1968,0.2665
nuscenes_mini_subset,scene-0103_002,roll,3.0,roll_3deg,34752,8.9117,1,81.8182,24.247,0.3331
nuscenes_mini_subset,scene-0103_002,tx,0.02,tx_2cm,34752,8.9031,1,100.0,0.5645,0.2325
nuscenes_mini_subset,scene-0103_002,tx,0.05,tx_5cm,34752,8.9376,1,100.0,1.4079,0.2086
nuscenes_mini_subset,scene-0103_002,tx,0.1,tx_10cm,34752,9.0009,1,100.0,2.7996,0.1989
nuscenes_mini_subset,scene-0103_002,ty,0.02,ty_2cm,34752,8.8858,1,100.0,1.5668,0.2022
nuscenes_mini_subset,scene-0103_002,ty,0.05,ty_5cm,34752,8.8829,1,100.0,3.8625,0.208
nuscenes_mini_subset,scene-0103_002,ty,0.1,ty_10cm,34752,8.8772,1,100.0,7.7247,0.1877
nuscenes_mini_subset,scene-0103_002,tz,0.02,tz_2cm,34752,8.9232,1,100.0,1.5811,0.216
nuscenes_mini_subset,scene-0103_002,tz,0.05,tz_5cm,34752,8.9865,1,100.0,3.9524,0.2409
nuscenes_mini_subset,scene-0103_002,tz,0.1,tz_10cm,34752,9.28,1,100.0,7.9034,0.2808
nuscenes_mini_subset,scene-0103_002,time,35.5,no_ego_motion,34752,8.293,1,100.0,9.5674,0.1733
nuscenes_mini_subset,scene-0103_003,baseline,0.0,baseline,34720,8.9286,2,100.0,0.0,0.2326
nuscenes_mini_subset,scene-0103_003,yaw,0.5,yaw_0.5deg,34720,8.9286,2,100.0,12.5254,0.1025
nuscenes_mini_subset,scene-0103_003,yaw,1.0,yaw_1deg,34720,8.9401,2,88.4615,25.0275,0.1414
nuscenes_mini_subset,scene-0103_003,yaw,2.0,yaw_2deg,34720,8.9343,2,57.3718,49.9426,0.128
nuscenes_mini_subset,scene-0103_003,yaw,3.0,yaw_3deg,34720,8.8969,2,25.0,74.7304,0.1512
nuscenes_mini_subset,scene-0103_003,pitch,0.5,pitch_0.5deg,34720,8.7586,2,100.0,11.4385,0.1884
nuscenes_mini_subset,scene-0103_003,pitch,1.0,pitch_1deg,34720,8.5109,2,100.0,22.8233,0.0935
nuscenes_mini_subset,scene-0103_003,pitch,2.0,pitch_2deg,34720,8.1509,2,58.9744,45.6062,0.1707
nuscenes_mini_subset,scene-0103_003,pitch,3.0,pitch_3deg,34720,7.8197,2,50.641,68.3455,0.2107
nuscenes_mini_subset,scene-0103_003,roll,0.5,roll_0.5deg,34720,8.9459,2,100.0,4.0653,0.2296
nuscenes_mini_subset,scene-0103_003,roll,1.0,roll_1deg,34720,8.9459,2,100.0,8.1157,0.2211
nuscenes_mini_subset,scene-0103_003,roll,2.0,roll_2deg,34720,8.9286,2,100.0,16.169,0.146
nuscenes_mini_subset,scene-0103_003,roll,3.0,roll_3deg,34720,8.9315,2,100.0,24.1485,0.2017
nuscenes_mini_subset,scene-0103_003,tx,0.02,tx_2cm,34720,8.9516,2,100.0,0.5316,0.2365
nuscenes_mini_subset,scene-0103_003,tx,0.05,tx_5cm,34720,8.9804,2,100.0,1.3275,0.2191
nuscenes_mini_subset,scene-0103_003,tx,0.1,tx_10cm,34720,9.0467,2,100.0,2.6473,0.2132
nuscenes_mini_subset,scene-0103_003,ty,0.02,ty_2cm,34720,8.9257,2,100.0,1.6159,0.2326
nuscenes_mini_subset,scene-0103_003,ty,0.05,ty_5cm,34720,8.9228,2,100.0,4.039,0.1908
nuscenes_mini_subset,scene-0103_003,ty,0.1,ty_10cm,34720,8.9372,2,100.0,8.0645,0.1547
nuscenes_mini_subset,scene-0103_003,tz,0.02,tz_2cm,34720,8.9775,2,100.0,1.6369,0.2192
nuscenes_mini_subset,scene-0103_003,tz,0.05,tz_5cm,34720,9.0409,2,100.0,4.0918,0.1575
nuscenes_mini_subset,scene-0103_003,tz,0.1,tz_10cm,34720,9.3289,2,100.0,8.1821,0.1145
nuscenes_mini_subset,scene-0103_003,time,35.4,no_ego_motion,34720,8.3497,2,100.0,9.6965,0.2084
nuscenes_mini_subset,scene-0103_004,baseline,0.0,baseline,34784,8.8029,2,100.0,0.0,0.1818
nuscenes_mini_subset,scene-0103_004,yaw,0.5,yaw_0.5deg,34784,8.7741,2,100.0,12.5806,0.0998
nuscenes_mini_subset,scene-0103_004,yaw,1.0,yaw_1deg,34784,8.7856,2,96.875,25.136,0.1337
nuscenes_mini_subset,scene-0103_004,yaw,2.0,yaw_2deg,34784,8.8115,2,69.9882,50.1185,0.1532
nuscenes_mini_subset,scene-0103_004,yaw,3.0,yaw_3deg,34784,8.8345,2,44.3396,74.9946,0.1622
nuscenes_mini_subset,scene-0103_004,pitch,0.5,pitch_0.5deg,34784,8.6333,2,100.0,11.4762,0.2148
nuscenes_mini_subset,scene-0103_004,pitch,1.0,pitch_1deg,34784,8.3688,2,100.0,22.9065,0.1725
nuscenes_mini_subset,scene-0103_004,pitch,2.0,pitch_2deg,34784,8.0267,2,76.4741,45.7793,0.16
nuscenes_mini_subset,scene-0103_004,pitch,3.0,pitch_3deg,34784,7.7076,2,70.8137,68.7219,0.2621
nuscenes_mini_subset,scene-0103_004,roll,0.5,roll_0.5deg,34784,8.8144,2,100.0,4.1196,0.1655
nuscenes_mini_subset,scene-0103_004,roll,1.0,roll_1deg,34784,8.8115,2,100.0,8.229,0.181
nuscenes_mini_subset,scene-0103_004,roll,2.0,roll_2deg,34784,8.8,2,100.0,16.3717,0.1983
nuscenes_mini_subset,scene-0103_004,roll,3.0,roll_3deg,34784,8.823,2,93.75,24.512,0.192
nuscenes_mini_subset,scene-0103_004,tx,0.02,tx_2cm,34784,8.823,2,100.0,0.6064,0.2309
nuscenes_mini_subset,scene-0103_004,tx,0.05,tx_5cm,34784,8.8546,2,100.0,1.5121,0.2389
nuscenes_mini_subset,scene-0103_004,tx,0.1,tx_10cm,34784,8.9351,2,100.0,3.0138,0.1948
nuscenes_mini_subset,scene-0103_004,ty,0.02,ty_2cm,34784,8.7914,2,100.0,1.9679,0.2177
nuscenes_mini_subset,scene-0103_004,ty,0.05,ty_5cm,34784,8.7914,2,100.0,4.9195,0.198
nuscenes_mini_subset,scene-0103_004,ty,0.1,ty_10cm,34784,8.8029,2,100.0,9.8385,0.1581
nuscenes_mini_subset,scene-0103_004,tz,0.02,tz_2cm,34784,8.8489,2,100.0,1.9761,0.1759
nuscenes_mini_subset,scene-0103_004,tz,0.05,tz_5cm,34784,8.9093,2,100.0,4.9396,0.1565
nuscenes_mini_subset,scene-0103_004,tz,0.1,tz_10cm,34784,9.1996,2,100.0,9.8769,0.2035
nuscenes_mini_subset,scene-0103_004,time,35.8,no_ego_motion,34784,8.1905,2,100.0,10.5724,0.1247
nuscenes_mini_subset,scene-0103_005,baseline,0.0,baseline,34720,8.8796,1,100.0,0.0,0.2635
nuscenes_mini_subset,scene-0103_005,yaw,0.5,yaw_0.5deg,34720,8.8969,1,100.0,12.4901,0.2806
nuscenes_mini_subset,scene-0103_005,yaw,1.0,yaw_1deg,34720,8.8911,1,92.3077,24.9689,0.3485
nuscenes_mini_subset,scene-0103_005,yaw,2.0,yaw_2deg,34720,8.9545,1,15.3846,49.866,0.317
nuscenes_mini_subset,scene-0103_005,yaw,3.0,yaw_3deg,34720,8.9919,1,0.0,74.6678,0.176
nuscenes_mini_subset,scene-0103_005,pitch,0.5,pitch_0.5deg,34720,8.7356,1,100.0,11.4862,0.3735
nuscenes_mini_subset,scene-0103_005,pitch,1.0,pitch_1deg,34720,8.4793,1,100.0,22.9364,0.2708
nuscenes_mini_subset,scene-0103_005,pitch,2.0,pitch_2deg,34720,8.1682,1,84.6154,45.9248,0.2142
nuscenes_mini_subset,scene-0103_005,pitch,3.0,pitch_3deg,34720,7.8283,1,53.8462,68.558,0.3006
nuscenes_mini_subset,scene-0103_005,roll,0.5,roll_0.5deg,34720,8.894,1,100.0,3.95,0.2235
nuscenes_mini_subset,scene-0103_005,roll,1.0,roll_1deg,34720,8.9026,1,100.0,7.8875,0.2581
nuscenes_mini_subset,scene-0103_005,roll,2.0,roll_2deg,34720,8.9026,1,100.0,15.7407,0.2271
nuscenes_mini_subset,scene-0103_005,roll,3.0,roll_3deg,34720,8.9084,1,84.6154,23.5663,0.2787
nuscenes_mini_subset,scene-0103_005,tx,0.02,tx_2cm,34720,8.9055,1,100.0,0.6371,0.2743
nuscenes_mini_subset,scene-0103_005,tx,0.05,tx_5cm,34720,8.9459,1,100.0,1.5895,0.2292
nuscenes_mini_subset,scene-0103_005,tx,0.1,tx_10cm,34720,9.0179,1,100.0,3.164,0.2355
nuscenes_mini_subset,scene-0103_005,ty,0.02,ty_2cm,34720,8.8882,1,100.0,1.98,0.2885
nuscenes_mini_subset,scene-0103_005,ty,0.05,ty_5cm,34720,8.8911,1,100.0,4.9494,0.2885
nuscenes_mini_subset,scene-0103_005,ty,0.1,ty_10cm,34720,8.894,1,100.0,9.8979,0.2742
nuscenes_mini_subset,scene-0103_005,tz,0.02,tz_2cm,34720,8.9286,1,100.0,1.9922,0.3518
nuscenes_mini_subset,scene-0103_005,tz,0.05,tz_5cm,34720,9.0438,1,100.0,4.98,0.3257
nuscenes_mini_subset,scene-0103_005,tz,0.1,tz_10cm,34720,9.2972,1,100.0,9.9578,0.3472
nuscenes_mini_subset,scene-0103_005,time,36.2,no_ego_motion,34720,8.2488,1,100.0,11.5453,0.3355
nuscenes_mini_subset,scene-0103_006,baseline,0.0,baseline,34688,9.1674,2,100.0,0.0,0.3594
nuscenes_mini_subset,scene-0103_006,yaw,0.5,yaw_0.5deg,34688,9.1761,2,97.3684,12.5829,0.2555
nuscenes_mini_subset,scene-0103_006,yaw,1.0,yaw_1deg,34688,9.1761,2,94.7368,25.1323,0.1921
nuscenes_mini_subset,scene-0103_006,yaw,2.0,yaw_2deg,34688,9.1761,2,75.3036,50.1232,0.2731
nuscenes_mini_subset,scene-0103_006,yaw,3.0,yaw_3deg,34688,9.1761,2,55.8704,75.004,0.2167
nuscenes_mini_subset,scene-0103_006,pitch,0.5,pitch_0.5deg,34688,9.0175,2,100.0,11.4671,0.3703
nuscenes_mini_subset,scene-0103_006,pitch,1.0,pitch_1deg,34688,8.7667,2,53.8462,22.8875,0.3785
nuscenes_mini_subset,scene-0103_006,pitch,2.0,pitch_2deg,34688,8.4698,2,5.2632,45.7841,0.445
nuscenes_mini_subset,scene-0103_006,pitch,3.0,pitch_3deg,34688,8.1123,2,0.0,68.5712,0.2913
nuscenes_mini_subset,scene-0103_006,roll,0.5,roll_0.5deg,34688,9.1876,2,100.0,4.11,0.3007
nuscenes_mini_subset,scene-0103_006,roll,1.0,roll_1deg,34688,9.1876,2,100.0,8.2019,0.2357
nuscenes_mini_subset,scene-0103_006,roll,2.0,roll_2deg,34688,9.1732,2,100.0,16.3119,0.2556
nuscenes_mini_subset,scene-0103_006,roll,3.0,roll_3deg,34688,9.1761,2,100.0,24.3876,0.4062
nuscenes_mini_subset,scene-0103_006,tx,0.02,tx_2cm,34688,9.202,2,100.0,0.6732,0.403
nuscenes_mini_subset,scene-0103_006,tx,0.05,tx_5cm,34688,9.2337,2,100.0,1.6794,0.3259
nuscenes_mini_subset,scene-0103_006,tx,0.1,tx_10cm,34688,9.3145,2,100.0,3.345,0.3282
nuscenes_mini_subset,scene-0103_006,ty,0.02,ty_2cm,34688,9.1761,2,100.0,1.9138,0.4079
nuscenes_mini_subset,scene-0103_006,ty,0.05,ty_5cm,34688,9.1818,2,100.0,4.7773,0.39
nuscenes_mini_subset,scene-0103_006,ty,0.1,ty_10cm,34688,9.1905,2,100.0,9.5542,0.327
nuscenes_mini_subset,scene-0103_006,tz,0.02,tz_2cm,34688,9.2164,2,100.0,1.9179,0.3132
nuscenes_mini_subset,scene-0103_006,tz,0.05,tz_5cm,34688,9.3375,2,100.0,4.7942,0.2966
nuscenes_mini_subset,scene-0103_006,tz,0.1,tz_10cm,34688,9.5682,2,100.0,9.5864,0.3051
nuscenes_mini_subset,scene-0103_006,time,36.7,no_ego_motion,34688,8.5246,2,100.0,11.0777,0.3441
nuscenes_mini_subset,scene-0103_007,baseline,0.0,baseline,34688,9.0608,2,100.0,0.0,0.4264
nuscenes_mini_subset,scene-0103_007,yaw,0.5,yaw_0.5deg,34688,9.055,2,100.0,12.5863,0.4568
nuscenes_mini_subset,scene-0103_007,yaw,1.0,yaw_1deg,34688,9.0521,2,94.899,25.1377,0.3734
nuscenes_mini_subset,scene-0103_007,yaw,2.0,yaw_2deg,34688,9.0492,2,83.5859,50.1284,0.2973
nuscenes_mini_subset,scene-0103_007,yaw,3.0,yaw_3deg,34688,9.0492,2,80.8081,74.9772,0.2947
nuscenes_mini_subset,scene-0103_007,pitch,0.5,pitch_0.5deg,34688,8.9166,2,100.0,11.5008,0.3028
nuscenes_mini_subset,scene-0103_007,pitch,1.0,pitch_1deg,34688,8.6456,2,77.2727,22.9602,0.2046
nuscenes_mini_subset,scene-0103_007,pitch,2.0,pitch_2deg,34688,8.3401,2,77.2727,45.8636,0.4288
nuscenes_mini_subset,scene-0103_007,pitch,3.0,pitch_3deg,34688,7.9855,2,63.9394,68.8439,0.2216
nuscenes_mini_subset,scene-0103_007,roll,0.5,roll_0.5deg,34688,9.0838,2,100.0,4.1214,0.3749
nuscenes_mini_subset,scene-0103_007,roll,1.0,roll_1deg,34688,9.0781,2,100.0,8.2274,0.2875
nuscenes_mini_subset,scene-0103_007,roll,2.0,roll_2deg,34688,9.0579,2,100.0,16.3954,0.1438
nuscenes_mini_subset,scene-0103_007,roll,3.0,roll_3deg,34688,9.0694,2,70.5051,24.5153,0.2049
nuscenes_mini_subset,scene-0103_007,tx,0.02,tx_2cm,34688,9.0925,2,100.0,0.7008,0.4082
nuscenes_mini_subset,scene-0103_007,tx,0.05,tx_5cm,34688,9.1328,2,100.0,1.7497,0.3645
nuscenes_mini_subset,scene-0103_007,tx,0.1,tx_10cm,34688,9.2164,2,100.0,3.4825,0.342
nuscenes_mini_subset,scene-0103_007,ty,0.02,ty_2cm,34688,9.0752,2,100.0,2.1731,0.3614
nuscenes_mini_subset,scene-0103_007,ty,0.05,ty_5cm,34688,9.0665,2,100.0,5.4319,0.4233
nuscenes_mini_subset,scene-0103_007,ty,0.1,ty_10cm,34688,9.0723,2,100.0,10.8632,0.396
nuscenes_mini_subset,scene-0103_007,tz,0.02,tz_2cm,34688,9.1098,2,100.0,2.1963,0.4313
nuscenes_mini_subset,scene-0103_007,tz,0.05,tz_5cm,34688,9.2539,2,100.0,5.49,0.4655
nuscenes_mini_subset,scene-0103_007,tz,0.1,tz_10cm,34688,9.4817,2,100.0,10.9773,0.5438
nuscenes_mini_subset,scene-0103_007,time,36.5,no_ego_motion,34688,8.366,2,100.0,12.8255,0.4411
nuscenes_mini_subset,scene-0103_008,baseline,0.0,baseline,34720,8.5484,1,100.0,0.0,0.1295
nuscenes_mini_subset,scene-0103_008,yaw,0.5,yaw_0.5deg,34720,8.5541,1,100.0,12.5312,0.104
nuscenes_mini_subset,scene-0103_008,yaw,1.0,yaw_1deg,34720,8.5599,1,100.0,25.0151,0.0613
nuscenes_mini_subset,scene-0103_008,yaw,2.0,yaw_2deg,34720,8.5772,1,89.5833,49.8784,0.0172
nuscenes_mini_subset,scene-0103_008,yaw,3.0,yaw_3deg,34720,8.5858,1,79.1667,74.6402,0.0866
nuscenes_mini_subset,scene-0103_008,pitch,0.5,pitch_0.5deg,34720,8.3957,1,100.0,11.5026,0.1996
nuscenes_mini_subset,scene-0103_008,pitch,1.0,pitch_1deg,34720,8.1279,1,79.1667,22.8913,0.201
nuscenes_mini_subset,scene-0103_008,pitch,2.0,pitch_2deg,34720,7.8168,1,64.5833,45.7281,0.1893
nuscenes_mini_subset,scene-0103_008,pitch,3.0,pitch_3deg,34720,7.4914,1,20.8333,68.5959,0.2656
nuscenes_mini_subset,scene-0103_008,roll,0.5,roll_0.5deg,34720,8.5657,1,100.0,4.0852,0.1415
nuscenes_mini_subset,scene-0103_008,roll,1.0,roll_1deg,34720,8.5599,1,100.0,8.1599,0.0744
nuscenes_mini_subset,scene-0103_008,roll,2.0,roll_2deg,34720,8.5685,1,100.0,16.2261,0.1131
nuscenes_mini_subset,scene-0103_008,roll,3.0,roll_3deg,34720,8.5772,1,100.0,24.2383,0.0636
nuscenes_mini_subset,scene-0103_008,tx,0.02,tx_2cm,34720,8.5772,1,100.0,0.6449,0.1488
nuscenes_mini_subset,scene-0103_008,tx,0.05,tx_5cm,34720,8.6175,1,100.0,1.6074,0.1733
nuscenes_mini_subset,scene-0103_008,tx,0.1,tx_10cm,34720,8.6982,1,100.0,3.2038,0.1221
nuscenes_mini_subset,scene-0103_008,ty,0.02,ty_2cm,34720,8.5541,1,100.0,1.92,0.1424
nuscenes_mini_subset,scene-0103_008,ty,0.05,ty_5cm,34720,8.5657,1,100.0,4.7992,0.1257
nuscenes_mini_subset,scene-0103_008,ty,0.1,ty_10cm,34720,8.5685,1,100.0,9.5934,0.1285
nuscenes_mini_subset,scene-0103_008,tz,0.02,tz_2cm,34720,8.5916,1,100.0,1.9388,0.1332
nuscenes_mini_subset,scene-0103_008,tz,0.05,tz_5cm,34720,8.6434,1,100.0,4.8464,0.1233
nuscenes_mini_subset,scene-0103_008,tz,0.1,tz_10cm,34720,8.9574,1,100.0,9.6909,0.1555
nuscenes_mini_subset,scene-0103_008,time,36.4,no_ego_motion,34720,7.8802,1,100.0,11.2265,0.1559
nuscenes_mini_subset,scene-0103_009,baseline,0.0,baseline,34720,8.7673,2,100.0,0.0,0.097
nuscenes_mini_subset,scene-0103_009,yaw,0.5,yaw_0.5deg,34720,8.7558,2,100.0,12.5602,0.0999
nuscenes_mini_subset,scene-0103_009,yaw,1.0,yaw_1deg,34720,8.7702,2,100.0,25.0898,0.0649
nuscenes_mini_subset,scene-0103_009,yaw,2.0,yaw_2deg,34720,8.7356,2,89.4444,50.048,0.0627
nuscenes_mini_subset,scene-0103_009,yaw,3.0,yaw_3deg,34720,8.7385,2,75.5556,74.9182,0.0513
nuscenes_mini_subset,scene-0103_009,pitch,0.5,pitch_0.5deg,34720,8.6089,2,100.0,11.4868,0.1669
nuscenes_mini_subset,scene-0103_009,pitch,1.0,pitch_1deg,34720,8.3525,2,69.4444,22.8747,0.158
nuscenes_mini_subset,scene-0103_009,pitch,2.0,pitch_2deg,34720,8.0156,2,10.0,45.6565,0.3054
nuscenes_mini_subset,scene-0103_009,pitch,3.0,pitch_3deg,34720,7.6901,2,0.0,68.4961,0.0827
nuscenes_mini_subset,scene-0103_009,roll,0.5,roll_0.5deg,34720,8.7817,2,100.0,4.1168,0.0678
nuscenes_mini_subset,scene-0103_009,roll,1.0,roll_1deg,34720,8.7817,2,100.0,8.2221,0.0782
nuscenes_mini_subset,scene-0103_009,roll,2.0,roll_2deg,34720,8.7759,2,100.0,16.4045,0.0967
nuscenes_mini_subset,scene-0103_009,roll,3.0,roll_3deg,34720,8.7817,2,90.0,24.5478,0.0632
nuscenes_mini_subset,scene-0103_009,tx,0.02,tx_2cm,34720,8.7932,2,100.0,0.5854,0.0956
nuscenes_mini_subset,scene-0103_009,tx,0.05,tx_5cm,34720,8.8393,2,100.0,1.4598,0.0833
nuscenes_mini_subset,scene-0103_009,tx,0.1,tx_10cm,34720,8.9084,2,100.0,2.9091,0.0584
nuscenes_mini_subset,scene-0103_009,ty,0.02,ty_2cm,34720,8.7586,2,100.0,1.829,0.0739
nuscenes_mini_subset,scene-0103_009,ty,0.05,ty_5cm,34720,8.7702,2,100.0,4.5723,0.0754
nuscenes_mini_subset,scene-0103_009,ty,0.1,ty_10cm,34720,8.7673,2,100.0,9.1439,0.1006
nuscenes_mini_subset,scene-0103_009,tz,0.02,tz_2cm,34720,8.8191,2,100.0,1.8363,0.079
nuscenes_mini_subset,scene-0103_009,tz,0.05,tz_5cm,34720,8.8738,2,100.0,4.5902,0.0581
nuscenes_mini_subset,scene-0103_009,tz,0.1,tz_10cm,34720,9.1705,2,100.0,9.1787,0.0673
nuscenes_mini_subset,scene-0103_009,time,35.7,no_ego_motion,34720,8.1596,2,100.0,8.7268,0.0952
nuscenes_mini_subset,scene-0103_010,baseline,0.0,baseline,34720,8.9862,2,100.0,0.0,0.0252
nuscenes_mini_subset,scene-0103_010,yaw,0.5,yaw_0.5deg,34720,9.0035,2,100.0,12.6114,0.0156
nuscenes_mini_subset,scene-0103_010,yaw,1.0,yaw_1deg,34720,9.0006,2,100.0,25.1813,0.0059
nuscenes_mini_subset,scene-0103_010,yaw,2.0,yaw_2deg,34720,9.0035,2,95.8333,50.2032,0.0531
nuscenes_mini_subset,scene-0103_010,yaw,3.0,yaw_3deg,34720,9.0236,2,86.4583,75.1212,0.0394
nuscenes_mini_subset,scene-0103_010,pitch,0.5,pitch_0.5deg,34720,8.8249,2,100.0,11.4366,0.0714
nuscenes_mini_subset,scene-0103_010,pitch,1.0,pitch_1deg,34720,8.5801,2,72.9167,22.8483,0.0368
nuscenes_mini_subset,scene-0103_010,pitch,2.0,pitch_2deg,34720,8.2431,2,44.7917,45.6991,0.2908
nuscenes_mini_subset,scene-0103_010,pitch,3.0,pitch_3deg,34720,7.9176,2,21.875,68.4508,0.1529
nuscenes_mini_subset,scene-0103_010,roll,0.5,roll_0.5deg,34720,9.0092,2,100.0,4.1518,0.0215
nuscenes_mini_subset,scene-0103_010,roll,1.0,roll_1deg,34720,9.0179,2,100.0,8.2888,0.0257
nuscenes_mini_subset,scene-0103_010,roll,2.0,roll_2deg,34720,9.0006,2,100.0,16.5229,0.0408
nuscenes_mini_subset,scene-0103_010,roll,3.0,roll_3deg,34720,8.9977,2,100.0,24.7075,0.0043
nuscenes_mini_subset,scene-0103_010,tx,0.02,tx_2cm,34720,9.015,2,100.0,0.5847,0.0255
nuscenes_mini_subset,scene-0103_010,tx,0.05,tx_5cm,34720,9.0553,2,100.0,1.4588,0.0241
nuscenes_mini_subset,scene-0103_010,tx,0.1,tx_10cm,34720,9.1273,2,100.0,2.9055,0.0246
nuscenes_mini_subset,scene-0103_010,ty,0.02,ty_2cm,34720,8.9948,2,100.0,1.6101,0.0203
nuscenes_mini_subset,scene-0103_010,ty,0.05,ty_5cm,34720,9.0006,2,100.0,4.0248,0.0248
nuscenes_mini_subset,scene-0103_010,ty,0.1,ty_10cm,34720,9.0121,2,100.0,8.0432,0.024
nuscenes_mini_subset,scene-0103_010,tz,0.02,tz_2cm,34720,9.038,2,100.0,1.6171,0.0174
nuscenes_mini_subset,scene-0103_010,tz,0.05,tz_5cm,34720,9.0985,2,100.0,4.0423,0.017
nuscenes_mini_subset,scene-0103_010,tz,0.1,tz_10cm,34720,9.4009,2,100.0,8.0832,0.0439
nuscenes_mini_subset,scene-0103_010,time,35.6,no_ego_motion,34720,8.3842,2,100.0,10.0167,0.0415
nuscenes_mini_subset,scene-0103_011,baseline,0.0,baseline,34688,8.9282,2,100.0,0.0,0.0385
nuscenes_mini_subset,scene-0103_011,yaw,0.5,yaw_0.5deg,34688,8.931,2,100.0,12.6817,0.0603
nuscenes_mini_subset,scene-0103_011,yaw,1.0,yaw_1deg,34688,8.9339,2,100.0,25.326,-0.0241
nuscenes_mini_subset,scene-0103_011,yaw,2.0,yaw_2deg,34688,8.9455,2,95.4545,50.5669,-0.0056
nuscenes_mini_subset,scene-0103_011,yaw,3.0,yaw_3deg,34688,8.9455,2,84.0381,75.683,0.0095
nuscenes_mini_subset,scene-0103_011,pitch,0.5,pitch_0.5deg,34688,8.7725,2,100.0,11.5219,0.0492
nuscenes_mini_subset,scene-0103_011,pitch,1.0,pitch_1deg,34688,8.5188,2,66.0324,23.0034,0.0337
nuscenes_mini_subset,scene-0103_011,pitch,2.0,pitch_2deg,34688,8.1786,2,47.8506,45.9951,0.1609
nuscenes_mini_subset,scene-0103_011,pitch,3.0,pitch_3deg,34688,7.8586,2,6.5187,68.8576,0.1796
nuscenes_mini_subset,scene-0103_011,roll,0.5,roll_0.5deg,34688,8.9397,2,100.0,4.1029,0.0411
nuscenes_mini_subset,scene-0103_011,roll,1.0,roll_1deg,34688,8.9541,2,100.0,8.1752,0.0541
nuscenes_mini_subset,scene-0103_011,roll,2.0,roll_2deg,34688,8.9282,2,100.0,16.27,0.0299
nuscenes_mini_subset,scene-0103_011,roll,3.0,roll_3deg,34688,8.9426,2,100.0,24.3259,0.0087
nuscenes_mini_subset,scene-0103_011,tx,0.02,tx_2cm,34688,8.9455,2,100.0,0.6211,0.0532
nuscenes_mini_subset,scene-0103_011,tx,0.05,tx_5cm,34688,9.0002,2,100.0,1.5488,0.0479
nuscenes_mini_subset,scene-0103_011,tx,0.1,tx_10cm,34688,9.081,2,100.0,3.084,0.0379
nuscenes_mini_subset,scene-0103_011,ty,0.02,ty_2cm,34688,8.9253,2,100.0,1.8401,0.0451
nuscenes_mini_subset,scene-0103_011,ty,0.05,ty_5cm,34688,8.9368,2,100.0,4.5995,0.0419
nuscenes_mini_subset,scene-0103_011,ty,0.1,ty_10cm,34688,8.9512,2,100.0,9.1907,0.0519
nuscenes_mini_subset,scene-0103_011,tz,0.02,tz_2cm,34688,8.9772,2,100.0,1.8448,0.0464
nuscenes_mini_subset,scene-0103_011,tz,0.05,tz_5cm,34688,9.0406,2,100.0,4.6115,0.0354
nuscenes_mini_subset,scene-0103_011,tz,0.1,tz_10cm,34688,9.3404,2,100.0,9.2212,0.0619
nuscenes_mini_subset,scene-0103_011,time,35.5,no_ego_motion,34688,8.3804,2,100.0,7.7587,0.0349
nuscenes_mini_subset,scene-0103_012,baseline,0.0,baseline,34688,8.7148,3,100.0,0.0,0.0802
nuscenes_mini_subset,scene-0103_012,yaw,0.5,yaw_0.5deg,34688,8.6946,3,100.0,12.6931,0.0322
nuscenes_mini_subset,scene-0103_012,yaw,1.0,yaw_1deg,34688,8.7062,3,93.3838,25.3613,0.0109
nuscenes_mini_subset,scene-0103_012,yaw,2.0,yaw_2deg,34688,8.6975,3,87.5758,50.5623,-0.03
nuscenes_mini_subset,scene-0103_012,yaw,3.0,yaw_3deg,34688,8.686,3,74.2743,75.6758,0.0146
nuscenes_mini_subset,scene-0103_012,pitch,0.5,pitch_0.5deg,34688,8.5447,3,100.0,11.58,0.0767
nuscenes_mini_subset,scene-0103_012,pitch,1.0,pitch_1deg,34688,8.2911,3,69.697,23.0951,0.0509
nuscenes_mini_subset,scene-0103_012,pitch,2.0,pitch_2deg,34688,7.9393,3,35.5449,46.1883,0.086
nuscenes_mini_subset,scene-0103_012,pitch,3.0,pitch_3deg,34688,7.6222,3,18.6257,69.3935,0.18
nuscenes_mini_subset,scene-0103_012,roll,0.5,roll_0.5deg,34688,8.7292,3,100.0,4.0857,0.0725
nuscenes_mini_subset,scene-0103_012,roll,1.0,roll_1deg,34688,8.7292,3,100.0,8.1507,0.0581
nuscenes_mini_subset,scene-0103_012,roll,2.0,roll_2deg,34688,8.7264,3,100.0,16.2471,0.0362
nuscenes_mini_subset,scene-0103_012,roll,3.0,roll_3deg,34688,8.7206,3,95.614,24.2718,0.0516
nuscenes_mini_subset,scene-0103_012,tx,0.02,tx_2cm,34688,8.7465,3,100.0,0.6625,0.0785
nuscenes_mini_subset,scene-0103_012,tx,0.05,tx_5cm,34688,8.7783,3,100.0,1.6518,0.0793
nuscenes_mini_subset,scene-0103_012,tx,0.1,tx_10cm,34688,8.8446,3,100.0,3.2908,0.0712
nuscenes_mini_subset,scene-0103_012,ty,0.02,ty_2cm,34688,8.7119,3,100.0,1.9564,0.0771
nuscenes_mini_subset,scene-0103_012,ty,0.05,ty_5cm,34688,8.7148,3,100.0,4.8909,0.0754
nuscenes_mini_subset,scene-0103_012,ty,0.1,ty_10cm,34688,8.7292,3,100.0,9.7013,0.0674
nuscenes_mini_subset,scene-0103_012,tz,0.02,tz_2cm,34688,8.7667,3,100.0,1.9478,0.0687
nuscenes_mini_subset,scene-0103_012,tz,0.05,tz_5cm,34688,8.8186,3,100.0,4.8688,0.0857
nuscenes_mini_subset,scene-0103_012,tz,0.1,tz_10cm,34688,9.1271,3,100.0,9.7355,0.0375
nuscenes_mini_subset,scene-0103_012,time,35.4,no_ego_motion,34688,8.2363,3,100.0,7.0955,0.061
nuscenes_mini_subset,scene-0103_013,baseline,0.0,baseline,34688,8.7177,3,100.0,0.0,0.0967
nuscenes_mini_subset,scene-0103_013,yaw,0.5,yaw_0.5deg,34688,8.7004,3,100.0,12.7252,0.122
nuscenes_mini_subset,scene-0103_013,yaw,1.0,yaw_1deg,34688,8.6889,3,97.9167,25.4132,0.0985
nuscenes_mini_subset,scene-0103_013,yaw,2.0,yaw_2deg,34688,8.6889,3,89.6991,50.7008,0.0633
nuscenes_mini_subset,scene-0103_013,yaw,3.0,yaw_3deg,34688,8.6745,3,78.1796,75.8767,0.0165
nuscenes_mini_subset,scene-0103_013,pitch,0.5,pitch_0.5deg,34688,8.5419,3,100.0,11.6868,0.1135
nuscenes_mini_subset,scene-0103_013,pitch,1.0,pitch_1deg,34688,8.2939,3,100.0,23.2153,0.1833
nuscenes_mini_subset,scene-0103_013,pitch,2.0,pitch_2deg,34688,7.9393,3,48.2295,46.3461,0.1844
nuscenes_mini_subset,scene-0103_013,pitch,3.0,pitch_3deg,34688,7.6193,3,20.5254,69.6013,0.1625
nuscenes_mini_subset,scene-0103_013,roll,0.5,roll_0.5deg,34688,8.7264,3,100.0,4.0561,0.1247
nuscenes_mini_subset,scene-0103_013,roll,1.0,roll_1deg,34688,8.7206,3,100.0,8.0986,0.0897
nuscenes_mini_subset,scene-0103_013,roll,2.0,roll_2deg,34688,8.7177,3,100.0,16.1402,0.1416
nuscenes_mini_subset,scene-0103_013,roll,3.0,roll_3deg,34688,8.7235,3,99.061,24.036,0.1637
nuscenes_mini_subset,scene-0103_013,tx,0.02,tx_2cm,34688,8.7465,3,100.0,0.7005,0.0921
nuscenes_mini_subset,scene-0103_013,tx,0.05,tx_5cm,34688,8.7754,3,100.0,1.7483,0.0768
nuscenes_mini_subset,scene-0103_013,tx,0.1,tx_10cm,34688,8.8532,3,100.0,3.4839,0.0837
nuscenes_mini_subset,scene-0103_013,ty,0.02,ty_2cm,34688,8.7119,3,100.0,2.1312,0.1056
nuscenes_mini_subset,scene-0103_013,ty,0.05,ty_5cm,34688,8.7235,3,100.0,5.3267,0.1129
nuscenes_mini_subset,scene-0103_013,ty,0.1,ty_10cm,34688,8.7321,3,100.0,10.6523,0.0975
nuscenes_mini_subset,scene-0103_013,tz,0.02,tz_2cm,34688,8.7667,3,100.0,2.1421,0.135
nuscenes_mini_subset,scene-0103_013,tz,0.05,tz_5cm,34688,8.8301,3,100.0,5.3545,0.1168
nuscenes_mini_subset,scene-0103_013,tz,0.1,tz_10cm,34688,9.1328,3,100.0,10.7065,0.0864
nuscenes_mini_subset,scene-0103_013,time,34.6,no_ego_motion,34688,8.3862,3,100.0,6.3109,0.1254
nuscenes_mini_subset,scene-0103_014,baseline,0.0,baseline,34720,8.678,3,100.0,0.0,0.1436
nuscenes_mini_subset,scene-0103_014,yaw,0.5,yaw_0.5deg,34720,8.6751,3,100.0,12.7831,0.0758
nuscenes_mini_subset,scene-0103_014,yaw,1.0,yaw_1deg,34720,8.6578,3,97.0548,25.5369,0.0611
nuscenes_mini_subset,scene-0103_014,yaw,2.0,yaw_2deg,34720,8.6262,3,88.5726,50.9741,0.0848
nuscenes_mini_subset,scene-0103_014,yaw,3.0,yaw_3deg,34720,8.6348,3,78.9619,76.3574,0.0701
nuscenes_mini_subset,scene-0103_014,pitch,0.5,pitch_0.5deg,34720,8.5167,3,100.0,11.7419,0.1176
nuscenes_mini_subset,scene-0103_014,pitch,1.0,pitch_1deg,34720,8.2661,3,100.0,23.5029,0.105
nuscenes_mini_subset,scene-0103_014,pitch,2.0,pitch_2deg,34720,7.8917,3,62.3293,46.6055,0.134
nuscenes_mini_subset,scene-0103_014,pitch,3.0,pitch_3deg,34720,7.5806,3,41.9837,69.9102,0.0817
nuscenes_mini_subset,scene-0103_014,roll,0.5,roll_0.5deg,34720,8.6982,3,100.0,4.0281,0.15
nuscenes_mini_subset,scene-0103_014,roll,1.0,roll_1deg,34720,8.701,3,100.0,8.0538,0.1202
nuscenes_mini_subset,scene-0103_014,roll,2.0,roll_2deg,34720,8.6953,3,100.0,16.0172,0.076
nuscenes_mini_subset,scene-0103_014,roll,3.0,roll_3deg,34720,8.6953,3,95.3441,23.9632,0.0574
nuscenes_mini_subset,scene-0103_014,tx,0.02,tx_2cm,34720,8.7097,3,100.0,0.7509,0.1531
nuscenes_mini_subset,scene-0103_014,tx,0.05,tx_5cm,34720,8.7558,3,100.0,1.8746,0.1648
nuscenes_mini_subset,scene-0103_014,tx,0.1,tx_10cm,34720,8.8306,3,100.0,3.7396,0.1368
nuscenes_mini_subset,scene-0103_014,ty,0.02,ty_2cm,34720,8.6838,3,100.0,2.1548,0.1498
nuscenes_mini_subset,scene-0103_014,ty,0.05,ty_5cm,34720,8.6838,3,100.0,5.3861,0.1628
nuscenes_mini_subset,scene-0103_014,ty,0.1,ty_10cm,34720,8.6866,3,100.0,10.7724,0.1593
nuscenes_mini_subset,scene-0103_014,tz,0.02,tz_2cm,34720,8.727,3,100.0,2.1656,0.1133
nuscenes_mini_subset,scene-0103_014,tz,0.05,tz_5cm,34720,8.7874,3,100.0,5.4132,0.1429
nuscenes_mini_subset,scene-0103_014,tz,0.1,tz_10cm,34720,9.0927,3,100.0,10.8238,0.2432
nuscenes_mini_subset,scene-0103_014,time,34.5,no_ego_motion,34720,8.4533,3,100.0,4.9013,0.1396
nuscenes_mini_subset,scene-0103_015,baseline,0.0,baseline,34688,8.4611,3,95.3405,0.0,0.1177
nuscenes_mini_subset,scene-0103_015,yaw,0.5,yaw_0.5deg,34688,8.4784,3,96.0573,12.8743,0.0928
nuscenes_mini_subset,scene-0103_015,yaw,1.0,yaw_1deg,34688,8.4842,3,97.491,25.7234,0.055
nuscenes_mini_subset,scene-0103_015,yaw,2.0,yaw_2deg,34688,8.4842,3,92.809,51.3423,0.041
nuscenes_mini_subset,scene-0103_015,yaw,3.0,yaw_3deg,34688,8.4756,3,86.6271,76.8293,0.0216
nuscenes_mini_subset,scene-0103_015,pitch,0.5,pitch_0.5deg,34688,8.2997,3,94.9821,11.7948,0.1667
nuscenes_mini_subset,scene-0103_015,pitch,1.0,pitch_1deg,34688,8.046,3,87.0456,23.5859,0.1103
nuscenes_mini_subset,scene-0103_015,pitch,2.0,pitch_2deg,34688,7.6395,3,75.2473,47.1423,0.141
nuscenes_mini_subset,scene-0103_015,pitch,3.0,pitch_3deg,34688,7.3628,3,49.3477,70.3396,0.1125
nuscenes_mini_subset,scene-0103_015,roll,0.5,roll_0.5deg,34688,8.4756,3,95.3405,4.0617,0.1025
nuscenes_mini_subset,scene-0103_015,roll,1.0,roll_1deg,34688,8.4871,3,95.3405,8.1173,0.126
nuscenes_mini_subset,scene-0103_015,roll,2.0,roll_2deg,34688,8.4611,3,95.3405,16.1346,0.0531
nuscenes_mini_subset,scene-0103_015,roll,3.0,roll_3deg,34688,8.4727,3,94.0666,24.1172,0.0439
nuscenes_mini_subset,scene-0103_015,tx,0.02,tx_2cm,34688,8.4871,3,95.3405,0.7319,0.0949
nuscenes_mini_subset,scene-0103_015,tx,0.05,tx_5cm,34688,8.5332,3,95.3405,1.8263,0.1338
nuscenes_mini_subset,scene-0103_015,tx,0.1,tx_10cm,34688,8.6283,3,96.0573,3.635,0.0973
nuscenes_mini_subset,scene-0103_015,ty,0.02,ty_2cm,34688,8.4698,3,95.3405,2.2949,0.1255
nuscenes_mini_subset,scene-0103_015,ty,0.05,ty_5cm,34688,8.4756,3,95.6989,5.7281,0.1294
nuscenes_mini_subset,scene-0103_015,ty,0.1,ty_10cm,34688,8.4929,3,96.0573,11.4425,0.1079
nuscenes_mini_subset,scene-0103_015,tz,0.02,tz_2cm,34688,8.513,3,95.3405,2.3156,0.1677
nuscenes_mini_subset,scene-0103_015,tz,0.05,tz_5cm,34688,8.5707,3,95.3405,5.7881,0.146
nuscenes_mini_subset,scene-0103_015,tz,0.1,tz_10cm,34688,8.8705,3,95.3405,11.5732,0.1605
nuscenes_mini_subset,scene-0103_015,time,34.4,no_ego_motion,34688,8.317,3,94.8029,3.563,0.0962
nuscenes_mini_subset,scene-0103_016,baseline,0.0,baseline,34720,8.4994,1,100.0,0.0,0.1296
nuscenes_mini_subset,scene-0103_016,yaw,0.5,yaw_0.5deg,34720,8.4735,1,99.2857,12.8988,0.0859
nuscenes_mini_subset,scene-0103_016,yaw,1.0,yaw_1deg,34720,8.4677,1,98.5714,25.7696,0.1126
nuscenes_mini_subset,scene-0103_016,yaw,2.0,yaw_2deg,34720,8.462,1,95.7143,51.3885,0.0467
nuscenes_mini_subset,scene-0103_016,yaw,3.0,yaw_3deg,34720,8.4533,1,91.4286,76.9085,0.128
nuscenes_mini_subset,scene-0103_016,pitch,0.5,pitch_0.5deg,34720,8.3237,1,100.0,11.7812,0.0522
nuscenes_mini_subset,scene-0103_016,pitch,1.0,pitch_1deg,34720,8.0732,1,100.0,23.5703,0.0997
nuscenes_mini_subset,scene-0103_016,pitch,2.0,pitch_2deg,34720,7.6555,1,100.0,47.0642,0.1472
nuscenes_mini_subset,scene-0103_016,pitch,3.0,pitch_3deg,34720,7.3733,1,72.1429,70.3153,0.164
nuscenes_mini_subset,scene-0103_016,roll,0.5,roll_0.5deg,34720,8.5081,1,100.0,4.0882,0.1176
nuscenes_mini_subset,scene-0103_016,roll,1.0,roll_1deg,34720,8.5225,1,100.0,8.1611,0.099
nuscenes_mini_subset,scene-0103_016,roll,2.0,roll_2deg,34720,8.5138,1,100.0,16.2617,0.118
nuscenes_mini_subset,scene-0103_016,roll,3.0,roll_3deg,34720,8.5196,1,94.2857,24.2568,0.1033
nuscenes_mini_subset,scene-0103_016,tx,0.02,tx_2cm,34720,8.5282,1,100.0,0.6893,0.0913
nuscenes_mini_subset,scene-0103_016,tx,0.05,tx_5cm,34720,8.5743,1,100.0,1.7179,0.0991
nuscenes_mini_subset,scene-0103_016,tx,0.1,tx_10cm,34720,8.6348,1,100.0,3.4252,0.0843
nuscenes_mini_subset,scene-0103_016,ty,0.02,ty_2cm,34720,8.5052,1,100.0,2.3118,0.1203
nuscenes_mini_subset,scene-0103_016,ty,0.05,ty_5cm,34720,8.4994,1,100.0,5.7802,0.1187
nuscenes_mini_subset,scene-0103_016,ty,0.1,ty_10cm,34720,8.5052,1,100.0,11.5447,0.0836
nuscenes_mini_subset,scene-0103_016,tz,0.02,tz_2cm,34720,8.5513,1,100.0,2.3276,0.1337
nuscenes_mini_subset,scene-0103_016,tz,0.05,tz_5cm,34720,8.6002,1,100.0,5.8181,0.1649
nuscenes_mini_subset,scene-0103_016,tz,0.1,tz_10cm,34720,8.9084,1,100.0,11.6332,0.1082
nuscenes_mini_subset,scene-0103_016,time,34.2,no_ego_motion,34720,8.3957,1,100.0,2.3602,0.1251
nuscenes_mini_subset,scene-0103_017,baseline,0.0,baseline,34720,8.4677,2,100.0,0.0,0.2207
nuscenes_mini_subset,scene-0103_017,yaw,0.5,yaw_0.5deg,34720,8.485,2,100.0,12.8992,0.2124
nuscenes_mini_subset,scene-0103_017,yaw,1.0,yaw_1deg,34720,8.4332,2,98.1481,25.7636,0.2367
nuscenes_mini_subset,scene-0103_017,yaw,2.0,yaw_2deg,34720,8.3641,2,87.5127,51.3908,0.2242
nuscenes_mini_subset,scene-0103_017,yaw,3.0,yaw_3deg,34720,8.3583,2,76.4016,76.9089,0.2081
nuscenes_mini_subset,scene-0103_017,pitch,0.5,pitch_0.5deg,34720,8.2978,2,100.0,11.7607,0.1175
nuscenes_mini_subset,scene-0103_017,pitch,1.0,pitch_1deg,34720,8.053,2,73.1736,23.5303,0.099
nuscenes_mini_subset,scene-0103_017,pitch,2.0,pitch_2deg,34720,7.6382,2,73.1736,46.7684,0.0917
nuscenes_mini_subset,scene-0103_017,pitch,3.0,pitch_3deg,34720,7.3416,2,34.4207,70.0082,0.1971
nuscenes_mini_subset,scene-0103_017,roll,0.5,roll_0.5deg,34720,8.4908,2,100.0,4.121,0.2268
nuscenes_mini_subset,scene-0103_017,roll,1.0,roll_1deg,34720,8.5052,2,100.0,8.2275,0.2226
nuscenes_mini_subset,scene-0103_017,roll,2.0,roll_2deg,34720,8.4793,2,100.0,16.3814,0.1609
nuscenes_mini_subset,scene-0103_017,roll,3.0,roll_3deg,34720,8.485,2,100.0,24.4626,0.1785
nuscenes_mini_subset,scene-0103_017,tx,0.02,tx_2cm,34720,8.4965,2,100.0,0.6623,0.2066
nuscenes_mini_subset,scene-0103_017,tx,0.05,tx_5cm,34720,8.5484,2,100.0,1.6534,0.2205
nuscenes_mini_subset,scene-0103_017,tx,0.1,tx_10cm,34720,8.6262,2,100.0,3.293,0.2037
nuscenes_mini_subset,scene-0103_017,ty,0.02,ty_2cm,34720,8.4706,2,100.0,2.1892,0.2144
nuscenes_mini_subset,scene-0103_017,ty,0.05,ty_5cm,34720,8.4735,2,100.0,5.4561,0.2321
nuscenes_mini_subset,scene-0103_017,ty,0.1,ty_10cm,34720,8.4764,2,100.0,10.9211,0.2382
nuscenes_mini_subset,scene-0103_017,tz,0.02,tz_2cm,34720,8.5167,2,100.0,2.1958,0.2552
nuscenes_mini_subset,scene-0103_017,tz,0.05,tz_5cm,34720,8.5714,2,100.0,5.4886,0.249
nuscenes_mini_subset,scene-0103_017,tz,0.1,tz_10cm,34720,8.8767,2,100.0,10.9747,0.1799
nuscenes_mini_subset,scene-0103_017,time,34.3,no_ego_motion,34720,8.3785,2,100.0,2.2482,0.231
nuscenes_mini_subset,scene-0103_018,baseline,0.0,baseline,34784,8.4464,3,100.0,0.0,0.1334
nuscenes_mini_subset,scene-0103_018,yaw,0.5,yaw_0.5deg,34784,8.409,3,100.0,12.8597,0.1211
nuscenes_mini_subset,scene-0103_018,yaw,1.0,yaw_1deg,34784,8.432,3,97.8472,25.6896,0.0792
nuscenes_mini_subset,scene-0103_018,yaw,2.0,yaw_2deg,34784,8.4062,3,87.6515,51.2705,0.0844
nuscenes_mini_subset,scene-0103_018,yaw,3.0,yaw_3deg,34784,8.3314,3,74.5455,76.7529,0.0785
nuscenes_mini_subset,scene-0103_018,pitch,0.5,pitch_0.5deg,34784,8.2739,3,100.0,11.7446,0.1795
nuscenes_mini_subset,scene-0103_018,pitch,1.0,pitch_1deg,34784,8.0123,3,100.0,23.4954,0.0507
nuscenes_mini_subset,scene-0103_018,pitch,2.0,pitch_2deg,34784,7.6069,3,71.0922,46.7041,0.092
nuscenes_mini_subset,scene-0103_018,pitch,3.0,pitch_3deg,34784,7.2993,3,42.9672,69.9381,0.1083
nuscenes_mini_subset,scene-0103_018,roll,0.5,roll_0.5deg,34784,8.4493,3,100.0,4.0974,0.1385
nuscenes_mini_subset,scene-0103_018,roll,1.0,roll_1deg,34784,8.4579,3,100.0,8.1788,0.177
nuscenes_mini_subset,scene-0103_018,roll,2.0,roll_2deg,34784,8.4522,3,100.0,16.2908,0.1663
nuscenes_mini_subset,scene-0103_018,roll,3.0,roll_3deg,34784,8.4579,3,98.9583,24.3724,0.1258
nuscenes_mini_subset,scene-0103_018,tx,0.02,tx_2cm,34784,8.4665,3,100.0,0.6451,0.1387
nuscenes_mini_subset,scene-0103_018,tx,0.05,tx_5cm,34784,8.5039,3,100.0,1.6095,0.1279
nuscenes_mini_subset,scene-0103_018,tx,0.1,tx_10cm,34784,8.5729,3,100.0,3.2038,0.1318
nuscenes_mini_subset,scene-0103_018,ty,0.02,ty_2cm,34784,8.4407,3,100.0,2.0675,0.1236
nuscenes_mini_subset,scene-0103_018,ty,0.05,ty_5cm,34784,8.4464,3,100.0,5.1766,0.1071
nuscenes_mini_subset,scene-0103_018,ty,0.1,ty_10cm,34784,8.4522,3,100.0,10.337,0.1429
nuscenes_mini_subset,scene-0103_018,tz,0.02,tz_2cm,34784,8.4924,3,100.0,2.0679,0.1395
nuscenes_mini_subset,scene-0103_018,tz,0.05,tz_5cm,34784,8.5499,3,100.0,5.1691,0.1595
nuscenes_mini_subset,scene-0103_018,tz,0.1,tz_10cm,34784,8.8546,3,100.0,10.3359,0.1423
nuscenes_mini_subset,scene-0103_018,time,34.8,no_ego_motion,34784,8.3429,3,100.0,2.121,0.1445
nuscenes_mini_subset,scene-0103_019,baseline,0.0,baseline,34784,8.5039,3,100.0,0.0,0.0906
nuscenes_mini_subset,scene-0103_019,yaw,0.5,yaw_0.5deg,34784,8.478,3,100.0,12.8002,0.0917
nuscenes_mini_subset,scene-0103_019,yaw,1.0,yaw_1deg,34784,8.4694,3,98.8506,25.5703,0.0673
nuscenes_mini_subset,scene-0103_019,yaw,2.0,yaw_2deg,34784,8.4579,3,94.6999,51.0162,0.0745
nuscenes_mini_subset,scene-0103_019,yaw,3.0,yaw_3deg,34784,8.432,3,91.5147,76.4,0.0788
nuscenes_mini_subset,scene-0103_019,pitch,0.5,pitch_0.5deg,34784,8.3257,3,100.0,11.7107,0.1612
nuscenes_mini_subset,scene-0103_019,pitch,1.0,pitch_1deg,34784,8.0698,3,94.6667,23.3349,0.1839
nuscenes_mini_subset,scene-0103_019,pitch,2.0,pitch_2deg,34784,7.6616,3,74.1686,46.5096,0.1261
nuscenes_mini_subset,scene-0103_019,pitch,3.0,pitch_3deg,34784,7.354,3,52.4834,69.6691,0.1197
nuscenes_mini_subset,scene-0103_019,roll,0.5,roll_0.5deg,34784,8.5183,3,100.0,4.0327,0.1022
nuscenes_mini_subset,scene-0103_019,roll,1.0,roll_1deg,34784,8.5097,3,100.0,8.0532,0.1067
nuscenes_mini_subset,scene-0103_019,roll,2.0,roll_2deg,34784,8.4895,3,100.0,16.0354,0.071
nuscenes_mini_subset,scene-0103_019,roll,3.0,roll_3deg,34784,8.4867,3,96.5517,23.9625,0.0851
nuscenes_mini_subset,scene-0103_019,tx,0.02,tx_2cm,34784,8.5355,3,100.0,0.6375,0.098
nuscenes_mini_subset,scene-0103_019,tx,0.05,tx_5cm,34784,8.5614,3,100.0,1.5904,0.0999
nuscenes_mini_subset,scene-0103_019,tx,0.1,tx_10cm,34784,8.6419,3,100.0,3.172,0.1029
nuscenes_mini_subset,scene-0103_019,ty,0.02,ty_2cm,34784,8.5039,3,100.0,1.9112,0.0892
nuscenes_mini_subset,scene-0103_019,ty,0.05,ty_5cm,34784,8.5068,3,100.0,4.7773,0.0932
nuscenes_mini_subset,scene-0103_019,ty,0.1,ty_10cm,34784,8.501,3,100.0,9.5531,0.0408
nuscenes_mini_subset,scene-0103_019,tz,0.02,tz_2cm,34784,8.5499,3,100.0,1.9188,0.0962
nuscenes_mini_subset,scene-0103_019,tz,0.05,tz_5cm,34784,8.6045,3,100.0,4.7965,0.1164
nuscenes_mini_subset,scene-0103_019,tz,0.1,tz_10cm,34784,8.9121,3,100.0,9.5911,0.0598
nuscenes_mini_subset,scene-0103_019,time,35.2,no_ego_motion,34784,8.3803,3,100.0,2.345,0.1084
nuscenes_mini_subset,scene-0103_020,baseline,0.0,baseline,34752,8.6038,4,100.0,0.0,0.105
nuscenes_mini_subset,scene-0103_020,yaw,0.5,yaw_0.5deg,34752,8.5808,4,97.5,12.7786,0.0903
nuscenes_mini_subset,scene-0103_020,yaw,1.0,yaw_1deg,34752,8.5549,4,91.25,25.5245,0.1004
nuscenes_mini_subset,scene-0103_020,yaw,2.0,yaw_2deg,34752,8.5319,4,75.5436,50.9345,0.0459
nuscenes_mini_subset,scene-0103_020,yaw,3.0,yaw_3deg,34752,8.5175,4,60.4662,76.2262,0.0737
nuscenes_mini_subset,scene-0103_020,pitch,0.5,pitch_0.5deg,34752,8.4427,4,80.0,11.6929,0.1061
nuscenes_mini_subset,scene-0103_020,pitch,1.0,pitch_1deg,34752,8.1837,4,77.7876,23.3099,0.1459
nuscenes_mini_subset,scene-0103_020,pitch,2.0,pitch_2deg,34752,7.8183,4,64.9305,46.4559,0.1565
nuscenes_mini_subset,scene-0103_020,pitch,3.0,pitch_3deg,34752,7.4758,4,43.6157,69.7003,0.0811
nuscenes_mini_subset,scene-0103_020,roll,0.5,roll_0.5deg,34752,8.6297,4,100.0,4.0355,0.1205
nuscenes_mini_subset,scene-0103_020,roll,1.0,roll_1deg,34752,8.6268,4,100.0,8.0527,0.1024
nuscenes_mini_subset,scene-0103_020,roll,2.0,roll_2deg,34752,8.6067,4,76.25,16.0596,0.0822
nuscenes_mini_subset,scene-0103_020,roll,3.0,roll_3deg,34752,8.6096,4,74.0376,23.9695,0.0755
nuscenes_mini_subset,scene-0103_020,tx,0.02,tx_2cm,34752,8.6384,4,100.0,0.66,0.1064
nuscenes_mini_subset,scene-0103_020,tx,0.05,tx_5cm,34752,8.6729,4,100.0,1.6461,0.1009
nuscenes_mini_subset,scene-0103_020,tx,0.1,tx_10cm,34752,8.7477,4,100.0,3.2773,0.1124
nuscenes_mini_subset,scene-0103_020,ty,0.02,ty_2cm,34752,8.6153,4,100.0,1.9123,0.0869
nuscenes_mini_subset,scene-0103_020,ty,0.05,ty_5cm,34752,8.6153,4,100.0,4.7797,0.0988
nuscenes_mini_subset,scene-0103_020,ty,0.1,ty_10cm,34752,8.6096,4,100.0,9.5609,0.1033
nuscenes_mini_subset,scene-0103_020,tz,0.02,tz_2cm,34752,8.6556,4,100.0,1.9215,0.1107
nuscenes_mini_subset,scene-0103_020,tz,0.05,tz_5cm,34752,8.7132,4,100.0,4.8032,0.0975
nuscenes_mini_subset,scene-0103_020,tz,0.1,tz_10cm,34752,9.0268,4,100.0,9.6043,0.0657
nuscenes_mini_subset,scene-0103_020,time,35.6,no_ego_motion,34752,8.4887,4,100.0,2.8142,0.0987
nuscenes_mini_subset,scene-0103_021,baseline,0.0,baseline,34752,8.6211,4,100.0,0.0,0.1036
nuscenes_mini_subset,scene-0103_021,yaw,0.5,yaw_0.5deg,34752,8.6297,4,97.5,12.7736,0.1125
nuscenes_mini_subset,scene-0103_021,yaw,1.0,yaw_1deg,34752,8.5952,4,87.3636,25.5232,0.0772
nuscenes_mini_subset,scene-0103_021,yaw,2.0,yaw_2deg,34752,8.5491,4,71.2005,50.9326,0.0929
nuscenes_mini_subset,scene-0103_021,yaw,3.0,yaw_3deg,34752,8.5175,4,56.9249,76.2174,0.0778
nuscenes_mini_subset,scene-0103_021,pitch,0.5,pitch_0.5deg,34752,8.4513,4,75.8333,11.6984,0.1223
nuscenes_mini_subset,scene-0103_021,pitch,1.0,pitch_1deg,34752,8.1981,4,66.1111,23.3961,0.0664
nuscenes_mini_subset,scene-0103_021,pitch,2.0,pitch_2deg,34752,7.8211,4,53.7698,46.5753,0.0896
nuscenes_mini_subset,scene-0103_021,pitch,3.0,pitch_3deg,34752,7.4988,4,38.6541,69.761,0.1158
nuscenes_mini_subset,scene-0103_021,roll,0.5,roll_0.5deg,34752,8.6412,4,100.0,4.0451,0.1113
nuscenes_mini_subset,scene-0103_021,roll,1.0,roll_1deg,34752,8.6527,4,100.0,8.0843,0.1427
nuscenes_mini_subset,scene-0103_021,roll,2.0,roll_2deg,34752,8.6297,4,87.5252,16.0693,0.1299
nuscenes_mini_subset,scene-0103_021,roll,3.0,roll_3deg,34752,8.6297,4,67.3491,24.0551,0.0716
nuscenes_mini_subset,scene-0103_021,tx,0.02,tx_2cm,34752,8.6556,4,100.0,0.6791,0.1033
nuscenes_mini_subset,scene-0103_021,tx,0.05,tx_5cm,34752,8.6988,4,100.0,1.6925,0.0855
nuscenes_mini_subset,scene-0103_021,tx,0.1,tx_10cm,34752,8.7563,4,100.0,3.3672,0.0867
nuscenes_mini_subset,scene-0103_021,ty,0.02,ty_2cm,34752,8.6355,4,100.0,1.9665,0.1173
nuscenes_mini_subset,scene-0103_021,ty,0.05,ty_5cm,34752,8.6297,4,100.0,4.9161,0.1273
nuscenes_mini_subset,scene-0103_021,ty,0.1,ty_10cm,34752,8.6268,4,100.0,9.8246,0.1261
nuscenes_mini_subset,scene-0103_021,tz,0.02,tz_2cm,34752,8.67,4,100.0,1.9729,0.0744
nuscenes_mini_subset,scene-0103_021,tz,0.05,tz_5cm,34752,8.7333,4,100.0,4.9315,0.0837
nuscenes_mini_subset,scene-0103_021,tz,0.1,tz_10cm,34752,9.0383,4,100.0,9.8609,0.1168
nuscenes_mini_subset,scene-0103_021,time,35.8,no_ego_motion,34752,8.483,4,100.0,3.3014,0.1301
nuscenes_mini_subset,scene-0103_022,baseline,0.0,baseline,34752,8.4686,3,96.7078,0.0,0.0699
nuscenes_mini_subset,scene-0103_022,yaw,0.5,yaw_0.5deg,34752,8.4456,3,95.8848,12.7618,0.0922
nuscenes_mini_subset,scene-0103_022,yaw,1.0,yaw_1deg,34752,8.4225,3,85.2675,25.4819,0.1188
nuscenes_mini_subset,scene-0103_022,yaw,2.0,yaw_2deg,34752,8.4254,3,73.8272,50.8415,0.0575
nuscenes_mini_subset,scene-0103_022,yaw,3.0,yaw_3deg,34752,8.4657,3,50.7202,76.0602,0.1315
nuscenes_mini_subset,scene-0103_022,pitch,0.5,pitch_0.5deg,34752,8.3017,3,77.8189,11.6983,0.1306
nuscenes_mini_subset,scene-0103_022,pitch,1.0,pitch_1deg,34752,8.0341,3,64.2798,23.3818,0.1105
nuscenes_mini_subset,scene-0103_022,pitch,2.0,pitch_2deg,34752,7.6744,3,32.6132,46.6572,0.0508
nuscenes_mini_subset,scene-0103_022,pitch,3.0,pitch_3deg,34752,7.3348,3,25.9259,69.7658,0.0872
nuscenes_mini_subset,scene-0103_022,roll,0.5,roll_0.5deg,34752,8.4887,3,96.7078,4.0493,0.0975
nuscenes_mini_subset,scene-0103_022,roll,1.0,roll_1deg,34752,8.4887,3,96.5021,8.0821,0.1175
nuscenes_mini_subset,scene-0103_022,roll,2.0,roll_2deg,34752,8.4772,3,96.5021,16.1154,0.0948
nuscenes_mini_subset,scene-0103_022,roll,3.0,roll_3deg,34752,8.4858,3,73.7243,24.1355,0.0931
nuscenes_mini_subset,scene-0103_022,tx,0.02,tx_2cm,34752,8.5031,3,96.9136,0.6617,0.0776
nuscenes_mini_subset,scene-0103_022,tx,0.05,tx_5cm,34752,8.529,3,96.9136,1.6476,0.0795
nuscenes_mini_subset,scene-0103_022,tx,0.1,tx_10cm,34752,8.6009,3,97.3251,3.2776,0.0838
nuscenes_mini_subset,scene-0103_022,ty,0.02,ty_2cm,34752,8.4715,3,96.5021,2.087,0.0774
nuscenes_mini_subset,scene-0103_022,ty,0.05,ty_5cm,34752,8.4599,3,96.2963,5.2126,0.0948
nuscenes_mini_subset,scene-0103_022,ty,0.1,ty_10cm,34752,8.4686,3,96.0905,10.3494,0.11
nuscenes_mini_subset,scene-0103_022,tz,0.02,tz_2cm,34752,8.5117,3,96.7078,2.105,0.051
nuscenes_mini_subset,scene-0103_022,tz,0.05,tz_5cm,34752,8.5693,3,96.7078,5.2617,0.0762
nuscenes_mini_subset,scene-0103_022,tz,0.1,tz_10cm,34752,8.8801,3,96.7078,10.5211,0.0678
nuscenes_mini_subset,scene-0103_022,time,37.8,no_ego_motion,34752,8.3017,3,96.2963,4.0775,0.1062
nuscenes_mini_subset,scene-0103_023,baseline,0.0,baseline,34720,8.6175,3,100.0,0.0,0.1334
nuscenes_mini_subset,scene-0103_023,yaw,0.5,yaw_0.5deg,34720,8.5974,3,100.0,12.777,0.1218
nuscenes_mini_subset,scene-0103_023,yaw,1.0,yaw_1deg,34720,8.606,3,83.8889,25.5163,0.1501
nuscenes_mini_subset,scene-0103_023,yaw,2.0,yaw_2deg,34720,8.6031,3,60.5556,50.8994,0.1025
nuscenes_mini_subset,scene-0103_023,yaw,3.0,yaw_3deg,34720,8.5801,3,50.5556,76.1466,0.0887
nuscenes_mini_subset,scene-0103_023,pitch,0.5,pitch_0.5deg,34720,8.4533,3,100.0,11.6965,0.1432
nuscenes_mini_subset,scene-0103_023,pitch,1.0,pitch_1deg,34720,8.1855,3,41.1111,23.3756,0.1498
nuscenes_mini_subset,scene-0103_023,pitch,2.0,pitch_2deg,34720,7.8053,3,2.7778,46.6443,0.127
nuscenes_mini_subset,scene-0103_023,pitch,3.0,pitch_3deg,34720,7.477,3,2.7778,69.6935,0.1372
nuscenes_mini_subset,scene-0103_023,roll,0.5,roll_0.5deg,34720,8.6262,3,100.0,4.0939,0.1214
nuscenes_mini_subset,scene-0103_023,roll,1.0,roll_1deg,34720,8.6262,3,100.0,8.1754,0.1502
nuscenes_mini_subset,scene-0103_023,roll,2.0,roll_2deg,34720,8.6118,3,97.2222,16.2989,0.1019
nuscenes_mini_subset,scene-0103_023,roll,3.0,roll_3deg,34720,8.6146,3,97.2222,24.307,0.0514
nuscenes_mini_subset,scene-0103_023,tx,0.02,tx_2cm,34720,8.6406,3,100.0,0.6283,0.1386
nuscenes_mini_subset,scene-0103_023,tx,0.05,tx_5cm,34720,8.6838,3,100.0,1.5676,0.139
nuscenes_mini_subset,scene-0103_023,tx,0.1,tx_10cm,34720,8.7471,3,100.0,3.1202,0.1416
nuscenes_mini_subset,scene-0103_023,ty,0.02,ty_2cm,34720,8.6031,3,100.0,2.0398,0.1268
nuscenes_mini_subset,scene-0103_023,ty,0.05,ty_5cm,34720,8.6002,3,100.0,5.0872,0.1166
nuscenes_mini_subset,scene-0103_023,ty,0.1,ty_10cm,34720,8.5974,3,100.0,10.1591,0.1444
nuscenes_mini_subset,scene-0103_023,tz,0.02,tz_2cm,34720,8.6636,3,100.0,2.0426,0.123
nuscenes_mini_subset,scene-0103_023,tz,0.05,tz_5cm,34720,8.7241,3,100.0,5.1059,0.1285
nuscenes_mini_subset,scene-0103_023,tz,0.1,tz_10cm,34720,9.0265,3,100.0,10.2095,0.2716
nuscenes_mini_subset,scene-0103_023,time,36.1,no_ego_motion,34720,8.3957,3,100.0,3.9222,0.1431
nuscenes_mini_subset,scene-0103_024,baseline,0.0,baseline,34688,8.5101,3,100.0,0.0,0.1691
nuscenes_mini_subset,scene-0103_024,yaw,0.5,yaw_0.5deg,34688,8.5044,3,100.0,12.7426,0.137
nuscenes_mini_subset,scene-0103_024,yaw,1.0,yaw_1deg,34688,8.5101,3,96.6667,25.4405,0.1691
nuscenes_mini_subset,scene-0103_024,yaw,2.0,yaw_2deg,34688,8.5274,3,77.7778,50.7232,0.1242
nuscenes_mini_subset,scene-0103_024,yaw,3.0,yaw_3deg,34688,8.5217,3,58.5185,75.8767,0.1195
nuscenes_mini_subset,scene-0103_024,pitch,0.5,pitch_0.5deg,34688,8.3516,3,100.0,11.6646,0.0883
nuscenes_mini_subset,scene-0103_024,pitch,1.0,pitch_1deg,34688,8.0806,3,70.0,23.3061,0.0904
nuscenes_mini_subset,scene-0103_024,pitch,2.0,pitch_2deg,34688,7.7145,3,31.1111,46.3537,0.0606
nuscenes_mini_subset,scene-0103_024,pitch,3.0,pitch_3deg,34688,7.3743,3,12.963,69.3959,0.092
nuscenes_mini_subset,scene-0103_024,roll,0.5,roll_0.5deg,34688,8.5274,3,100.0,4.0712,0.1123
nuscenes_mini_subset,scene-0103_024,roll,1.0,roll_1deg,34688,8.5361,3,96.2963,8.1255,0.0862
nuscenes_mini_subset,scene-0103_024,roll,2.0,roll_2deg,34688,8.5246,3,96.2963,16.1846,0.1076
nuscenes_mini_subset,scene-0103_024,roll,3.0,roll_3deg,34688,8.5159,3,96.2963,24.185,0.0813
nuscenes_mini_subset,scene-0103_024,tx,0.02,tx_2cm,34688,8.5361,3,100.0,0.6226,0.1824
nuscenes_mini_subset,scene-0103_024,tx,0.05,tx_5cm,34688,8.5765,3,100.0,1.553,0.1779
nuscenes_mini_subset,scene-0103_024,tx,0.1,tx_10cm,34688,8.6514,3,100.0,3.0963,0.1627
nuscenes_mini_subset,scene-0103_024,ty,0.02,ty_2cm,34688,8.5073,3,100.0,1.951,0.1664
nuscenes_mini_subset,scene-0103_024,ty,0.05,ty_5cm,34688,8.5015,3,100.0,4.8677,0.1693
nuscenes_mini_subset,scene-0103_024,ty,0.1,ty_10cm,34688,8.4957,3,100.0,9.7184,0.1549
nuscenes_mini_subset,scene-0103_024,tz,0.02,tz_2cm,34688,8.5592,3,100.0,1.965,0.1879
nuscenes_mini_subset,scene-0103_024,tz,0.05,tz_5cm,34688,8.6139,3,100.0,4.912,0.1888
nuscenes_mini_subset,scene-0103_024,tz,0.1,tz_10cm,34688,8.9166,3,100.0,9.8218,0.1533
nuscenes_mini_subset,scene-0103_024,time,36.0,no_ego_motion,34688,8.2565,3,100.0,4.6432,0.1795
nuscenes_mini_subset,scene-0103_025,baseline,0.0,baseline,34688,8.4784,4,100.0,0.0,0.1643
nuscenes_mini_subset,scene-0103_025,yaw,0.5,yaw_0.5deg,34688,8.5217,4,100.0,12.727,0.1415
nuscenes_mini_subset,scene-0103_025,yaw,1.0,yaw_1deg,34688,8.5159,4,95.8333,25.4315,0.1116
nuscenes_mini_subset,scene-0103_025,yaw,2.0,yaw_2deg,34688,8.49,4,83.3333,50.7025,0.0948
nuscenes_mini_subset,scene-0103_025,yaw,3.0,yaw_3deg,34688,8.49,4,62.9167,75.8417,0.0693
nuscenes_mini_subset,scene-0103_025,pitch,0.5,pitch_0.5deg,34688,8.3141,4,97.9167,11.6202,0.1515
nuscenes_mini_subset,scene-0103_025,pitch,1.0,pitch_1deg,34688,8.0518,4,82.9167,23.2248,0.09
nuscenes_mini_subset,scene-0103_025,pitch,2.0,pitch_2deg,34688,7.6972,4,44.1667,46.2991,0.0749
nuscenes_mini_subset,scene-0103_025,pitch,3.0,pitch_3deg,34688,7.3714,4,25.0,69.3648,0.0883
nuscenes_mini_subset,scene-0103_025,roll,0.5,roll_0.5deg,34688,8.4929,4,100.0,4.073,0.1874
nuscenes_mini_subset,scene-0103_025,roll,1.0,roll_1deg,34688,8.4986,4,100.0,8.1334,0.1744
nuscenes_mini_subset,scene-0103_025,roll,2.0,roll_2deg,34688,8.4871,4,100.0,16.2149,0.0976
nuscenes_mini_subset,scene-0103_025,roll,3.0,roll_3deg,34688,8.5073,4,100.0,24.2133,0.0578
nuscenes_mini_subset,scene-0103_025,tx,0.02,tx_2cm,34688,8.5101,4,100.0,0.6641,0.1651
nuscenes_mini_subset,scene-0103_025,tx,0.05,tx_5cm,34688,8.5476,4,100.0,1.6554,0.1701
nuscenes_mini_subset,scene-0103_025,tx,0.1,tx_10cm,34688,8.6168,4,100.0,3.2976,0.1394
nuscenes_mini_subset,scene-0103_025,ty,0.02,ty_2cm,34688,8.4784,4,100.0,1.9144,0.1688
nuscenes_mini_subset,scene-0103_025,ty,0.05,ty_5cm,34688,8.4813,4,100.0,4.7808,0.1498
nuscenes_mini_subset,scene-0103_025,ty,0.1,ty_10cm,34688,8.4957,4,100.0,9.5403,0.1346
nuscenes_mini_subset,scene-0103_025,tz,0.02,tz_2cm,34688,8.5274,4,100.0,1.9285,0.1654
nuscenes_mini_subset,scene-0103_025,tz,0.05,tz_5cm,34688,8.5822,4,100.0,4.8208,0.1422
nuscenes_mini_subset,scene-0103_025,tz,0.1,tz_10cm,34688,8.8878,4,100.0,9.6395,0.1242
nuscenes_mini_subset,scene-0103_025,time,35.3,no_ego_motion,34688,8.2276,4,100.0,5.6496,0.175
nuscenes_mini_subset,scene-0103_026,baseline,0.0,baseline,34688,8.3083,4,96.3235,0.0,0.2408
nuscenes_mini_subset,scene-0103_026,yaw,0.5,yaw_0.5deg,34688,8.3256,4,94.8529,12.7059,0.1846
nuscenes_mini_subset,scene-0103_026,yaw,1.0,yaw_1deg,34688,8.3228,4,90.6917,25.3949,0.1142
nuscenes_mini_subset,scene-0103_026,yaw,2.0,yaw_2deg,34688,8.3199,4,76.8355,50.5919,0.0331
nuscenes_mini_subset,scene-0103_026,yaw,3.0,yaw_3deg,34688,8.3083,4,55.4739,75.7199,0.0471
nuscenes_mini_subset,scene-0103_026,pitch,0.5,pitch_0.5deg,34688,8.1411,4,96.3235,11.6296,0.1832
nuscenes_mini_subset,scene-0103_026,pitch,1.0,pitch_1deg,34688,7.8875,4,91.1765,23.2374,0.1629
nuscenes_mini_subset,scene-0103_026,pitch,2.0,pitch_2deg,34688,7.5185,4,50.0654,46.3691,0.1419
nuscenes_mini_subset,scene-0103_026,pitch,3.0,pitch_3deg,34688,7.2071,4,9.5969,69.399,0.1068
nuscenes_mini_subset,scene-0103_026,roll,0.5,roll_0.5deg,34688,8.3285,4,96.3235,4.0729,0.209
nuscenes_mini_subset,scene-0103_026,roll,1.0,roll_1deg,34688,8.3429,4,96.3235,8.13,0.1622
nuscenes_mini_subset,scene-0103_026,roll,2.0,roll_2deg,34688,8.3228,4,95.5882,16.177,0.1477
nuscenes_mini_subset,scene-0103_026,roll,3.0,roll_3deg,34688,8.3199,4,94.8529,24.1725,0.125
nuscenes_mini_subset,scene-0103_026,tx,0.02,tx_2cm,34688,8.3429,4,96.3235,0.6544,0.2265
nuscenes_mini_subset,scene-0103_026,tx,0.05,tx_5cm,34688,8.3833,4,96.3235,1.6317,0.2209
nuscenes_mini_subset,scene-0103_026,tx,0.1,tx_10cm,34688,8.4352,4,96.3235,3.2491,0.2401
nuscenes_mini_subset,scene-0103_026,ty,0.02,ty_2cm,34688,8.3112,4,95.5882,1.9247,0.2334
nuscenes_mini_subset,scene-0103_026,ty,0.05,ty_5cm,34688,8.3141,4,95.5882,4.8081,0.221
nuscenes_mini_subset,scene-0103_026,ty,0.1,ty_10cm,34688,8.3256,4,95.5882,9.6092,0.2289
nuscenes_mini_subset,scene-0103_026,tz,0.02,tz_2cm,34688,8.3602,4,96.3235,1.9358,0.2433
nuscenes_mini_subset,scene-0103_026,tz,0.05,tz_5cm,34688,8.4179,4,96.3235,4.8389,0.2366
nuscenes_mini_subset,scene-0103_026,tz,0.1,tz_10cm,34688,8.7177,4,96.3235,9.6758,0.2083
nuscenes_mini_subset,scene-0103_026,time,35.2,no_ego_motion,34688,8.0518,4,95.5882,5.6929,0.2207
nuscenes_mini_subset,scene-0103_027,baseline,0.0,baseline,34752,8.1722,3,100.0,0.0,0.1638
nuscenes_mini_subset,scene-0103_027,yaw,0.5,yaw_0.5deg,34752,8.1434,3,100.0,12.6965,0.1234
nuscenes_mini_subset,scene-0103_027,yaw,1.0,yaw_1deg,34752,8.1693,3,96.4976,25.3686,0.1624
nuscenes_mini_subset,scene-0103_027,yaw,2.0,yaw_2deg,34752,8.2384,3,85.5274,50.6207,0.0625
nuscenes_mini_subset,scene-0103_027,yaw,3.0,yaw_3deg,34752,8.2672,3,63.909,75.7517,0.058
nuscenes_mini_subset,scene-0103_027,pitch,0.5,pitch_0.5deg,34752,8.0024,3,100.0,11.6301,0.1492
nuscenes_mini_subset,scene-0103_027,pitch,1.0,pitch_1deg,34752,7.7492,3,77.5966,23.2182,0.1106
nuscenes_mini_subset,scene-0103_027,pitch,2.0,pitch_2deg,34752,7.3924,3,57.3068,46.369,0.1045
nuscenes_mini_subset,scene-0103_027,pitch,3.0,pitch_3deg,34752,7.0672,3,13.7681,69.3366,0.113
nuscenes_mini_subset,scene-0103_027,roll,0.5,roll_0.5deg,34752,8.1808,3,100.0,4.0687,0.1558
nuscenes_mini_subset,scene-0103_027,roll,1.0,roll_1deg,34752,8.1866,3,100.0,8.1283,0.1677
nuscenes_mini_subset,scene-0103_027,roll,2.0,roll_2deg,34752,8.1751,3,100.0,16.2177,0.1907
nuscenes_mini_subset,scene-0103_027,roll,3.0,roll_3deg,34752,8.1952,3,94.4444,24.264,0.113
nuscenes_mini_subset,scene-0103_027,tx,0.02,tx_2cm,34752,8.1923,3,100.0,0.6385,0.1564
nuscenes_mini_subset,scene-0103_027,tx,0.05,tx_5cm,34752,8.224,3,100.0,1.594,0.165
nuscenes_mini_subset,scene-0103_027,tx,0.1,tx_10cm,34752,8.2873,3,100.0,3.1797,0.1328
nuscenes_mini_subset,scene-0103_027,ty,0.02,ty_2cm,34752,8.1664,3,100.0,1.9345,0.1513
nuscenes_mini_subset,scene-0103_027,ty,0.05,ty_5cm,34752,8.1664,3,100.0,4.8362,0.1576
nuscenes_mini_subset,scene-0103_027,ty,0.1,ty_10cm,34752,8.1636,3,100.0,9.6638,0.1827
nuscenes_mini_subset,scene-0103_027,tz,0.02,tz_2cm,34752,8.2125,3,100.0,1.9462,0.1579
nuscenes_mini_subset,scene-0103_027,tz,0.05,tz_5cm,34752,8.27,3,100.0,4.865,0.189
nuscenes_mini_subset,scene-0103_027,tz,0.1,tz_10cm,34752,8.5722,3,100.0,9.7279,0.2064
nuscenes_mini_subset,scene-0103_027,time,35.1,no_ego_motion,34752,7.8211,3,100.0,6.7457,0.1541
nuscenes_mini_subset,scene-0103_028,baseline,0.0,baseline,34720,8.0386,4,100.0,0.0,0.0319
nuscenes_mini_subset,scene-0103_028,yaw,0.5,yaw_0.5deg,34720,8.053,4,99.0741,12.6365,0.0566
nuscenes_mini_subset,scene-0103_028,yaw,1.0,yaw_1deg,34720,8.0703,4,94.8038,25.2576,0.0051
nuscenes_mini_subset,scene-0103_028,yaw,2.0,yaw_2deg,34720,8.0847,4,85.1101,50.4295,0.0065
nuscenes_mini_subset,scene-0103_028,yaw,3.0,yaw_3deg,34720,8.1192,4,63.0773,75.4564,0.0185
nuscenes_mini_subset,scene-0103_028,pitch,0.5,pitch_0.5deg,34720,7.8715,4,100.0,11.6228,0.0523
nuscenes_mini_subset,scene-0103_028,pitch,1.0,pitch_1deg,34720,7.6296,4,84.9953,23.2009,0.1179
nuscenes_mini_subset,scene-0103_028,pitch,2.0,pitch_2deg,34720,7.2523,4,71.3672,46.4006,0.0302
nuscenes_mini_subset,scene-0103_028,pitch,3.0,pitch_3deg,34720,6.9412,4,39.7431,69.3694,0.0107
nuscenes_mini_subset,scene-0103_028,roll,0.5,roll_0.5deg,34720,8.0444,4,100.0,4.0389,0.0351
nuscenes_mini_subset,scene-0103_028,roll,1.0,roll_1deg,34720,8.0559,4,100.0,8.0729,0.0327
nuscenes_mini_subset,scene-0103_028,roll,2.0,roll_2deg,34720,8.0501,4,99.0566,16.0595,0.0506
nuscenes_mini_subset,scene-0103_028,roll,3.0,roll_3deg,34720,8.0444,4,88.8714,23.9861,0.0658
nuscenes_mini_subset,scene-0103_028,tx,0.02,tx_2cm,34720,8.0616,4,100.0,0.6669,0.0522
nuscenes_mini_subset,scene-0103_028,tx,0.05,tx_5cm,34720,8.0991,4,100.0,1.6636,0.0538
nuscenes_mini_subset,scene-0103_028,tx,0.1,tx_10cm,34720,8.1682,4,100.0,3.3158,0.0683
nuscenes_mini_subset,scene-0103_028,ty,0.02,ty_2cm,34720,8.03,4,100.0,1.8723,0.0333
nuscenes_mini_subset,scene-0103_028,ty,0.05,ty_5cm,34720,8.0386,4,100.0,4.6696,0.0408
nuscenes_mini_subset,scene-0103_028,ty,0.1,ty_10cm,34720,8.0501,4,100.0,9.3032,0.0541
nuscenes_mini_subset,scene-0103_028,tz,0.02,tz_2cm,34720,8.0847,4,100.0,1.8739,0.0441
nuscenes_mini_subset,scene-0103_028,tz,0.05,tz_5cm,34720,8.1394,4,100.0,4.6841,0.0421
nuscenes_mini_subset,scene-0103_028,tz,0.1,tz_10cm,34720,8.4361,4,100.0,9.3664,0.0481
nuscenes_mini_subset,scene-0103_028,time,34.6,no_ego_motion,34720,7.6699,4,100.0,6.7445,0.0718
nuscenes_mini_subset,scene-0103_029,baseline,0.0,baseline,34720,8.0213,4,95.3297,0.0,0.1573
nuscenes_mini_subset,scene-0103_029,yaw,0.5,yaw_0.5deg,34720,8.0444,4,94.5055,12.6435,0.1878
nuscenes_mini_subset,scene-0103_029,yaw,1.0,yaw_1deg,34720,8.0616,4,89.8839,25.2696,0.1485
nuscenes_mini_subset,scene-0103_029,yaw,2.0,yaw_2deg,34720,8.0789,4,81.0514,50.4132,0.1103
nuscenes_mini_subset,scene-0103_029,yaw,3.0,yaw_3deg,34720,8.1048,4,60.2304,75.4267,0.0581
nuscenes_mini_subset,scene-0103_029,pitch,0.5,pitch_0.5deg,34720,7.86,4,95.3297,11.6184,0.1766
nuscenes_mini_subset,scene-0103_029,pitch,1.0,pitch_1deg,34720,7.6181,4,81.466,23.1899,0.167
nuscenes_mini_subset,scene-0103_029,pitch,2.0,pitch_2deg,34720,7.2235,4,62.1872,46.3667,0.153
nuscenes_mini_subset,scene-0103_029,pitch,3.0,pitch_3deg,34720,6.9211,4,47.327,69.3001,0.1645
nuscenes_mini_subset,scene-0103_029,roll,0.5,roll_0.5deg,34720,8.0386,4,95.3297,4.073,0.2123
nuscenes_mini_subset,scene-0103_029,roll,1.0,roll_1deg,34720,8.0444,4,95.0549,8.1259,0.2234
nuscenes_mini_subset,scene-0103_029,roll,2.0,roll_2deg,34720,8.0328,4,93.8049,16.1619,0.2304
nuscenes_mini_subset,scene-0103_029,roll,3.0,roll_3deg,34720,8.0328,4,92.2802,24.1785,0.2743
nuscenes_mini_subset,scene-0103_029,tx,0.02,tx_2cm,34720,8.0444,4,95.3297,0.6899,0.1639
nuscenes_mini_subset,scene-0103_029,tx,0.05,tx_5cm,34720,8.0933,4,95.6044,1.7218,0.1831
nuscenes_mini_subset,scene-0103_029,tx,0.1,tx_10cm,34720,8.1509,4,95.8791,3.4207,0.1736
nuscenes_mini_subset,scene-0103_029,ty,0.02,ty_2cm,34720,8.0386,4,95.3297,1.81,0.198
nuscenes_mini_subset,scene-0103_029,ty,0.05,ty_5cm,34720,8.0357,4,95.3297,4.5204,0.188
nuscenes_mini_subset,scene-0103_029,ty,0.1,ty_10cm,34720,8.0328,4,94.7802,9.0335,0.1755
nuscenes_mini_subset,scene-0103_029,tz,0.02,tz_2cm,34720,8.0674,4,95.3297,1.8173,0.2095
nuscenes_mini_subset,scene-0103_029,tz,0.05,tz_5cm,34720,8.1279,4,95.3297,4.5427,0.1745
nuscenes_mini_subset,scene-0103_029,tz,0.1,tz_10cm,34720,8.4217,4,95.0549,9.0837,0.172
nuscenes_mini_subset,scene-0103_029,time,34.8,no_ego_motion,34720,7.6584,4,94.5055,7.1752,0.2609
nuscenes_mini_subset,scene-0103_030,baseline,0.0,baseline,34688,8.1469,4,100.0,0.0,0.1883
nuscenes_mini_subset,scene-0103_030,yaw,0.5,yaw_0.5deg,34688,8.1469,4,100.0,12.6455,0.1672
nuscenes_mini_subset,scene-0103_030,yaw,1.0,yaw_1deg,34688,8.1671,4,96.5538,25.2517,0.0953
nuscenes_mini_subset,scene-0103_030,yaw,2.0,yaw_2deg,34688,8.1815,4,84.5232,50.4113,0.11
nuscenes_mini_subset,scene-0103_030,yaw,3.0,yaw_3deg,34688,8.1902,4,68.6557,75.4829,0.0399
nuscenes_mini_subset,scene-0103_030,pitch,0.5,pitch_0.5deg,34688,7.9624,4,100.0,11.6158,0.1623
nuscenes_mini_subset,scene-0103_030,pitch,1.0,pitch_1deg,34688,7.7145,4,95.8333,23.206,0.1307
nuscenes_mini_subset,scene-0103_030,pitch,2.0,pitch_2deg,34688,7.357,4,79.2896,46.459,0.166
nuscenes_mini_subset,scene-0103_030,pitch,3.0,pitch_3deg,34688,7.0428,4,49.1356,69.3555,0.1897
nuscenes_mini_subset,scene-0103_030,roll,0.5,roll_0.5deg,34688,8.1584,4,100.0,4.0631,0.1912
nuscenes_mini_subset,scene-0103_030,roll,1.0,roll_1deg,34688,8.1642,4,100.0,8.1202,0.2323
nuscenes_mini_subset,scene-0103_030,roll,2.0,roll_2deg,34688,8.144,4,100.0,16.1818,0.1808
nuscenes_mini_subset,scene-0103_030,roll,3.0,roll_3deg,34688,8.1498,4,100.0,24.2059,0.2875
nuscenes_mini_subset,scene-0103_030,tx,0.02,tx_2cm,34688,8.1671,4,100.0,0.7024,0.1867
nuscenes_mini_subset,scene-0103_030,tx,0.05,tx_5cm,34688,8.1959,4,100.0,1.7493,0.2142
nuscenes_mini_subset,scene-0103_030,tx,0.1,tx_10cm,34688,8.2709,4,100.0,3.4872,0.1702
nuscenes_mini_subset,scene-0103_030,ty,0.02,ty_2cm,34688,8.1354,4,100.0,1.9377,0.1552
nuscenes_mini_subset,scene-0103_030,ty,0.05,ty_5cm,34688,8.1527,4,100.0,4.8395,0.1713
nuscenes_mini_subset,scene-0103_030,ty,0.1,ty_10cm,34688,8.1498,4,100.0,9.6723,0.1789
nuscenes_mini_subset,scene-0103_030,tz,0.02,tz_2cm,34688,8.1959,4,100.0,1.9425,0.1928
nuscenes_mini_subset,scene-0103_030,tz,0.05,tz_5cm,34688,8.2536,4,100.0,4.8558,0.1843
nuscenes_mini_subset,scene-0103_030,tz,0.1,tz_10cm,34688,8.5476,4,100.0,9.7095,0.1766
nuscenes_mini_subset,scene-0103_030,time,34.7,no_ego_motion,34688,7.7116,4,100.0,7.7056,0.1914
nuscenes_mini_subset,scene-0103_031,baseline,0.0,baseline,34688,8.1296,5,98.8333,0.0,0.2186
nuscenes_mini_subset,scene-0103_031,yaw,0.5,yaw_0.5deg,34688,8.1556,5,99.5,12.6384,0.1436
nuscenes_mini_subset,scene-0103_031,yaw,1.0,yaw_1deg,34688,8.1642,5,97.1856,25.2556,0.1418
nuscenes_mini_subset,scene-0103_031,yaw,2.0,yaw_2deg,34688,8.1671,5,84.186,50.3616,0.1209
nuscenes_mini_subset,scene-0103_031,yaw,3.0,yaw_3deg,34688,8.1786,5,60.5557,75.3932,0.0427
nuscenes_mini_subset,scene-0103_031,pitch,0.5,pitch_0.5deg,34688,7.9682,5,96.2177,11.6195,0.2096
nuscenes_mini_subset,scene-0103_031,pitch,1.0,pitch_1deg,34688,7.7289,5,88.4206,23.1909,0.1601
nuscenes_mini_subset,scene-0103_031,pitch,2.0,pitch_2deg,34688,7.3311,5,71.2125,46.3852,0.2074
nuscenes_mini_subset,scene-0103_031,pitch,3.0,pitch_3deg,34688,7.0312,5,55.4608,69.3404,0.2454
nuscenes_mini_subset,scene-0103_031,roll,0.5,roll_0.5deg,34688,8.1527,5,98.8333,4.0804,0.1781
nuscenes_mini_subset,scene-0103_031,roll,1.0,roll_1deg,34688,8.1527,5,98.8333,8.1556,0.23
nuscenes_mini_subset,scene-0103_031,roll,2.0,roll_2deg,34688,8.144,5,98.8333,16.207,0.2478
nuscenes_mini_subset,scene-0103_031,roll,3.0,roll_3deg,34688,8.144,5,96.4444,24.2055,0.2169
nuscenes_mini_subset,scene-0103_031,tx,0.02,tx_2cm,34688,8.1642,5,98.8333,0.6611,0.24
nuscenes_mini_subset,scene-0103_031,tx,0.05,tx_5cm,34688,8.2017,5,98.8333,1.6493,0.2196
nuscenes_mini_subset,scene-0103_031,tx,0.1,tx_10cm,34688,8.2709,5,99.0,3.2832,0.2081
nuscenes_mini_subset,scene-0103_031,ty,0.02,ty_2cm,34688,8.1383,5,98.8333,2.1114,0.2212
nuscenes_mini_subset,scene-0103_031,ty,0.05,ty_5cm,34688,8.1383,5,99.0,5.2694,0.2437
nuscenes_mini_subset,scene-0103_031,ty,0.1,ty_10cm,34688,8.1527,5,99.5,10.5469,0.2122
nuscenes_mini_subset,scene-0103_031,tz,0.02,tz_2cm,34688,8.1786,5,98.8333,2.1309,0.1893
nuscenes_mini_subset,scene-0103_031,tz,0.05,tz_5cm,34688,8.2392,5,98.8333,5.3265,0.1644
nuscenes_mini_subset,scene-0103_031,tz,0.1,tz_10cm,34688,8.5246,5,97.0,10.6506,0.2045
nuscenes_mini_subset,scene-0103_031,time,34.6,no_ego_motion,34688,7.6222,5,97.6667,7.7673,0.17
nuscenes_mini_subset,scene-0103_032,baseline,0.0,baseline,34752,8.1636,6,100.0,0.0,0.2227
nuscenes_mini_subset,scene-0103_032,yaw,0.5,yaw_0.5deg,34752,8.1693,6,100.0,12.6551,0.2337
nuscenes_mini_subset,scene-0103_032,yaw,1.0,yaw_1deg,34752,8.1463,6,96.7325,25.2729,0.1478
nuscenes_mini_subset,scene-0103_032,yaw,2.0,yaw_2deg,34752,8.1233,6,84.7084,50.3843,0.1723
nuscenes_mini_subset,scene-0103_032,yaw,3.0,yaw_3deg,34752,8.1175,6,61.1393,75.4269,0.0442
nuscenes_mini_subset,scene-0103_032,pitch,0.5,pitch_0.5deg,34752,8.0024,6,100.0,11.5804,0.218
nuscenes_mini_subset,scene-0103_032,pitch,1.0,pitch_1deg,34752,7.7665,6,96.6667,23.1431,0.1752
nuscenes_mini_subset,scene-0103_032,pitch,2.0,pitch_2deg,34752,7.3837,6,79.4986,46.3362,0.1199
nuscenes_mini_subset,scene-0103_032,pitch,3.0,pitch_3deg,34752,7.0874,6,48.0693,69.2248,0.1134
nuscenes_mini_subset,scene-0103_032,roll,0.5,roll_0.5deg,34752,8.1923,6,100.0,4.0916,0.2357
nuscenes_mini_subset,scene-0103_032,roll,1.0,roll_1deg,34752,8.1952,6,100.0,8.1632,0.2722
nuscenes_mini_subset,scene-0103_032,roll,2.0,roll_2deg,34752,8.1808,6,100.0,16.2669,0.2545
nuscenes_mini_subset,scene-0103_032,roll,3.0,roll_3deg,34752,8.1837,6,99.0476,24.318,0.283
nuscenes_mini_subset,scene-0103_032,tx,0.02,tx_2cm,34752,8.2125,6,100.0,0.6762,0.2168
nuscenes_mini_subset,scene-0103_032,tx,0.05,tx_5cm,34752,8.247,6,100.0,1.686,0.2273
nuscenes_mini_subset,scene-0103_032,tx,0.1,tx_10cm,34752,8.3017,6,100.0,3.3628,0.1891
nuscenes_mini_subset,scene-0103_032,ty,0.02,ty_2cm,34752,8.1779,6,100.0,2.0479,0.2008
nuscenes_mini_subset,scene-0103_032,ty,0.05,ty_5cm,34752,8.1722,6,100.0,5.1169,0.2541
nuscenes_mini_subset,scene-0103_032,ty,0.1,ty_10cm,34752,8.1837,6,100.0,10.2327,0.2295
nuscenes_mini_subset,scene-0103_032,tz,0.02,tz_2cm,34752,8.2154,6,100.0,2.0702,0.2235
nuscenes_mini_subset,scene-0103_032,tz,0.05,tz_5cm,34752,8.2787,6,100.0,5.1749,0.2484
nuscenes_mini_subset,scene-0103_032,tz,0.1,tz_10cm,34752,8.5664,6,100.0,10.3474,0.2096
nuscenes_mini_subset,scene-0103_032,time,34.5,no_ego_motion,34752,7.6657,6,100.0,8.1242,0.2266
nuscenes_mini_subset,scene-0103_033,baseline,0.0,baseline,34784,8.202,4,100.0,0.0,0.1839
nuscenes_mini_subset,scene-0103_033,yaw,0.5,yaw_0.5deg,34784,8.1819,4,100.0,12.6354,0.1419
nuscenes_mini_subset,scene-0103_033,yaw,1.0,yaw_1deg,34784,8.1934,4,98.2738,25.2417,0.1046
nuscenes_mini_subset,scene-0103_033,yaw,2.0,yaw_2deg,34784,8.1762,4,92.7083,50.3721,0.1839
nuscenes_mini_subset,scene-0103_033,yaw,3.0,yaw_3deg,34784,8.1647,4,76.6752,75.3992,0.1736
nuscenes_mini_subset,scene-0103_033,pitch,0.5,pitch_0.5deg,34784,8.0296,4,100.0,11.6022,0.1949
nuscenes_mini_subset,scene-0103_033,pitch,1.0,pitch_1deg,34784,7.7794,4,98.3333,23.1513,0.3155
nuscenes_mini_subset,scene-0103_033,pitch,2.0,pitch_2deg,34784,7.4287,4,76.7731,46.3588,0.1177
nuscenes_mini_subset,scene-0103_033,pitch,3.0,pitch_3deg,34784,7.1096,4,55.0641,69.189,0.0973
nuscenes_mini_subset,scene-0103_033,roll,0.5,roll_0.5deg,34784,8.2164,4,100.0,4.1096,0.1498
nuscenes_mini_subset,scene-0103_033,roll,1.0,roll_1deg,34784,8.2135,4,100.0,8.2055,0.2014
nuscenes_mini_subset,scene-0103_033,roll,2.0,roll_2deg,34784,8.1934,4,100.0,16.3325,0.1956
nuscenes_mini_subset,scene-0103_033,roll,3.0,roll_3deg,34784,8.2049,4,97.0621,24.4491,0.193
nuscenes_mini_subset,scene-0103_033,tx,0.02,tx_2cm,34784,8.225,4,100.0,0.7014,0.1843
nuscenes_mini_subset,scene-0103_033,tx,0.05,tx_5cm,34784,8.2567,4,100.0,1.7482,0.1756
nuscenes_mini_subset,scene-0103_033,tx,0.1,tx_10cm,34784,8.3429,4,100.0,3.4805,0.1921
nuscenes_mini_subset,scene-0103_033,ty,0.02,ty_2cm,34784,8.1905,4,100.0,2.1248,0.1571
nuscenes_mini_subset,scene-0103_033,ty,0.05,ty_5cm,34784,8.202,4,100.0,5.2985,0.1583
nuscenes_mini_subset,scene-0103_033,ty,0.1,ty_10cm,34784,8.2049,4,100.0,10.5836,0.2035
nuscenes_mini_subset,scene-0103_033,tz,0.02,tz_2cm,34784,8.248,4,100.0,2.1622,0.1883
nuscenes_mini_subset,scene-0103_033,tz,0.05,tz_5cm,34784,8.3113,4,100.0,5.4048,0.1077
nuscenes_mini_subset,scene-0103_033,tz,0.1,tz_10cm,34784,8.6074,4,100.0,10.8071,0.1244
nuscenes_mini_subset,scene-0103_033,time,34.9,no_ego_motion,34784,7.6558,4,100.0,9.2778,0.2258
nuscenes_mini_subset,scene-0103_034,baseline,0.0,baseline,34688,8.1988,4,97.3611,0.0,0.1892
nuscenes_mini_subset,scene-0103_034,yaw,0.5,yaw_0.5deg,34688,8.1757,4,94.7794,12.6499,0.2055
nuscenes_mini_subset,scene-0103_034,yaw,1.0,yaw_1deg,34688,8.1757,4,91.7917,25.2623,0.0609
nuscenes_mini_subset,scene-0103_034,yaw,2.0,yaw_2deg,34688,8.1584,4,83.5407,50.4125,0.0287
nuscenes_mini_subset,scene-0103_034,yaw,3.0,yaw_3deg,34688,8.1411,4,62.4839,75.3909,0.1205
nuscenes_mini_subset,scene-0103_034,pitch,0.5,pitch_0.5deg,34688,8.0258,4,97.3611,11.5892,0.0503
nuscenes_mini_subset,scene-0103_034,pitch,1.0,pitch_1deg,34688,7.7837,4,90.7178,23.1456,0.1059
nuscenes_mini_subset,scene-0103_034,pitch,2.0,pitch_2deg,34688,7.4435,4,65.6762,46.3096,0.0833
nuscenes_mini_subset,scene-0103_034,pitch,3.0,pitch_3deg,34688,7.1177,4,51.8878,69.1885,0.0221
nuscenes_mini_subset,scene-0103_034,roll,0.5,roll_0.5deg,34688,8.2132,4,97.3611,4.1468,0.2602
nuscenes_mini_subset,scene-0103_034,roll,1.0,roll_1deg,34688,8.2219,4,97.3611,8.276,0.202
nuscenes_mini_subset,scene-0103_034,roll,2.0,roll_2deg,34688,8.2132,4,97.2222,16.4892,0.2133
nuscenes_mini_subset,scene-0103_034,roll,3.0,roll_3deg,34688,8.2132,4,96.7415,24.6219,0.1081
nuscenes_mini_subset,scene-0103_034,tx,0.02,tx_2cm,34688,8.2276,4,97.3611,0.7328,0.1791
nuscenes_mini_subset,scene-0103_034,tx,0.05,tx_5cm,34688,8.2709,4,97.3611,1.8255,0.1775
nuscenes_mini_subset,scene-0103_034,tx,0.1,tx_10cm,34688,8.3401,4,97.6389,3.6286,0.2119
nuscenes_mini_subset,scene-0103_034,ty,0.02,ty_2cm,34688,8.2103,4,97.3611,2.0644,0.2013
nuscenes_mini_subset,scene-0103_034,ty,0.05,ty_5cm,34688,8.2074,4,97.0833,5.1633,0.2258
nuscenes_mini_subset,scene-0103_034,ty,0.1,ty_10cm,34688,8.2103,4,96.6667,10.3393,0.2544
nuscenes_mini_subset,scene-0103_034,tz,0.02,tz_2cm,34688,8.2507,4,97.3611,2.095,0.1962
nuscenes_mini_subset,scene-0103_034,tz,0.05,tz_5cm,34688,8.3083,4,97.3611,5.2368,0.2524
nuscenes_mini_subset,scene-0103_034,tz,0.1,tz_10cm,34688,8.6024,4,97.3611,10.4712,0.213
nuscenes_mini_subset,scene-0103_034,time,35.3,no_ego_motion,34688,7.6511,4,96.1111,9.6707,0.1543
nuscenes_mini_subset,scene-0103_035,baseline,0.0,baseline,34720,8.0904,5,100.0,0.0,0.2758
nuscenes_mini_subset,scene-0103_035,yaw,0.5,yaw_0.5deg,34720,8.0501,5,97.7381,12.6499,0.1908
nuscenes_mini_subset,scene-0103_035,yaw,1.0,yaw_1deg,34720,8.0213,5,95.4762,25.2508,0.1732
nuscenes_mini_subset,scene-0103_035,yaw,2.0,yaw_2deg,34720,8.0098,5,80.9392,50.3236,0.0964
nuscenes_mini_subset,scene-0103_035,yaw,3.0,yaw_3deg,34720,7.9954,5,60.9212,75.1505,0.1598
nuscenes_mini_subset,scene-0103_035,pitch,0.5,pitch_0.5deg,34720,7.9291,5,97.6825,11.5881,0.15
nuscenes_mini_subset,scene-0103_035,pitch,1.0,pitch_1deg,34720,7.6728,5,96.7937,23.1323,0.0818
nuscenes_mini_subset,scene-0103_035,pitch,2.0,pitch_2deg,34720,7.3301,5,64.787,46.2866,-0.0223
nuscenes_mini_subset,scene-0103_035,pitch,3.0,pitch_3deg,34720,6.9988,5,45.5559,69.2896,-0.0746
nuscenes_mini_subset,scene-0103_035,roll,0.5,roll_0.5deg,34720,8.1077,5,100.0,4.1209,0.1872
nuscenes_mini_subset,scene-0103_035,roll,1.0,roll_1deg,34720,8.1077,5,100.0,8.2266,0.1992
nuscenes_mini_subset,scene-0103_035,roll,2.0,roll_2deg,34720,8.0962,5,100.0,16.3787,0.2485
nuscenes_mini_subset,scene-0103_035,roll,3.0,roll_3deg,34720,8.102,5,100.0,24.4231,0.1977
nuscenes_mini_subset,scene-0103_035,tx,0.02,tx_2cm,34720,8.1221,5,100.0,0.7225,0.2303
nuscenes_mini_subset,scene-0103_035,tx,0.05,tx_5cm,34720,8.1538,5,100.0,1.8038,0.2234
nuscenes_mini_subset,scene-0103_035,tx,0.1,tx_10cm,34720,8.2373,5,100.0,3.5959,0.2223
nuscenes_mini_subset,scene-0103_035,ty,0.02,ty_2cm,34720,8.0818,5,100.0,2.179,0.2993
nuscenes_mini_subset,scene-0103_035,ty,0.05,ty_5cm,34720,8.0847,5,100.0,5.4485,0.2843
nuscenes_mini_subset,scene-0103_035,ty,0.1,ty_10cm,34720,8.0818,5,100.0,10.8955,0.209
nuscenes_mini_subset,scene-0103_035,tz,0.02,tz_2cm,34720,8.1394,5,100.0,2.2004,0.193
nuscenes_mini_subset,scene-0103_035,tz,0.05,tz_5cm,34720,8.197,5,100.0,5.5003,0.1445
nuscenes_mini_subset,scene-0103_035,tz,0.1,tz_10cm,34720,8.4908,5,100.0,10.998,0.1449
nuscenes_mini_subset,scene-0103_035,time,35.3,no_ego_motion,34720,7.5086,5,99.845,10.0638,0.1754
nuscenes_mini_subset,scene-0103_036,baseline,0.0,baseline,34752,8.0427,4,100.0,0.0,0.2615
nuscenes_mini_subset,scene-0103_036,yaw,0.5,yaw_0.5deg,34752,8.0686,4,98.9437,12.6162,0.2461
nuscenes_mini_subset,scene-0103_036,yaw,1.0,yaw_1deg,34752,8.0427,4,88.7586,25.1801,0.1781
nuscenes_mini_subset,scene-0103_036,yaw,2.0,yaw_2deg,34752,8.0427,4,76.6585,50.1898,0.2144
nuscenes_mini_subset,scene-0103_036,yaw,3.0,yaw_3deg,34752,8.0168,4,61.0519,75.0478,0.2158
nuscenes_mini_subset,scene-0103_036,pitch,0.5,pitch_0.5deg,34752,7.8844,4,99.6479,11.6109,0.1403
nuscenes_mini_subset,scene-0103_036,pitch,1.0,pitch_1deg,34752,7.6398,4,72.0131,23.1584,0.1365
nuscenes_mini_subset,scene-0103_036,pitch,2.0,pitch_2deg,34752,7.3032,4,60.7241,46.331,0.1135
nuscenes_mini_subset,scene-0103_036,pitch,3.0,pitch_3deg,34752,6.9723,4,38.7433,69.3585,0.182
nuscenes_mini_subset,scene-0103_036,roll,0.5,roll_0.5deg,34752,8.0744,4,99.6479,4.0739,0.1851
nuscenes_mini_subset,scene-0103_036,roll,1.0,roll_1deg,34752,8.0801,4,99.6479,8.1296,0.2376
nuscenes_mini_subset,scene-0103_036,roll,2.0,roll_2deg,34752,8.0513,4,99.6479,16.1715,0.1408
nuscenes_mini_subset,scene-0103_036,roll,3.0,roll_3deg,34752,8.0628,4,99.6479,24.1948,0.1032
nuscenes_mini_subset,scene-0103_036,tx,0.02,tx_2cm,34752,8.0887,4,100.0,0.7121,0.2655
nuscenes_mini_subset,scene-0103_036,tx,0.05,tx_5cm,34752,8.1262,4,100.0,1.7763,0.2413
nuscenes_mini_subset,scene-0103_036,tx,0.1,tx_10cm,34752,8.1779,4,100.0,3.5401,0.2724
nuscenes_mini_subset,scene-0103_036,ty,0.02,ty_2cm,34752,8.0657,4,99.6479,2.1649,0.257
nuscenes_mini_subset,scene-0103_036,ty,0.05,ty_5cm,34752,8.0686,4,99.6479,5.4032,0.2434
nuscenes_mini_subset,scene-0103_036,ty,0.1,ty_10cm,34752,8.0859,4,99.6479,10.7903,0.2573
nuscenes_mini_subset,scene-0103_036,tz,0.02,tz_2cm,34752,8.0974,4,100.0,2.1941,0.2752
nuscenes_mini_subset,scene-0103_036,tz,0.05,tz_5cm,34752,8.1549,4,100.0,5.4844,0.2696
nuscenes_mini_subset,scene-0103_036,tz,0.1,tz_10cm,34752,8.4657,4,100.0,10.9662,0.2194
nuscenes_mini_subset,scene-0103_036,time,35.6,no_ego_motion,34752,7.4845,4,98.9437,10.3153,0.2537
nuscenes_mini_subset,scene-0103_037,baseline,0.0,baseline,34720,7.837,3,100.0,0.0,0.2992
nuscenes_mini_subset,scene-0103_037,yaw,0.5,yaw_0.5deg,34720,7.8168,3,97.2222,12.6021,0.2406
nuscenes_mini_subset,scene-0103_037,yaw,1.0,yaw_1deg,34720,7.8111,3,92.8571,25.1534,0.1994
nuscenes_mini_subset,scene-0103_037,yaw,2.0,yaw_2deg,34720,7.7967,3,82.0295,50.1317,0.121
nuscenes_mini_subset,scene-0103_037,yaw,3.0,yaw_3deg,34720,7.8024,3,65.4195,74.919,0.1695
nuscenes_mini_subset,scene-0103_037,pitch,0.5,pitch_0.5deg,34720,7.6671,3,100.0,11.6524,0.2558
nuscenes_mini_subset,scene-0103_037,pitch,1.0,pitch_1deg,34720,7.4194,3,97.9592,23.2469,0.1324
nuscenes_mini_subset,scene-0103_037,pitch,2.0,pitch_2deg,34720,7.0709,3,55.0454,46.4146,0.2724
nuscenes_mini_subset,scene-0103_037,pitch,3.0,pitch_3deg,34720,6.7512,3,47.3356,69.7188,0.1256
nuscenes_mini_subset,scene-0103_037,roll,0.5,roll_0.5deg,34720,7.8456,3,100.0,4.0537,0.2599
nuscenes_mini_subset,scene-0103_037,roll,1.0,roll_1deg,34720,7.8543,3,100.0,8.095,0.1921
nuscenes_mini_subset,scene-0103_037,roll,2.0,roll_2deg,34720,7.837,3,100.0,16.0871,0.2668
nuscenes_mini_subset,scene-0103_037,roll,3.0,roll_3deg,34720,7.8456,3,84.0136,24.0731,0.2264
nuscenes_mini_subset,scene-0103_037,tx,0.02,tx_2cm,34720,7.8629,3,100.0,0.7527,0.2909
nuscenes_mini_subset,scene-0103_037,tx,0.05,tx_5cm,34720,7.9003,3,100.0,1.8761,0.2473
nuscenes_mini_subset,scene-0103_037,tx,0.1,tx_10cm,34720,7.9724,3,100.0,3.7405,0.2311
nuscenes_mini_subset,scene-0103_037,ty,0.02,ty_2cm,34720,7.8312,3,100.0,2.3208,0.3243
nuscenes_mini_subset,scene-0103_037,ty,0.05,ty_5cm,34720,7.8427,3,100.0,5.8027,0.3399
nuscenes_mini_subset,scene-0103_037,ty,0.1,ty_10cm,34720,7.8341,3,98.4127,11.6065,0.2451
nuscenes_mini_subset,scene-0103_037,tz,0.02,tz_2cm,34720,7.8831,3,100.0,2.335,0.3622
nuscenes_mini_subset,scene-0103_037,tz,0.05,tz_5cm,34720,7.9407,3,100.0,5.8366,0.4369
nuscenes_mini_subset,scene-0103_037,tz,0.1,tz_10cm,34720,8.2373,3,100.0,11.6704,0.4105
nuscenes_mini_subset,scene-0103_037,time,35.5,no_ego_motion,34720,7.2465,3,100.0,10.9264,0.268
nuscenes_mini_subset,scene-0103_038,baseline,0.0,baseline,34752,7.8672,5,100.0,0.0,0.2242
nuscenes_mini_subset,scene-0103_038,yaw,0.5,yaw_0.5deg,34752,7.8787,5,100.0,12.4846,0.3313
nuscenes_mini_subset,scene-0103_038,yaw,1.0,yaw_1deg,34752,7.8701,5,97.0327,24.9252,0.2585
nuscenes_mini_subset,scene-0103_038,yaw,2.0,yaw_2deg,34752,7.8931,5,78.7804,49.7272,0.2332
nuscenes_mini_subset,scene-0103_038,yaw,3.0,yaw_3deg,34752,7.9218,5,59.9831,74.4247,0.2619
nuscenes_mini_subset,scene-0103_038,pitch,0.5,pitch_0.5deg,34752,7.706,5,100.0,11.6771,0.2613
nuscenes_mini_subset,scene-0103_038,pitch,1.0,pitch_1deg,34752,7.4471,5,84.2208,23.2168,0.2426
nuscenes_mini_subset,scene-0103_038,pitch,2.0,pitch_2deg,34752,7.1564,5,58.371,46.3497,0.23
nuscenes_mini_subset,scene-0103_038,pitch,3.0,pitch_3deg,34752,6.8255,5,28.3442,69.4004,0.1699
nuscenes_mini_subset,scene-0103_038,roll,0.5,roll_0.5deg,34752,7.8701,5,100.0,3.9254,0.2529
nuscenes_mini_subset,scene-0103_038,roll,1.0,roll_1deg,34752,7.8729,5,100.0,7.8304,0.2154
nuscenes_mini_subset,scene-0103_038,roll,2.0,roll_2deg,34752,7.8672,5,96.5217,15.5976,0.1597
nuscenes_mini_subset,scene-0103_038,roll,3.0,roll_3deg,34752,7.8701,5,76.5613,23.3158,0.1855
nuscenes_mini_subset,scene-0103_038,tx,0.02,tx_2cm,34752,7.9017,5,100.0,0.7006,0.2288
nuscenes_mini_subset,scene-0103_038,tx,0.05,tx_5cm,34752,7.9477,5,100.0,1.7456,0.2024
nuscenes_mini_subset,scene-0103_038,tx,0.1,tx_10cm,34752,8.0254,5,100.0,3.4766,0.2029
nuscenes_mini_subset,scene-0103_038,ty,0.02,ty_2cm,34752,7.8672,5,100.0,2.213,0.2305
nuscenes_mini_subset,scene-0103_038,ty,0.05,ty_5cm,34752,7.8672,5,100.0,5.5078,0.2739
nuscenes_mini_subset,scene-0103_038,ty,0.1,ty_10cm,34752,7.8758,5,100.0,10.9455,0.2596
nuscenes_mini_subset,scene-0103_038,tz,0.02,tz_2cm,34752,7.9103,5,100.0,2.2266,0.2267
nuscenes_mini_subset,scene-0103_038,tz,0.05,tz_5cm,34752,8.0082,5,100.0,5.5658,0.2413
nuscenes_mini_subset,scene-0103_038,tz,0.1,tz_10cm,34752,8.2672,5,100.0,11.129,0.3791
nuscenes_mini_subset,scene-0103_038,time,36.5,no_ego_motion,34752,7.1881,5,100.0,10.8821,0.223
nuscenes_mini_subset,scene-0103_039,baseline,0.0,baseline,34720,7.7621,4,100.0,0.0,0.2221
nuscenes_mini_subset,scene-0103_039,yaw,0.5,yaw_0.5deg,34720,7.7823,4,99.7312,12.5171,0.2262
nuscenes_mini_subset,scene-0103_039,yaw,1.0,yaw_1deg,34720,7.8283,4,98.5179,25.0159,0.0931
nuscenes_mini_subset,scene-0103_039,yaw,2.0,yaw_2deg,34720,7.8946,4,93.0353,49.9586,0.0953
nuscenes_mini_subset,scene-0103_039,yaw,3.0,yaw_3deg,34720,7.9291,4,81.932,74.7473,0.1322
nuscenes_mini_subset,scene-0103_039,pitch,0.5,pitch_0.5deg,34720,7.5979,4,100.0,11.6332,0.3397
nuscenes_mini_subset,scene-0103_039,pitch,1.0,pitch_1deg,34720,7.3416,4,94.3243,23.2009,0.0946
nuscenes_mini_subset,scene-0103_039,pitch,2.0,pitch_2deg,34720,6.9931,4,80.5097,46.326,0.1566
nuscenes_mini_subset,scene-0103_039,pitch,3.0,pitch_3deg,34720,6.6676,4,56.0725,69.5876,0.1086
nuscenes_mini_subset,scene-0103_039,roll,0.5,roll_0.5deg,34720,7.765,4,100.0,3.99,0.2614
nuscenes_mini_subset,scene-0103_039,roll,1.0,roll_1deg,34720,7.7707,4,100.0,7.9717,0.3997
nuscenes_mini_subset,scene-0103_039,roll,2.0,roll_2deg,34720,7.765,4,100.0,15.8633,0.2217
nuscenes_mini_subset,scene-0103_039,roll,3.0,roll_3deg,34720,7.7621,4,98.6486,23.7386,0.0668
nuscenes_mini_subset,scene-0103_039,tx,0.02,tx_2cm,34720,7.7823,4,100.0,0.7304,0.222
nuscenes_mini_subset,scene-0103_039,tx,0.05,tx_5cm,34720,7.8226,4,100.0,1.8222,0.2616
nuscenes_mini_subset,scene-0103_039,tx,0.1,tx_10cm,34720,7.8917,4,100.0,3.6259,0.2304
nuscenes_mini_subset,scene-0103_039,ty,0.02,ty_2cm,34720,7.7535,4,100.0,2.1213,0.224
nuscenes_mini_subset,scene-0103_039,ty,0.05,ty_5cm,34720,7.7707,4,100.0,5.3029,0.2257
nuscenes_mini_subset,scene-0103_039,ty,0.1,ty_10cm,34720,7.7823,4,99.7312,10.58,0.245
nuscenes_mini_subset,scene-0103_039,tz,0.02,tz_2cm,34720,7.8111,4,100.0,2.1251,0.2337
nuscenes_mini_subset,scene-0103_039,tz,0.05,tz_5cm,34720,7.8687,4,100.0,5.312,0.2082
nuscenes_mini_subset,scene-0103_039,tz,0.1,tz_10cm,34720,8.1682,4,100.0,10.6216,0.0906
nuscenes_mini_subset,scene-0103_039,time,35.8,no_ego_motion,34720,7.1976,4,100.0,10.955,0.3147
nuscenes_mini_subset,scene-1094_000,baseline,0.0,baseline,34400,10.3169,4,100.0,0.0,0.2338
nuscenes_mini_subset,scene-1094_000,yaw,0.5,yaw_0.5deg,34400,10.3459,4,99.2424,12.7158,0.2304
nuscenes_mini_subset,scene-1094_000,yaw,1.0,yaw_1deg,34400,10.3779,4,95.8832,25.4167,0.1671
nuscenes_mini_subset,scene-1094_000,yaw,2.0,yaw_2deg,34400,10.4273,4,87.5775,50.8045,0.0672
nuscenes_mini_subset,scene-1094_000,yaw,3.0,yaw_3deg,34400,10.4593,4,65.0162,76.1512,0.1816
nuscenes_mini_subset,scene-1094_000,pitch,0.5,pitch_0.5deg,34400,10.061,4,100.0,11.6033,0.1414
nuscenes_mini_subset,scene-1094_000,pitch,1.0,pitch_1deg,34400,9.9331,4,97.541,23.17,0.0334
nuscenes_mini_subset,scene-1094_000,pitch,2.0,pitch_2deg,34400,9.5233,4,82.8978,46.1508,0.0582
nuscenes_mini_subset,scene-1094_000,pitch,3.0,pitch_3deg,34400,9.0901,4,62.517,68.973,0.0731
nuscenes_mini_subset,scene-1094_000,roll,0.5,roll_0.5deg,34400,10.3198,4,100.0,3.7624,0.2201
nuscenes_mini_subset,scene-1094_000,roll,1.0,roll_1deg,34400,10.311,4,100.0,7.5137,0.1972
nuscenes_mini_subset,scene-1094_000,roll,2.0,roll_2deg,34400,10.3169,4,100.0,14.9708,0.1529
nuscenes_mini_subset,scene-1094_000,roll,3.0,roll_3deg,34400,10.3256,4,92.948,22.3603,0.1744
nuscenes_mini_subset,scene-1094_000,tx,0.02,tx_2cm,34400,10.3547,4,100.0,0.3742,0.2255
nuscenes_mini_subset,scene-1094_000,tx,0.05,tx_5cm,34400,10.407,4,100.0,0.9345,0.2168
nuscenes_mini_subset,scene-1094_000,tx,0.1,tx_10cm,34400,10.4913,4,100.0,1.8662,0.2152
nuscenes_mini_subset,scene-1094_000,ty,0.02,ty_2cm,34400,10.311,4,100.0,0.8887,0.2405
nuscenes_mini_subset,scene-1094_000,ty,0.05,ty_5cm,34400,10.3198,4,100.0,2.2142,0.2137
nuscenes_mini_subset,scene-1094_000,ty,0.1,ty_10cm,34400,10.314,4,99.8904,4.3971,0.2055
nuscenes_mini_subset,scene-1094_000,tz,0.02,tz_2cm,34400,10.3983,4,100.0,0.8908,0.3043
nuscenes_mini_subset,scene-1094_000,tz,0.05,tz_5cm,34400,10.4826,4,100.0,2.227,0.1873
nuscenes_mini_subset,scene-1094_000,tz,0.1,tz_10cm,34400,10.593,4,98.4101,4.4538,0.182
nuscenes_mini_subset,scene-1094_000,time,35.7,no_ego_motion,34400,10.311,4,100.0,0.1269,0.265
nuscenes_mini_subset,scene-1094_001,baseline,0.0,baseline,34688,10.2485,3,100.0,0.0,0.1709
nuscenes_mini_subset,scene-1094_001,yaw,0.5,yaw_0.5deg,34688,10.2687,3,100.0,12.6694,0.2169
nuscenes_mini_subset,scene-1094_001,yaw,1.0,yaw_1deg,34688,10.2629,3,99.9197,25.3276,0.1991
nuscenes_mini_subset,scene-1094_001,yaw,2.0,yaw_2deg,34688,10.2831,3,96.9669,50.6023,0.062
nuscenes_mini_subset,scene-1094_001,yaw,3.0,yaw_3deg,34688,10.2946,3,87.3485,75.8213,0.0884
nuscenes_mini_subset,scene-1094_001,pitch,0.5,pitch_0.5deg,34688,10.0092,3,100.0,11.6047,0.1799
nuscenes_mini_subset,scene-1094_001,pitch,1.0,pitch_1deg,34688,9.8968,3,93.6508,23.1724,0.1209
nuscenes_mini_subset,scene-1094_001,pitch,2.0,pitch_2deg,34688,9.4817,3,84.3175,46.1722,0.1211
nuscenes_mini_subset,scene-1094_001,pitch,3.0,pitch_3deg,34688,9.0377,3,58.0787,68.9938,0.1359
nuscenes_mini_subset,scene-1094_001,roll,0.5,roll_0.5deg,34688,10.2514,3,100.0,3.7683,0.211
nuscenes_mini_subset,scene-1094_001,roll,1.0,roll_1deg,34688,10.2485,3,100.0,7.5173,0.2359
nuscenes_mini_subset,scene-1094_001,roll,2.0,roll_2deg,34688,10.2399,3,100.0,14.9804,0.15
nuscenes_mini_subset,scene-1094_001,roll,3.0,roll_3deg,34688,10.2399,3,90.6878,22.3773,0.1584
nuscenes_mini_subset,scene-1094_001,tx,0.02,tx_2cm,34688,10.2946,3,100.0,0.3763,0.181
nuscenes_mini_subset,scene-1094_001,tx,0.05,tx_5cm,34688,10.3523,3,100.0,0.9392,0.1821
nuscenes_mini_subset,scene-1094_001,tx,0.1,tx_10cm,34688,10.4272,3,100.0,1.8755,0.1912
nuscenes_mini_subset,scene-1094_001,ty,0.02,ty_2cm,34688,10.2658,3,100.0,0.8995,0.2038
nuscenes_mini_subset,scene-1094_001,ty,0.05,ty_5cm,34688,10.2571,3,100.0,2.241,0.221
nuscenes_mini_subset,scene-1094_001,ty,0.1,ty_10cm,34688,10.26,3,100.0,4.469,0.2486
nuscenes_mini_subset,scene-1094_001,tz,0.02,tz_2cm,34688,10.3263,3,100.0,0.9016,0.2272
nuscenes_mini_subset,scene-1094_001,tz,0.05,tz_5cm,34688,10.4099,3,97.6707,2.254,0.2919
nuscenes_mini_subset,scene-1094_001,tz,0.1,tz_10cm,34688,10.5108,3,97.51,4.5079,0.249
nuscenes_mini_subset,scene-1094_001,time,35.5,no_ego_motion,34688,10.2399,3,100.0,0.1132,0.1954
nuscenes_mini_subset,scene-1094_002,baseline,0.0,baseline,34720,10.2275,6,100.0,0.0,0.1856
nuscenes_mini_subset,scene-1094_002,yaw,0.5,yaw_0.5deg,34720,10.2419,6,100.0,12.6057,0.1898
nuscenes_mini_subset,scene-1094_002,yaw,1.0,yaw_1deg,34720,10.2275,6,95.231,25.1889,0.1503
nuscenes_mini_subset,scene-1094_002,yaw,2.0,yaw_2deg,34720,10.2074,6,79.1359,50.3152,0.1589
nuscenes_mini_subset,scene-1094_002,yaw,3.0,yaw_3deg,34720,10.2016,6,63.2527,75.4519,0.2067
nuscenes_mini_subset,scene-1094_002,pitch,0.5,pitch_0.5deg,34720,9.9856,6,100.0,11.6063,0.2399
nuscenes_mini_subset,scene-1094_002,pitch,1.0,pitch_1deg,34720,9.8733,6,97.4359,23.1758,0.1461
nuscenes_mini_subset,scene-1094_002,pitch,2.0,pitch_2deg,34720,9.4614,6,84.3959,46.1677,0.1067
nuscenes_mini_subset,scene-1094_002,pitch,3.0,pitch_3deg,34720,9.0438,6,80.4409,68.9792,0.1244
nuscenes_mini_subset,scene-1094_002,roll,0.5,roll_0.5deg,34720,10.2333,6,99.9554,3.7454,0.2273
nuscenes_mini_subset,scene-1094_002,roll,1.0,roll_1deg,34720,10.2275,6,99.9554,7.4795,0.2183
nuscenes_mini_subset,scene-1094_002,roll,2.0,roll_2deg,34720,10.2189,6,99.9109,14.9121,0.1994
nuscenes_mini_subset,scene-1094_002,roll,3.0,roll_3deg,34720,10.2189,6,89.176,22.2742,0.1767
nuscenes_mini_subset,scene-1094_002,tx,0.02,tx_2cm,34720,10.2535,6,100.0,0.3677,0.1941
nuscenes_mini_subset,scene-1094_002,tx,0.05,tx_5cm,34720,10.3024,6,100.0,0.9161,0.1819
nuscenes_mini_subset,scene-1094_002,tx,0.1,tx_10cm,34720,10.3802,6,100.0,1.8247,0.2048
nuscenes_mini_subset,scene-1094_002,ty,0.02,ty_2cm,34720,10.2247,6,100.0,0.8857,0.1925
nuscenes_mini_subset,scene-1094_002,ty,0.05,ty_5cm,34720,10.2189,6,100.0,2.2054,0.201
nuscenes_mini_subset,scene-1094_002,ty,0.1,ty_10cm,34720,10.2189,6,100.0,4.3807,0.2583
nuscenes_mini_subset,scene-1094_002,tz,0.02,tz_2cm,34720,10.3024,6,99.9554,0.8877,0.2871
nuscenes_mini_subset,scene-1094_002,tz,0.05,tz_5cm,34720,10.3859,6,99.9109,2.2192,0.3562
nuscenes_mini_subset,scene-1094_002,tz,0.1,tz_10cm,34720,10.4839,6,99.9109,4.4383,0.25
nuscenes_mini_subset,scene-1094_002,time,35.4,no_ego_motion,34720,10.2045,6,100.0,0.4741,0.2196
nuscenes_mini_subset,scene-1094_003,baseline,0.0,baseline,34688,10.3235,5,100.0,0.0,0.2595
nuscenes_mini_subset,scene-1094_003,yaw,0.5,yaw_0.5deg,34688,10.3292,5,99.2857,12.5749,0.2587
nuscenes_mini_subset,scene-1094_003,yaw,1.0,yaw_1deg,34688,10.3408,5,94.403,25.1319,0.2581
nuscenes_mini_subset,scene-1094_003,yaw,2.0,yaw_2deg,34688,10.3465,5,78.8945,50.233,0.1659
nuscenes_mini_subset,scene-1094_003,yaw,3.0,yaw_3deg,34688,10.309,5,67.8942,75.2698,0.1814
nuscenes_mini_subset,scene-1094_003,pitch,0.5,pitch_0.5deg,34688,10.0784,5,100.0,11.5991,0.2344
nuscenes_mini_subset,scene-1094_003,pitch,1.0,pitch_1deg,34688,9.9458,5,100.0,23.1425,0.1826
nuscenes_mini_subset,scene-1094_003,pitch,2.0,pitch_2deg,34688,9.5451,5,85.2109,46.0974,0.0741
nuscenes_mini_subset,scene-1094_003,pitch,3.0,pitch_3deg,34688,9.1184,5,75.2891,68.8988,0.0402
nuscenes_mini_subset,scene-1094_003,roll,0.5,roll_0.5deg,34688,10.3206,5,100.0,3.7403,0.2084
nuscenes_mini_subset,scene-1094_003,roll,1.0,roll_1deg,34688,10.3119,5,99.9454,7.4625,0.228
nuscenes_mini_subset,scene-1094_003,roll,2.0,roll_2deg,34688,10.3033,5,98.5168,14.8592,0.2123
nuscenes_mini_subset,scene-1094_003,roll,3.0,roll_3deg,34688,10.3062,5,90.4297,22.2078,0.145
nuscenes_mini_subset,scene-1094_003,tx,0.02,tx_2cm,34688,10.3609,5,100.0,0.3577,0.261
nuscenes_mini_subset,scene-1094_003,tx,0.05,tx_5cm,34688,10.4071,5,100.0,0.8934,0.2457
nuscenes_mini_subset,scene-1094_003,tx,0.1,tx_10cm,34688,10.4791,5,100.0,1.7841,0.2316
nuscenes_mini_subset,scene-1094_003,ty,0.02,ty_2cm,34688,10.3235,5,100.0,0.8733,0.2273
nuscenes_mini_subset,scene-1094_003,ty,0.05,ty_5cm,34688,10.3177,5,100.0,2.1794,0.2245
nuscenes_mini_subset,scene-1094_003,ty,0.1,ty_10cm,34688,10.3177,5,100.0,4.3389,0.207
nuscenes_mini_subset,scene-1094_003,tz,0.02,tz_2cm,34688,10.4042,5,99.9454,0.8722,0.2316
nuscenes_mini_subset,scene-1094_003,tz,0.05,tz_5cm,34688,10.4907,5,99.9454,2.1804,0.2765
nuscenes_mini_subset,scene-1094_003,tz,0.1,tz_10cm,34688,10.6002,5,99.9454,4.3607,0.3035
nuscenes_mini_subset,scene-1094_003,time,34.7,no_ego_motion,34688,10.2831,5,100.0,0.4716,0.2463
nuscenes_mini_subset,scene-1094_004,baseline,0.0,baseline,34720,10.3744,4,100.0,0.0,0.3295
nuscenes_mini_subset,scene-1094_004,yaw,0.5,yaw_0.5deg,34720,10.3658,4,98.2676,12.5673,0.2973
nuscenes_mini_subset,scene-1094_004,yaw,1.0,yaw_1deg,34720,10.3485,4,93.6203,25.1146,0.3076
nuscenes_mini_subset,scene-1094_004,yaw,2.0,yaw_2deg,34720,10.2477,4,90.7581,50.182,0.3183
nuscenes_mini_subset,scene-1094_004,yaw,3.0,yaw_3deg,34720,10.1699,4,88.0579,75.2393,0.406
nuscenes_mini_subset,scene-1094_004,pitch,0.5,pitch_0.5deg,34720,10.1382,4,100.0,11.5947,0.2458
nuscenes_mini_subset,scene-1094_004,pitch,1.0,pitch_1deg,34720,10.0029,4,100.0,23.1497,0.1943
nuscenes_mini_subset,scene-1094_004,pitch,2.0,pitch_2deg,34720,9.6112,4,90.931,46.1074,0.1655
nuscenes_mini_subset,scene-1094_004,pitch,3.0,pitch_3deg,34720,9.1705,4,78.5535,68.9628,0.0305
nuscenes_mini_subset,scene-1094_004,roll,0.5,roll_0.5deg,34720,10.3658,4,100.0,3.7497,0.2956
nuscenes_mini_subset,scene-1094_004,roll,1.0,roll_1deg,34720,10.3629,4,99.8611,7.4929,0.2686
nuscenes_mini_subset,scene-1094_004,roll,2.0,roll_2deg,34720,10.36,4,95.3315,14.9209,0.2673
nuscenes_mini_subset,scene-1094_004,roll,3.0,roll_3deg,34720,10.36,4,88.5233,22.3149,0.2963
nuscenes_mini_subset,scene-1094_004,tx,0.02,tx_2cm,34720,10.409,4,100.0,0.366,0.3391
nuscenes_mini_subset,scene-1094_004,tx,0.05,tx_5cm,34720,10.4493,4,100.0,0.9142,0.3034
nuscenes_mini_subset,scene-1094_004,tx,0.1,tx_10cm,34720,10.5357,4,100.0,1.8235,0.2751
nuscenes_mini_subset,scene-1094_004,ty,0.02,ty_2cm,34720,10.3687,4,100.0,0.8907,0.3197
nuscenes_mini_subset,scene-1094_004,ty,0.05,ty_5cm,34720,10.3715,4,99.1935,2.2264,0.2724
nuscenes_mini_subset,scene-1094_004,ty,0.1,ty_10cm,34720,10.3658,4,99.1935,4.4431,0.2218
nuscenes_mini_subset,scene-1094_004,tz,0.02,tz_2cm,34720,10.4551,4,99.8611,0.8913,0.3339
nuscenes_mini_subset,scene-1094_004,tz,0.05,tz_5cm,34720,10.5415,4,99.7222,2.2283,0.2872
nuscenes_mini_subset,scene-1094_004,tz,0.1,tz_10cm,34720,10.6509,4,99.7222,4.4565,0.3095
nuscenes_mini_subset,scene-1094_004,time,34.6,no_ego_motion,34720,10.2851,4,100.0,0.7082,0.3619
nuscenes_mini_subset,scene-1094_005,baseline,0.0,baseline,34752,10.2095,3,100.0,0.0,0.3432
nuscenes_mini_subset,scene-1094_005,yaw,0.5,yaw_0.5deg,34752,10.2152,3,99.8217,12.5767,0.2821
nuscenes_mini_subset,scene-1094_005,yaw,1.0,yaw_1deg,34752,10.2152,3,98.8999,25.1244,0.3478
nuscenes_mini_subset,scene-1094_005,yaw,2.0,yaw_2deg,34752,10.2267,3,96.1345,50.1963,0.381
nuscenes_mini_subset,scene-1094_005,yaw,3.0,yaw_3deg,34752,10.2699,3,91.971,75.2422,0.3251
nuscenes_mini_subset,scene-1094_005,pitch,0.5,pitch_0.5deg,34752,9.9706,3,100.0,11.5563,0.2531
nuscenes_mini_subset,scene-1094_005,pitch,1.0,pitch_1deg,34752,9.8613,3,100.0,23.0813,0.2093
nuscenes_mini_subset,scene-1094_005,pitch,2.0,pitch_2deg,34752,9.4469,3,85.5556,46.021,0.2901
nuscenes_mini_subset,scene-1094_005,pitch,3.0,pitch_3deg,34752,9.0211,3,65.3128,68.8163,0.2747
nuscenes_mini_subset,scene-1094_005,roll,0.5,roll_0.5deg,34752,10.221,3,100.0,3.7421,0.2541
nuscenes_mini_subset,scene-1094_005,roll,1.0,roll_1deg,34752,10.2267,3,100.0,7.4766,0.3047
nuscenes_mini_subset,scene-1094_005,roll,2.0,roll_2deg,34752,10.2239,3,90.1587,14.8618,0.3337
nuscenes_mini_subset,scene-1094_005,roll,3.0,roll_3deg,34752,10.2296,3,81.409,22.2429,0.3472
nuscenes_mini_subset,scene-1094_005,tx,0.02,tx_2cm,34752,10.2498,3,100.0,0.3643,0.3178
nuscenes_mini_subset,scene-1094_005,tx,0.05,tx_5cm,34752,10.3073,3,100.0,0.9097,0.3179
nuscenes_mini_subset,scene-1094_005,tx,0.1,tx_10cm,34752,10.4023,3,100.0,1.816,0.3072
nuscenes_mini_subset,scene-1094_005,ty,0.02,ty_2cm,34752,10.2009,3,100.0,0.8628,0.2816
nuscenes_mini_subset,scene-1094_005,ty,0.05,ty_5cm,34752,10.2152,3,100.0,2.1537,0.3242
nuscenes_mini_subset,scene-1094_005,ty,0.1,ty_10cm,34752,10.1951,3,99.8217,4.2412,0.3597
nuscenes_mini_subset,scene-1094_005,tz,0.02,tz_2cm,34752,10.2929,3,100.0,0.8665,0.3174
nuscenes_mini_subset,scene-1094_005,tz,0.05,tz_5cm,34752,10.3821,3,100.0,2.1662,0.4088
nuscenes_mini_subset,scene-1094_005,tz,0.1,tz_10cm,34752,10.4713,3,100.0,4.3322,0.4588
nuscenes_mini_subset,scene-1094_005,time,35.0,no_ego_motion,34752,10.0656,3,100.0,1.1474,0.3296
nuscenes_mini_subset,scene-1094_006,baseline,0.0,baseline,34688,10.384,4,100.0,0.0,0.2719
nuscenes_mini_subset,scene-1094_006,yaw,0.5,yaw_0.5deg,34688,10.4272,4,99.8741,12.6265,0.2395
nuscenes_mini_subset,scene-1094_006,yaw,1.0,yaw_1deg,34688,10.4618,4,98.7315,25.2281,0.2725
nuscenes_mini_subset,scene-1094_006,yaw,2.0,yaw_2deg,34688,10.4849,4,94.0687,50.3806,0.2135
nuscenes_mini_subset,scene-1094_006,yaw,3.0,yaw_3deg,34688,10.4676,4,87.8892,75.4419,0.2846
nuscenes_mini_subset,scene-1094_006,pitch,0.5,pitch_0.5deg,34688,10.1649,4,100.0,11.5509,0.3489
nuscenes_mini_subset,scene-1094_006,pitch,1.0,pitch_1deg,34688,10.0438,4,96.5,23.0563,0.2216
nuscenes_mini_subset,scene-1094_006,pitch,2.0,pitch_2deg,34688,9.646,4,68.375,46.0162,0.2234
nuscenes_mini_subset,scene-1094_006,pitch,3.0,pitch_3deg,34688,9.1991,4,55.2946,68.8238,0.1745
nuscenes_mini_subset,scene-1094_006,roll,0.5,roll_0.5deg,34688,10.3926,4,100.0,3.7704,0.3155
nuscenes_mini_subset,scene-1094_006,roll,1.0,roll_1deg,34688,10.4013,4,100.0,7.5283,0.3613
nuscenes_mini_subset,scene-1094_006,roll,2.0,roll_2deg,34688,10.4099,4,100.0,15.0038,0.3374
nuscenes_mini_subset,scene-1094_006,roll,3.0,roll_3deg,34688,10.4128,4,93.2652,22.4018,0.309
nuscenes_mini_subset,scene-1094_006,tx,0.02,tx_2cm,34688,10.4157,4,100.0,0.361,0.2477
nuscenes_mini_subset,scene-1094_006,tx,0.05,tx_5cm,34688,10.4705,4,100.0,0.901,0.265
nuscenes_mini_subset,scene-1094_006,tx,0.1,tx_10cm,34688,10.5714,4,100.0,1.7989,0.2619
nuscenes_mini_subset,scene-1094_006,ty,0.02,ty_2cm,34688,10.3811,4,100.0,0.8612,0.3083
nuscenes_mini_subset,scene-1094_006,ty,0.05,ty_5cm,34688,10.4013,4,100.0,2.1511,0.294
nuscenes_mini_subset,scene-1094_006,ty,0.1,ty_10cm,34688,10.4042,4,99.8741,4.2936,0.2803
nuscenes_mini_subset,scene-1094_006,tz,0.02,tz_2cm,34688,10.4734,4,100.0,0.8583,0.2327
nuscenes_mini_subset,scene-1094_006,tz,0.05,tz_5cm,34688,10.5685,4,100.0,2.1457,0.3382
nuscenes_mini_subset,scene-1094_006,tz,0.1,tz_10cm,34688,10.6752,4,100.0,4.2914,0.4025
nuscenes_mini_subset,scene-1094_006,time,34.9,no_ego_motion,34688,10.2946,4,100.0,2.1258,0.2115
nuscenes_mini_subset,scene-1094_007,baseline,0.0,baseline,34720,10.5933,3,91.2821,0.0,0.3362
nuscenes_mini_subset,scene-1094_007,yaw,0.5,yaw_0.5deg,34720,10.5876,3,89.0735,12.6357,0.3823
nuscenes_mini_subset,scene-1094_007,yaw,1.0,yaw_1deg,34720,10.5933,3,84.0692,25.2329,0.2765
nuscenes_mini_subset,scene-1094_007,yaw,2.0,yaw_2deg,34720,10.602,3,75.9958,50.3245,0.2982
nuscenes_mini_subset,scene-1094_007,yaw,3.0,yaw_3deg,34720,10.6048,3,68.5925,75.3424,0.3255
nuscenes_mini_subset,scene-1094_007,pitch,0.5,pitch_0.5deg,34720,10.3629,3,91.2821,11.5629,0.28
nuscenes_mini_subset,scene-1094_007,pitch,1.0,pitch_1deg,34720,10.2448,3,90.7692,23.0948,0.195
nuscenes_mini_subset,scene-1094_007,pitch,2.0,pitch_2deg,34720,9.807,3,83.0769,46.0761,0.1754
nuscenes_mini_subset,scene-1094_007,pitch,3.0,pitch_3deg,34720,9.3606,3,75.0108,68.8928,0.0654
nuscenes_mini_subset,scene-1094_007,roll,0.5,roll_0.5deg,34720,10.5904,3,91.2821,3.817,0.3415
nuscenes_mini_subset,scene-1094_007,roll,1.0,roll_1deg,34720,10.6106,3,91.2821,7.6244,0.4506
nuscenes_mini_subset,scene-1094_007,roll,2.0,roll_2deg,34720,10.602,3,85.9463,15.1757,0.3909
nuscenes_mini_subset,scene-1094_007,roll,3.0,roll_3deg,34720,10.602,3,85.2387,22.6547,0.2951
nuscenes_mini_subset,scene-1094_007,tx,0.02,tx_2cm,34720,10.6279,3,91.7949,0.3952,0.3021
nuscenes_mini_subset,scene-1094_007,tx,0.05,tx_5cm,34720,10.6855,3,92.3077,0.9871,0.3526
nuscenes_mini_subset,scene-1094_007,tx,0.1,tx_10cm,34720,10.769,3,92.3077,1.9709,0.3559
nuscenes_mini_subset,scene-1094_007,ty,0.02,ty_2cm,34720,10.5933,3,90.7692,0.9882,0.3405
nuscenes_mini_subset,scene-1094_007,ty,0.05,ty_5cm,34720,10.6048,3,90.7692,2.4706,0.3876
nuscenes_mini_subset,scene-1094_007,ty,0.1,ty_10cm,34720,10.5933,3,90.612,4.9382,0.4272
nuscenes_mini_subset,scene-1094_007,tz,0.02,tz_2cm,34720,10.6711,3,91.2821,0.9905,0.3056
nuscenes_mini_subset,scene-1094_007,tz,0.05,tz_5cm,34720,10.7604,3,90.4173,2.4761,0.3705
nuscenes_mini_subset,scene-1094_007,tz,0.1,tz_10cm,34720,10.8583,3,89.1594,4.9521,0.4126
nuscenes_mini_subset,scene-1094_007,time,37.7,no_ego_motion,34720,10.36,3,90.7692,2.6391,0.361
nuscenes_mini_subset,scene-1094_008,baseline,0.0,baseline,34752,10.4915,4,100.0,0.0,0.2946
nuscenes_mini_subset,scene-1094_008,yaw,0.5,yaw_0.5deg,34752,10.503,4,99.9396,12.632,0.3781
nuscenes_mini_subset,scene-1094_008,yaw,1.0,yaw_1deg,34752,10.5087,4,96.4567,25.2265,0.3078
nuscenes_mini_subset,scene-1094_008,yaw,2.0,yaw_2deg,34752,10.4944,4,87.3364,50.2707,0.3165
nuscenes_mini_subset,scene-1094_008,yaw,3.0,yaw_3deg,34752,10.5116,4,63.2383,75.1273,0.23
nuscenes_mini_subset,scene-1094_008,pitch,0.5,pitch_0.5deg,34752,10.2526,4,88.8889,11.5991,0.3353
nuscenes_mini_subset,scene-1094_008,pitch,1.0,pitch_1deg,34752,10.1347,4,88.8889,23.1578,0.3652
nuscenes_mini_subset,scene-1094_008,pitch,2.0,pitch_2deg,34752,9.703,4,70.2899,46.1898,0.1332
nuscenes_mini_subset,scene-1094_008,pitch,3.0,pitch_3deg,34752,9.2714,4,69.3841,69.0428,0.1966
nuscenes_mini_subset,scene-1094_008,roll,0.5,roll_0.5deg,34752,10.5087,4,100.0,3.8144,0.2787
nuscenes_mini_subset,scene-1094_008,roll,1.0,roll_1deg,34752,10.5174,4,100.0,7.6202,0.3599
nuscenes_mini_subset,scene-1094_008,roll,2.0,roll_2deg,34752,10.5174,4,100.0,15.1916,0.3026
nuscenes_mini_subset,scene-1094_008,roll,3.0,roll_3deg,34752,10.5289,4,98.4903,22.6703,0.2894
nuscenes_mini_subset,scene-1094_008,tx,0.02,tx_2cm,34752,10.5318,4,100.0,0.4025,0.3258
nuscenes_mini_subset,scene-1094_008,tx,0.05,tx_5cm,34752,10.5951,4,100.0,1.0052,0.2951
nuscenes_mini_subset,scene-1094_008,tx,0.1,tx_10cm,34752,10.6699,4,100.0,2.0069,0.2843
nuscenes_mini_subset,scene-1094_008,ty,0.02,ty_2cm,34752,10.5001,4,100.0,1.0754,0.3328
nuscenes_mini_subset,scene-1094_008,ty,0.05,ty_5cm,34752,10.5001,4,100.0,2.6876,0.3667
nuscenes_mini_subset,scene-1094_008,ty,0.1,ty_10cm,34752,10.503,4,99.9396,5.3561,0.3226
nuscenes_mini_subset,scene-1094_008,tz,0.02,tz_2cm,34752,10.5749,4,100.0,1.0795,0.3291
nuscenes_mini_subset,scene-1094_008,tz,0.05,tz_5cm,34752,10.6728,4,100.0,2.6987,0.3576
nuscenes_mini_subset,scene-1094_008,tz,0.1,tz_10cm,34752,10.762,4,100.0,5.3972,0.2221
nuscenes_mini_subset,scene-1094_008,time,35.2,no_ego_motion,34752,10.2469,4,99.9396,2.5675,0.3372
nuscenes_mini_subset,scene-1094_009,baseline,0.0,baseline,34720,10.4263,3,100.0,0.0,0.3977
nuscenes_mini_subset,scene-1094_009,yaw,0.5,yaw_0.5deg,34720,10.4378,3,100.0,12.5645,0.3009
nuscenes_mini_subset,scene-1094_009,yaw,1.0,yaw_1deg,34720,10.4637,3,96.5729,25.108,0.2954
nuscenes_mini_subset,scene-1094_009,yaw,2.0,yaw_2deg,34720,10.4724,3,83.6517,50.0864,0.2972
nuscenes_mini_subset,scene-1094_009,yaw,3.0,yaw_3deg,34720,10.4868,3,54.7886,74.9864,0.2928
nuscenes_mini_subset,scene-1094_009,pitch,0.5,pitch_0.5deg,34720,10.1786,3,100.0,11.5991,0.3115
nuscenes_mini_subset,scene-1094_009,pitch,1.0,pitch_1deg,34720,10.0634,3,72.7273,23.1858,0.38
nuscenes_mini_subset,scene-1094_009,pitch,2.0,pitch_2deg,34720,9.6486,3,67.4478,46.2081,0.2428
nuscenes_mini_subset,scene-1094_009,pitch,3.0,pitch_3deg,34720,9.2166,3,57.8157,69.1239,0.2041
nuscenes_mini_subset,scene-1094_009,roll,0.5,roll_0.5deg,34720,10.4349,3,100.0,3.7489,0.4229
nuscenes_mini_subset,scene-1094_009,roll,1.0,roll_1deg,34720,10.4407,3,100.0,7.4816,0.3768
nuscenes_mini_subset,scene-1094_009,roll,2.0,roll_2deg,34720,10.4378,3,100.0,14.9197,0.3642
nuscenes_mini_subset,scene-1094_009,roll,3.0,roll_3deg,34720,10.4551,3,94.8413,22.3108,0.3383
nuscenes_mini_subset,scene-1094_009,tx,0.02,tx_2cm,34720,10.4551,3,100.0,0.4162,0.393
nuscenes_mini_subset,scene-1094_009,tx,0.05,tx_5cm,34720,10.5156,3,100.0,1.0398,0.4155
nuscenes_mini_subset,scene-1094_009,tx,0.1,tx_10cm,34720,10.6221,3,100.0,2.076,0.4538
nuscenes_mini_subset,scene-1094_009,ty,0.02,ty_2cm,34720,10.4176,3,100.0,1.161,0.3871
nuscenes_mini_subset,scene-1094_009,ty,0.05,ty_5cm,34720,10.4263,3,100.0,2.9015,0.3703
nuscenes_mini_subset,scene-1094_009,ty,0.1,ty_10cm,34720,10.432,3,100.0,5.8029,0.3933
nuscenes_mini_subset,scene-1094_009,tz,0.02,tz_2cm,34720,10.5098,3,100.0,1.1628,0.4445
nuscenes_mini_subset,scene-1094_009,tz,0.05,tz_5cm,34720,10.6077,3,100.0,2.907,0.3913
nuscenes_mini_subset,scene-1094_009,tz,0.1,tz_10cm,34720,10.7028,3,100.0,5.8138,0.4072
nuscenes_mini_subset,scene-1094_009,time,35.6,no_ego_motion,34720,10.2189,3,100.0,3.7298,0.3675
nuscenes_mini_subset,scene-1094_010,baseline,0.0,baseline,34688,10.3552,5,100.0,0.0,0.1998
nuscenes_mini_subset,scene-1094_010,yaw,0.5,yaw_0.5deg,34688,10.3609,5,100.0,12.6495,0.1893
nuscenes_mini_subset,scene-1094_010,yaw,1.0,yaw_1deg,34688,10.3782,5,100.0,25.2767,0.2279
nuscenes_mini_subset,scene-1094_010,yaw,2.0,yaw_2deg,34688,10.4042,5,83.8149,50.4468,0.3187
nuscenes_mini_subset,scene-1094_010,yaw,3.0,yaw_3deg,34688,10.4301,5,64.4373,75.5165,0.2574
nuscenes_mini_subset,scene-1094_010,pitch,0.5,pitch_0.5deg,34688,10.1101,5,98.1818,11.6434,0.3559
nuscenes_mini_subset,scene-1094_010,pitch,1.0,pitch_1deg,34688,9.9833,5,86.081,23.2578,0.2592
nuscenes_mini_subset,scene-1094_010,pitch,2.0,pitch_2deg,34688,9.5768,5,63.5035,46.315,0.1877
nuscenes_mini_subset,scene-1094_010,pitch,3.0,pitch_3deg,34688,9.1357,5,47.9002,69.343,0.2014
nuscenes_mini_subset,scene-1094_010,roll,0.5,roll_0.5deg,34688,10.3638,5,100.0,3.8014,0.2766
nuscenes_mini_subset,scene-1094_010,roll,1.0,roll_1deg,34688,10.3638,5,100.0,7.5964,0.3253
nuscenes_mini_subset,scene-1094_010,roll,2.0,roll_2deg,34688,10.3638,5,96.3636,15.1131,0.3024
nuscenes_mini_subset,scene-1094_010,roll,3.0,roll_3deg,34688,10.358,5,91.9886,22.6095,0.2277
nuscenes_mini_subset,scene-1094_010,tx,0.02,tx_2cm,34688,10.4013,5,100.0,0.4675,0.211
nuscenes_mini_subset,scene-1094_010,tx,0.05,tx_5cm,34688,10.4474,5,100.0,1.1675,0.2178
nuscenes_mini_subset,scene-1094_010,tx,0.1,tx_10cm,34688,10.5541,5,100.0,2.3299,0.2096
nuscenes_mini_subset,scene-1094_010,ty,0.02,ty_2cm,34688,10.3465,5,100.0,1.3096,0.2375
nuscenes_mini_subset,scene-1094_010,ty,0.05,ty_5cm,34688,10.3494,5,100.0,3.2718,0.2298
nuscenes_mini_subset,scene-1094_010,ty,0.1,ty_10cm,34688,10.3465,5,100.0,6.5257,0.2303
nuscenes_mini_subset,scene-1094_010,tz,0.02,tz_2cm,34688,10.4417,5,100.0,1.3104,0.1936
nuscenes_mini_subset,scene-1094_010,tz,0.05,tz_5cm,34688,10.5368,5,100.0,3.2758,0.3027
nuscenes_mini_subset,scene-1094_010,tz,0.1,tz_10cm,34688,10.6262,5,100.0,6.5513,0.2458
nuscenes_mini_subset,scene-1094_010,time,35.0,no_ego_motion,34688,10.0698,5,98.1818,7.4298,0.2087
nuscenes_mini_subset,scene-1094_011,baseline,0.0,baseline,34688,10.26,5,99.7753,0.0,0.3834
nuscenes_mini_subset,scene-1094_011,yaw,0.5,yaw_0.5deg,34688,10.2831,5,98.8764,12.6359,0.2901
nuscenes_mini_subset,scene-1094_011,yaw,1.0,yaw_1deg,34688,10.3177,5,96.9222,25.256,0.3084
nuscenes_mini_subset,scene-1094_011,yaw,2.0,yaw_2deg,34688,10.3753,5,88.1884,50.4154,0.4176
nuscenes_mini_subset,scene-1094_011,yaw,3.0,yaw_3deg,34688,10.3955,5,74.543,75.4711,0.4976
nuscenes_mini_subset,scene-1094_011,pitch,0.5,pitch_0.5deg,34688,10.0092,5,94.614,11.6483,0.1015
nuscenes_mini_subset,scene-1094_011,pitch,1.0,pitch_1deg,34688,9.9054,5,94.614,23.2825,0.1036
nuscenes_mini_subset,scene-1094_011,pitch,2.0,pitch_2deg,34688,9.4788,5,64.3242,46.404,0.1608
nuscenes_mini_subset,scene-1094_011,pitch,3.0,pitch_3deg,34688,9.0377,5,53.9937,69.4553,0.0749
nuscenes_mini_subset,scene-1094_011,roll,0.5,roll_0.5deg,34688,10.2571,5,99.7753,3.8069,0.373
nuscenes_mini_subset,scene-1094_011,roll,1.0,roll_1deg,34688,10.2629,5,99.7753,7.5956,0.3599
nuscenes_mini_subset,scene-1094_011,roll,2.0,roll_2deg,34688,10.2571,5,99.7753,15.1224,0.3011
nuscenes_mini_subset,scene-1094_011,roll,3.0,roll_3deg,34688,10.2456,5,90.5798,22.5776,0.2694
nuscenes_mini_subset,scene-1094_011,tx,0.02,tx_2cm,34688,10.2917,5,99.7753,0.4945,0.3934
nuscenes_mini_subset,scene-1094_011,tx,0.05,tx_5cm,34688,10.3494,5,99.7753,1.2346,0.3951
nuscenes_mini_subset,scene-1094_011,tx,0.1,tx_10cm,34688,10.433,5,99.7753,2.464,0.3609
nuscenes_mini_subset,scene-1094_011,ty,0.02,ty_2cm,34688,10.2485,5,99.5506,1.4606,0.3638
nuscenes_mini_subset,scene-1094_011,ty,0.05,ty_5cm,34688,10.2629,5,99.3258,3.651,0.3764
nuscenes_mini_subset,scene-1094_011,ty,0.1,ty_10cm,34688,10.2629,5,99.3258,7.293,0.3054
nuscenes_mini_subset,scene-1094_011,tz,0.02,tz_2cm,34688,10.3408,5,99.7753,1.4653,0.2762
nuscenes_mini_subset,scene-1094_011,tz,0.05,tz_5cm,34688,10.4359,5,99.7753,3.663,0.1999
nuscenes_mini_subset,scene-1094_011,tz,0.1,tz_10cm,34688,10.5281,5,99.7753,7.3256,0.3217
nuscenes_mini_subset,scene-1094_011,time,34.9,no_ego_motion,34688,9.9545,5,100.0,11.5219,0.349
nuscenes_mini_subset,scene-1094_012,baseline,0.0,baseline,34752,9.7376,6,100.0,0.0,-0.0066
nuscenes_mini_subset,scene-1094_012,yaw,0.5,yaw_0.5deg,34752,9.7721,6,99.8667,12.5895,-0.039
nuscenes_mini_subset,scene-1094_012,yaw,1.0,yaw_1deg,34752,9.8383,6,98.3556,25.17,-0.0141
nuscenes_mini_subset,scene-1094_012,yaw,2.0,yaw_2deg,34752,9.9534,6,88.5763,50.2731,0.0379
nuscenes_mini_subset,scene-1094_012,yaw,3.0,yaw_3deg,34752,10.0109,6,75.905,75.3058,0.0049
nuscenes_mini_subset,scene-1094_012,pitch,0.5,pitch_0.5deg,34752,9.5102,6,100.0,11.6698,0.0719
nuscenes_mini_subset,scene-1094_012,pitch,1.0,pitch_1deg,34752,9.3808,6,100.0,23.3446,0.1584
nuscenes_mini_subset,scene-1094_012,pitch,2.0,pitch_2deg,34752,8.9693,6,58.7552,46.5299,0.2051
nuscenes_mini_subset,scene-1094_012,pitch,3.0,pitch_3deg,34752,8.5376,6,49.9329,69.5997,0.0258
nuscenes_mini_subset,scene-1094_012,roll,0.5,roll_0.5deg,34752,9.7404,6,100.0,3.6843,-0.0151
nuscenes_mini_subset,scene-1094_012,roll,1.0,roll_1deg,34752,9.7347,6,100.0,7.3538,0.0078
nuscenes_mini_subset,scene-1094_012,roll,2.0,roll_2deg,34752,9.7347,6,100.0,14.6672,0.1115
nuscenes_mini_subset,scene-1094_012,roll,3.0,roll_3deg,34752,9.7289,6,95.5556,21.9323,0.1441
nuscenes_mini_subset,scene-1094_012,tx,0.02,tx_2cm,34752,9.775,6,100.0,0.5643,-0.0105
nuscenes_mini_subset,scene-1094_012,tx,0.05,tx_5cm,34752,9.8239,6,100.0,1.4082,0.0156
nuscenes_mini_subset,scene-1094_012,tx,0.1,tx_10cm,34752,9.9217,6,100.0,2.806,0.0013
nuscenes_mini_subset,scene-1094_012,ty,0.02,ty_2cm,34752,9.7347,6,100.0,1.6779,0.0012
nuscenes_mini_subset,scene-1094_012,ty,0.05,ty_5cm,34752,9.7462,6,100.0,4.1931,-0.0565
nuscenes_mini_subset,scene-1094_012,ty,0.1,ty_10cm,34752,9.7433,6,100.0,8.37,-0.0686
nuscenes_mini_subset,scene-1094_012,tz,0.02,tz_2cm,34752,9.821,6,100.0,1.6791,-0.0188
nuscenes_mini_subset,scene-1094_012,tz,0.05,tz_5cm,34752,9.9217,6,100.0,4.1975,0.0721
nuscenes_mini_subset,scene-1094_012,tz,0.1,tz_10cm,34752,10.0138,6,100.0,8.3945,0.1814
nuscenes_mini_subset,scene-1094_012,time,35.3,no_ego_motion,34752,9.4297,6,99.0301,16.0836,0.0511
nuscenes_mini_subset,scene-1094_013,baseline,0.0,baseline,34752,9.1419,7,100.0,0.0,0.2936
nuscenes_mini_subset,scene-1094_013,yaw,0.5,yaw_0.5deg,34752,9.1534,7,100.0,12.6199,0.271
nuscenes_mini_subset,scene-1094_013,yaw,1.0,yaw_1deg,34752,9.1707,7,97.6844,25.2059,0.3012
nuscenes_mini_subset,scene-1094_013,yaw,2.0,yaw_2deg,34752,9.2167,7,81.7599,50.2884,0.3405
nuscenes_mini_subset,scene-1094_013,yaw,3.0,yaw_3deg,34752,9.2743,7,61.3333,75.2826,0.3259
nuscenes_mini_subset,scene-1094_013,pitch,0.5,pitch_0.5deg,34752,8.8887,7,100.0,11.7249,0.1148
nuscenes_mini_subset,scene-1094_013,pitch,1.0,pitch_1deg,34752,8.7822,7,94.2857,23.448,0.0941
nuscenes_mini_subset,scene-1094_013,pitch,2.0,pitch_2deg,34752,8.3794,7,60.415,46.8837,0.2167
nuscenes_mini_subset,scene-1094_013,pitch,3.0,pitch_3deg,34752,7.9362,7,32.9687,69.9878,0.1606
nuscenes_mini_subset,scene-1094_013,roll,0.5,roll_0.5deg,34752,9.1362,7,100.0,3.7101,0.4039
nuscenes_mini_subset,scene-1094_013,roll,1.0,roll_1deg,34752,9.1477,7,100.0,7.3978,0.2023
nuscenes_mini_subset,scene-1094_013,roll,2.0,roll_2deg,34752,9.1448,7,99.0476,14.7621,0.1704
nuscenes_mini_subset,scene-1094_013,roll,3.0,roll_3deg,34752,9.139,7,74.8299,22.0192,0.2118
nuscenes_mini_subset,scene-1094_013,tx,0.02,tx_2cm,34752,9.1937,7,100.0,0.5909,0.3104
nuscenes_mini_subset,scene-1094_013,tx,0.05,tx_5cm,34752,9.2398,7,100.0,1.4752,0.3519
nuscenes_mini_subset,scene-1094_013,tx,0.1,tx_10cm,34752,9.3232,7,100.0,2.9427,0.2965
nuscenes_mini_subset,scene-1094_013,ty,0.02,ty_2cm,34752,9.1419,7,100.0,1.9482,0.2781
nuscenes_mini_subset,scene-1094_013,ty,0.05,ty_5cm,34752,9.1477,7,100.0,4.8671,0.3058
nuscenes_mini_subset,scene-1094_013,ty,0.1,ty_10cm,34752,9.1362,7,100.0,9.7025,0.2605
nuscenes_mini_subset,scene-1094_013,tz,0.02,tz_2cm,34752,9.2282,7,100.0,1.9523,0.2798
nuscenes_mini_subset,scene-1094_013,tz,0.05,tz_5cm,34752,9.3261,7,100.0,4.8805,0.3098
nuscenes_mini_subset,scene-1094_013,tz,0.1,tz_10cm,34752,9.4182,7,100.0,9.7604,0.3006
nuscenes_mini_subset,scene-1094_013,time,35.3,no_ego_motion,34752,8.834,7,99.4218,19.4922,0.2618
nuscenes_mini_subset,scene-1094_014,baseline,0.0,baseline,34720,8.3497,8,100.0,0.0,0.3577
nuscenes_mini_subset,scene-1094_014,yaw,0.5,yaw_0.5deg,34720,8.3612,8,100.0,12.7455,0.1341
nuscenes_mini_subset,scene-1094_014,yaw,1.0,yaw_1deg,34720,8.3929,8,97.234,25.4684,0.2233
nuscenes_mini_subset,scene-1094_014,yaw,2.0,yaw_2deg,34720,8.4677,8,81.2437,50.8504,0.2273
nuscenes_mini_subset,scene-1094_014,yaw,3.0,yaw_3deg,34720,8.5657,8,64.1424,76.167,0.1267
nuscenes_mini_subset,scene-1094_014,pitch,0.5,pitch_0.5deg,34720,8.1279,8,99.2188,11.8616,0.2563
nuscenes_mini_subset,scene-1094_014,pitch,1.0,pitch_1deg,34720,8.0098,8,95.1774,23.7139,0.2416
nuscenes_mini_subset,scene-1094_014,pitch,2.0,pitch_2deg,34720,7.5864,8,63.3384,47.2283,0.2422
nuscenes_mini_subset,scene-1094_014,pitch,3.0,pitch_3deg,34720,7.1659,8,43.4934,70.8148,0.1803
nuscenes_mini_subset,scene-1094_014,roll,0.5,roll_0.5deg,34720,8.3439,8,100.0,3.9346,0.4568
nuscenes_mini_subset,scene-1094_014,roll,1.0,roll_1deg,34720,8.3497,8,100.0,7.8378,0.3116
nuscenes_mini_subset,scene-1094_014,roll,2.0,roll_2deg,34720,8.3525,8,99.9359,15.6185,0.3088
nuscenes_mini_subset,scene-1094_014,roll,3.0,roll_3deg,34720,8.3641,8,97.3791,23.3345,0.2883
nuscenes_mini_subset,scene-1094_014,tx,0.02,tx_2cm,34720,8.3813,8,100.0,0.7145,0.2923
nuscenes_mini_subset,scene-1094_014,tx,0.05,tx_5cm,34720,8.4332,8,100.0,1.7808,0.266
nuscenes_mini_subset,scene-1094_014,tx,0.1,tx_10cm,34720,8.5513,8,100.0,3.5409,0.31
nuscenes_mini_subset,scene-1094_014,ty,0.02,ty_2cm,34720,8.3353,8,100.0,2.3151,0.3066
nuscenes_mini_subset,scene-1094_014,ty,0.05,ty_5cm,34720,8.3525,8,100.0,5.7819,0.3148
nuscenes_mini_subset,scene-1094_014,ty,0.1,ty_10cm,34720,8.3612,8,100.0,11.5558,0.2121
nuscenes_mini_subset,scene-1094_014,tz,0.02,tz_2cm,34720,8.4418,8,100.0,2.3135,0.2864
nuscenes_mini_subset,scene-1094_014,tz,0.05,tz_5cm,34720,8.5513,8,100.0,5.7835,0.4061
nuscenes_mini_subset,scene-1094_014,tz,0.1,tz_10cm,34720,8.6492,8,100.0,11.5659,0.3732
nuscenes_mini_subset,scene-1094_014,time,35.6,no_ego_motion,34720,8.0703,8,98.3027,21.272,0.2086
nuscenes_mini_subset,scene-1094_015,baseline,0.0,baseline,34752,8.129,6,99.2218,0.0,0.1733
nuscenes_mini_subset,scene-1094_015,yaw,0.5,yaw_0.5deg,34752,8.1664,6,99.5945,12.9424,0.177
nuscenes_mini_subset,scene-1094_015,yaw,1.0,yaw_1deg,34752,8.1492,6,96.6646,25.8398,0.11
nuscenes_mini_subset,scene-1094_015,yaw,2.0,yaw_2deg,34752,8.1434,6,82.6824,51.5181,0.0288
nuscenes_mini_subset,scene-1094_015,yaw,3.0,yaw_3deg,34752,8.129,6,64.7402,76.9667,-0.0184
nuscenes_mini_subset,scene-1094_015,pitch,0.5,pitch_0.5deg,34752,7.9161,6,97.3699,11.8838,0.2246
nuscenes_mini_subset,scene-1094_015,pitch,1.0,pitch_1deg,34752,7.7952,6,94.0366,23.7688,0.1128
nuscenes_mini_subset,scene-1094_015,pitch,2.0,pitch_2deg,34752,7.3924,6,65.9835,47.5519,0.1393
nuscenes_mini_subset,scene-1094_015,pitch,3.0,pitch_3deg,34752,6.9723,6,39.9446,70.9409,0.0528
nuscenes_mini_subset,scene-1094_015,roll,0.5,roll_0.5deg,34752,8.1319,6,99.2218,4.2457,0.149
nuscenes_mini_subset,scene-1094_015,roll,1.0,roll_1deg,34752,8.152,6,99.2866,8.4701,0.155
nuscenes_mini_subset,scene-1094_015,roll,2.0,roll_2deg,34752,8.1607,6,99.3515,16.9047,0.066
nuscenes_mini_subset,scene-1094_015,roll,3.0,roll_3deg,34752,8.1636,6,99.4812,25.2892,0.1402
nuscenes_mini_subset,scene-1094_015,tx,0.02,tx_2cm,34752,8.1779,6,99.2218,0.7414,0.1974
nuscenes_mini_subset,scene-1094_015,tx,0.05,tx_5cm,34752,8.2441,6,99.4812,1.8497,0.1969
nuscenes_mini_subset,scene-1094_015,tx,0.1,tx_10cm,34752,8.3506,6,99.4812,3.6871,0.2095
nuscenes_mini_subset,scene-1094_015,ty,0.02,ty_2cm,34752,8.1377,6,99.4163,2.4646,0.1727
nuscenes_mini_subset,scene-1094_015,ty,0.05,ty_5cm,34752,8.1434,6,99.4812,6.1604,0.1961
nuscenes_mini_subset,scene-1094_015,ty,0.1,ty_10cm,34752,8.1607,6,99.8054,12.3126,0.2056
nuscenes_mini_subset,scene-1094_015,tz,0.02,tz_2cm,34752,8.2269,6,99.2218,2.4606,0.1979
nuscenes_mini_subset,scene-1094_015,tz,0.05,tz_5cm,34752,8.3333,6,99.2218,6.1512,0.1526
nuscenes_mini_subset,scene-1094_015,tz,0.1,tz_10cm,34752,8.4312,6,99.2218,12.3013,0.1723
nuscenes_mini_subset,scene-1094_015,time,36.0,no_ego_motion,34752,7.8211,6,97.9732,20.6011,0.2417
nuscenes_mini_subset,scene-1094_016,baseline,0.0,baseline,34816,8.0136,4,100.0,0.0,0.28
nuscenes_mini_subset,scene-1094_016,yaw,0.5,yaw_0.5deg,34816,8.0164,4,99.5763,12.7682,0.242
nuscenes_mini_subset,scene-1094_016,yaw,1.0,yaw_1deg,34816,8.048,4,94.317,25.5239,0.1472
nuscenes_mini_subset,scene-1094_016,yaw,2.0,yaw_2deg,34816,8.1141,4,80.6101,50.9778,0.2021
nuscenes_mini_subset,scene-1094_016,yaw,3.0,yaw_3deg,34816,8.1284,4,60.6706,76.324,0.1806
nuscenes_mini_subset,scene-1094_016,pitch,0.5,pitch_0.5deg,34816,7.7809,4,100.0,11.8151,0.1532
nuscenes_mini_subset,scene-1094_016,pitch,1.0,pitch_1deg,34816,7.6804,4,88.8001,23.6402,0.0898
nuscenes_mini_subset,scene-1094_016,pitch,2.0,pitch_2deg,34816,7.2639,4,83.6961,47.1679,0.1653
nuscenes_mini_subset,scene-1094_016,pitch,3.0,pitch_3deg,34816,6.8388,4,39.3507,70.3687,0.216
nuscenes_mini_subset,scene-1094_016,roll,0.5,roll_0.5deg,34816,8.0193,4,100.0,4.0629,0.2321
nuscenes_mini_subset,scene-1094_016,roll,1.0,roll_1deg,34816,8.0365,4,100.0,8.1182,0.1885
nuscenes_mini_subset,scene-1094_016,roll,2.0,roll_2deg,34816,8.0337,4,93.75,16.1829,0.1182
nuscenes_mini_subset,scene-1094_016,roll,3.0,roll_3deg,34816,8.0452,4,91.4773,24.1848,0.1302
nuscenes_mini_subset,scene-1094_016,tx,0.02,tx_2cm,34816,8.0509,4,100.0,0.6739,0.2655
nuscenes_mini_subset,scene-1094_016,tx,0.05,tx_5cm,34816,8.117,4,100.0,1.6808,0.288
nuscenes_mini_subset,scene-1094_016,tx,0.1,tx_10cm,34816,8.2175,4,100.0,3.3493,0.274
nuscenes_mini_subset,scene-1094_016,ty,0.02,ty_2cm,34816,8.0078,4,100.0,2.3452,0.2668
nuscenes_mini_subset,scene-1094_016,ty,0.05,ty_5cm,34816,8.0021,4,100.0,5.7948,0.2257
nuscenes_mini_subset,scene-1094_016,ty,0.1,ty_10cm,34816,8.0078,4,99.5763,11.5128,0.2363
nuscenes_mini_subset,scene-1094_016,tz,0.02,tz_2cm,34816,8.1026,4,100.0,2.3678,0.2433
nuscenes_mini_subset,scene-1094_016,tz,0.05,tz_5cm,34816,8.2031,4,100.0,5.9191,0.2123
nuscenes_mini_subset,scene-1094_016,tz,0.1,tz_10cm,34816,8.295,4,100.0,11.8373,0.18
nuscenes_mini_subset,scene-1094_016,time,37.0,no_ego_motion,34816,7.6315,4,99.5763,9.9553,0.2973
nuscenes_mini_subset,scene-1094_017,baseline,0.0,baseline,34752,8.0427,4,100.0,0.0,0.1674
nuscenes_mini_subset,scene-1094_017,yaw,0.5,yaw_0.5deg,34752,8.0369,4,99.4444,12.7436,0.2473
nuscenes_mini_subset,scene-1094_017,yaw,1.0,yaw_1deg,34752,8.0312,4,96.6667,25.4695,0.1484
nuscenes_mini_subset,scene-1094_017,yaw,2.0,yaw_2deg,34752,8.0168,4,89.072,50.7855,0.203
nuscenes_mini_subset,scene-1094_017,yaw,3.0,yaw_3deg,34752,8.0168,4,68.9362,76.0432,0.2122
nuscenes_mini_subset,scene-1094_017,pitch,0.5,pitch_0.5deg,34752,7.7837,4,100.0,11.8379,0.2031
nuscenes_mini_subset,scene-1094_017,pitch,1.0,pitch_1deg,34752,7.683,4,97.7273,23.6896,0.2548
nuscenes_mini_subset,scene-1094_017,pitch,2.0,pitch_2deg,34752,7.2629,4,89.0236,47.1388,0.2351
nuscenes_mini_subset,scene-1094_017,pitch,3.0,pitch_3deg,34752,6.8428,4,40.6439,70.4808,0.159
nuscenes_mini_subset,scene-1094_017,roll,0.5,roll_0.5deg,34752,8.0427,4,100.0,4.002,0.1908
nuscenes_mini_subset,scene-1094_017,roll,1.0,roll_1deg,34752,8.0571,4,100.0,7.9944,0.1837
nuscenes_mini_subset,scene-1094_017,roll,2.0,roll_2deg,34752,8.0715,4,97.7273,15.9167,0.2241
nuscenes_mini_subset,scene-1094_017,roll,3.0,roll_3deg,34752,8.083,4,95.8754,23.8173,0.2113
nuscenes_mini_subset,scene-1094_017,tx,0.02,tx_2cm,34752,8.0772,4,100.0,0.7211,0.1683
nuscenes_mini_subset,scene-1094_017,tx,0.05,tx_5cm,34752,8.1377,4,100.0,1.7998,0.1649
nuscenes_mini_subset,scene-1094_017,tx,0.1,tx_10cm,34752,8.2355,4,100.0,3.5896,0.1919
nuscenes_mini_subset,scene-1094_017,ty,0.02,ty_2cm,34752,8.0341,4,100.0,2.4244,0.1791
nuscenes_mini_subset,scene-1094_017,ty,0.05,ty_5cm,34752,8.0456,4,100.0,6.0477,0.1685
nuscenes_mini_subset,scene-1094_017,ty,0.1,ty_10cm,34752,8.0456,4,100.0,12.0819,0.1964
nuscenes_mini_subset,scene-1094_017,tz,0.02,tz_2cm,34752,8.1262,4,100.0,2.4311,0.1581
nuscenes_mini_subset,scene-1094_017,tz,0.05,tz_5cm,34752,8.2182,4,100.0,6.0775,0.1663
nuscenes_mini_subset,scene-1094_017,tz,0.1,tz_10cm,34752,8.3333,4,100.0,12.1539,0.1409
nuscenes_mini_subset,scene-1094_017,time,38.0,no_ego_motion,34752,7.6341,4,100.0,7.4582,0.1931
nuscenes_mini_subset,scene-1094_018,baseline,0.0,baseline,34688,7.9739,3,94.5578,0.0,0.2809
nuscenes_mini_subset,scene-1094_018,yaw,0.5,yaw_0.5deg,34688,7.948,3,94.3311,12.6822,0.2633
nuscenes_mini_subset,scene-1094_018,yaw,1.0,yaw_1deg,34688,7.948,3,89.7052,25.3376,0.2141
nuscenes_mini_subset,scene-1094_018,yaw,2.0,yaw_2deg,34688,7.899,3,83.356,50.5441,0.203
nuscenes_mini_subset,scene-1094_018,yaw,3.0,yaw_3deg,34688,7.8644,3,63.3787,75.7168,0.2379
nuscenes_mini_subset,scene-1094_018,pitch,0.5,pitch_0.5deg,34688,7.6972,3,94.5578,11.782,0.2513
nuscenes_mini_subset,scene-1094_018,pitch,1.0,pitch_1deg,34688,7.6021,3,91.2245,23.5615,0.315
nuscenes_mini_subset,scene-1094_018,pitch,2.0,pitch_2deg,34688,7.184,3,79.3197,47.0667,0.2967
nuscenes_mini_subset,scene-1094_018,pitch,3.0,pitch_3deg,34688,6.743,3,46.0317,70.214,0.2522
nuscenes_mini_subset,scene-1094_018,roll,0.5,roll_0.5deg,34688,7.9826,3,94.5578,4.0088,0.3081
nuscenes_mini_subset,scene-1094_018,roll,1.0,roll_1deg,34688,7.9912,3,94.5578,7.9985,0.319
nuscenes_mini_subset,scene-1094_018,roll,2.0,roll_2deg,34688,7.9912,3,94.5578,15.9313,0.2894
nuscenes_mini_subset,scene-1094_018,roll,3.0,roll_3deg,34688,7.997,3,91.2245,23.7195,0.3075
nuscenes_mini_subset,scene-1094_018,tx,0.02,tx_2cm,34688,8.0085,3,94.5578,0.7565,0.3142
nuscenes_mini_subset,scene-1094_018,tx,0.05,tx_5cm,34688,8.0604,3,94.5578,1.8861,0.2962
nuscenes_mini_subset,scene-1094_018,tx,0.1,tx_10cm,34688,8.1498,3,94.5578,3.7524,0.2773
nuscenes_mini_subset,scene-1094_018,ty,0.02,ty_2cm,34688,7.9739,3,94.5578,2.3967,0.3038
nuscenes_mini_subset,scene-1094_018,ty,0.05,ty_5cm,34688,7.9682,3,94.5578,5.9697,0.3228
nuscenes_mini_subset,scene-1094_018,ty,0.1,ty_10cm,34688,7.9595,3,94.3311,11.9443,0.3306
nuscenes_mini_subset,scene-1094_018,tz,0.02,tz_2cm,34688,8.0547,3,94.5578,2.3983,0.2886
nuscenes_mini_subset,scene-1094_018,tz,0.05,tz_5cm,34688,8.1354,3,94.5578,5.9953,0.3105
nuscenes_mini_subset,scene-1094_018,tz,0.1,tz_10cm,34688,8.3055,3,94.5578,11.9896,0.332
nuscenes_mini_subset,scene-1094_018,time,37.8,no_ego_motion,34688,7.5098,3,92.517,7.846,0.3669
nuscenes_mini_subset,scene-1094_019,baseline,0.0,baseline,34688,8.1556,3,100.0,0.0,0.1735
nuscenes_mini_subset,scene-1094_019,yaw,0.5,yaw_0.5deg,34688,8.1383,3,97.7778,12.613,0.1788
nuscenes_mini_subset,scene-1094_019,yaw,1.0,yaw_1deg,34688,8.1123,3,90.5861,25.1851,0.1904
nuscenes_mini_subset,scene-1094_019,yaw,2.0,yaw_2deg,34688,8.0835,3,81.0623,50.2174,0.1441
nuscenes_mini_subset,scene-1094_019,yaw,3.0,yaw_3deg,34688,8.0287,3,66.4591,75.1262,0.1829
nuscenes_mini_subset,scene-1094_019,pitch,0.5,pitch_0.5deg,34688,7.8875,3,99.0476,11.775,0.1734
nuscenes_mini_subset,scene-1094_019,pitch,1.0,pitch_1deg,34688,7.801,3,96.4835,23.5473,0.2585
nuscenes_mini_subset,scene-1094_019,pitch,2.0,pitch_2deg,34688,7.3801,3,76.1661,47.0081,0.2488
nuscenes_mini_subset,scene-1094_019,pitch,3.0,pitch_3deg,34688,6.9505,3,29.8413,70.2421,0.2819
nuscenes_mini_subset,scene-1094_019,roll,0.5,roll_0.5deg,34688,8.1671,3,100.0,3.96,0.2256
nuscenes_mini_subset,scene-1094_019,roll,1.0,roll_1deg,34688,8.17,3,99.0476,7.8912,0.236
nuscenes_mini_subset,scene-1094_019,roll,2.0,roll_2deg,34688,8.1642,3,96.4835,15.6787,0.1654
nuscenes_mini_subset,scene-1094_019,roll,3.0,roll_3deg,34688,8.1757,3,96.4835,23.4404,0.2239
nuscenes_mini_subset,scene-1094_019,tx,0.02,tx_2cm,34688,8.1902,3,100.0,0.8261,0.161
nuscenes_mini_subset,scene-1094_019,tx,0.05,tx_5cm,34688,8.2449,3,100.0,2.0585,0.1769
nuscenes_mini_subset,scene-1094_019,tx,0.1,tx_10cm,34688,8.3372,3,100.0,4.0977,0.1547
nuscenes_mini_subset,scene-1094_019,ty,0.02,ty_2cm,34688,8.1613,3,100.0,2.3057,0.1774
nuscenes_mini_subset,scene-1094_019,ty,0.05,ty_5cm,34688,8.1642,3,98.8889,5.7585,0.1518
nuscenes_mini_subset,scene-1094_019,ty,0.1,ty_10cm,34688,8.1584,3,97.7778,11.503,0.1296
nuscenes_mini_subset,scene-1094_019,tz,0.02,tz_2cm,34688,8.2334,3,100.0,2.3102,0.1772
nuscenes_mini_subset,scene-1094_019,tz,0.05,tz_5cm,34688,8.3141,3,100.0,5.7751,0.1854
nuscenes_mini_subset,scene-1094_019,tz,0.1,tz_10cm,34688,8.464,3,100.0,11.5493,0.1356
nuscenes_mini_subset,scene-1094_019,time,37.7,no_ego_motion,34688,7.7116,3,100.0,9.205,0.1796
nuscenes_mini_subset,scene-1094_020,baseline,0.0,baseline,34720,8.0789,2,100.0,0.0,0.2239
nuscenes_mini_subset,scene-1094_020,yaw,0.5,yaw_0.5deg,34720,8.0415,2,95.9459,12.5312,0.164
nuscenes_mini_subset,scene-1094_020,yaw,1.0,yaw_1deg,34720,8.0444,2,91.8919,25.042,0.0947
nuscenes_mini_subset,scene-1094_020,yaw,2.0,yaw_2deg,34720,8.0156,2,75.5631,50.0143,0.1338
nuscenes_mini_subset,scene-1094_020,yaw,3.0,yaw_3deg,34720,7.9637,2,61.205,74.8552,0.1505
nuscenes_mini_subset,scene-1094_020,pitch,0.5,pitch_0.5deg,34720,7.8082,2,100.0,11.8143,0.2854
nuscenes_mini_subset,scene-1094_020,pitch,1.0,pitch_1deg,34720,7.7131,2,100.0,23.6125,0.2009
nuscenes_mini_subset,scene-1094_020,pitch,2.0,pitch_2deg,34720,7.3013,2,63.0631,47.1181,0.2268
nuscenes_mini_subset,scene-1094_020,pitch,3.0,pitch_3deg,34720,6.8779,2,45.4955,70.5482,0.2319
nuscenes_mini_subset,scene-1094_020,roll,0.5,roll_0.5deg,34720,8.0933,2,100.0,3.9126,0.214
nuscenes_mini_subset,scene-1094_020,roll,1.0,roll_1deg,34720,8.0933,2,100.0,7.803,0.2237
nuscenes_mini_subset,scene-1094_020,roll,2.0,roll_2deg,34720,8.102,2,100.0,15.5273,0.1748
nuscenes_mini_subset,scene-1094_020,roll,3.0,roll_3deg,34720,8.0933,2,95.8333,23.1686,0.2362
nuscenes_mini_subset,scene-1094_020,tx,0.02,tx_2cm,34720,8.1221,2,100.0,0.8413,0.234
nuscenes_mini_subset,scene-1094_020,tx,0.05,tx_5cm,34720,8.197,2,100.0,2.0966,0.248
nuscenes_mini_subset,scene-1094_020,tx,0.1,tx_10cm,34720,8.2892,2,100.0,4.1712,0.2561
nuscenes_mini_subset,scene-1094_020,ty,0.02,ty_2cm,34720,8.0703,2,100.0,2.6277,0.2133
nuscenes_mini_subset,scene-1094_020,ty,0.05,ty_5cm,34720,8.0588,2,100.0,6.5608,0.2363
nuscenes_mini_subset,scene-1094_020,ty,0.1,ty_10cm,34720,8.0616,2,95.9459,13.0925,0.2263
nuscenes_mini_subset,scene-1094_020,tz,0.02,tz_2cm,34720,8.1596,2,100.0,2.6298,0.2157
nuscenes_mini_subset,scene-1094_020,tz,0.05,tz_5cm,34720,8.2373,2,100.0,6.574,0.1683
nuscenes_mini_subset,scene-1094_020,tz,0.1,tz_10cm,34720,8.4159,2,100.0,13.1469,0.1129
nuscenes_mini_subset,scene-1094_020,time,37.3,no_ego_motion,34720,7.5518,2,100.0,12.1444,0.2408
nuscenes_mini_subset,scene-1094_021,baseline,0.0,baseline,34688,8.0258,2,100.0,0.0,0.1533
nuscenes_mini_subset,scene-1094_021,yaw,0.5,yaw_0.5deg,34688,8.0258,2,96.0,12.4704,0.1586
nuscenes_mini_subset,scene-1094_021,yaw,1.0,yaw_1deg,34688,8.0431,2,88.875,24.9305,0.158
nuscenes_mini_subset,scene-1094_021,yaw,2.0,yaw_2deg,34688,7.9884,2,64.375,49.7416,0.0706
nuscenes_mini_subset,scene-1094_021,yaw,3.0,yaw_3deg,34688,7.9624,2,39.875,74.4916,0.1244
nuscenes_mini_subset,scene-1094_021,pitch,0.5,pitch_0.5deg,34688,7.7664,2,100.0,11.7133,0.1692
nuscenes_mini_subset,scene-1094_021,pitch,1.0,pitch_1deg,34688,7.6712,2,100.0,23.4377,0.1366
nuscenes_mini_subset,scene-1094_021,pitch,2.0,pitch_2deg,34688,7.2648,2,65.75,46.6671,0.2439
nuscenes_mini_subset,scene-1094_021,pitch,3.0,pitch_3deg,34688,6.8583,2,43.75,69.7313,0.0821
nuscenes_mini_subset,scene-1094_021,roll,0.5,roll_0.5deg,34688,8.0229,2,100.0,3.844,0.1318
nuscenes_mini_subset,scene-1094_021,roll,1.0,roll_1deg,34688,8.0114,2,100.0,7.6629,0.1461
nuscenes_mini_subset,scene-1094_021,roll,2.0,roll_2deg,34688,7.9941,2,100.0,15.2605,0.106
nuscenes_mini_subset,scene-1094_021,roll,3.0,roll_3deg,34688,7.9999,2,100.0,22.7749,0.1187
nuscenes_mini_subset,scene-1094_021,tx,0.02,tx_2cm,34688,8.0662,2,100.0,0.7181,0.1572
nuscenes_mini_subset,scene-1094_021,tx,0.05,tx_5cm,34688,8.1152,2,100.0,1.7906,0.1604
nuscenes_mini_subset,scene-1094_021,tx,0.1,tx_10cm,34688,8.2046,2,100.0,3.568,0.1604
nuscenes_mini_subset,scene-1094_021,ty,0.02,ty_2cm,34688,8.0172,2,100.0,2.2297,0.169
nuscenes_mini_subset,scene-1094_021,ty,0.05,ty_5cm,34688,8.0201,2,100.0,5.521,0.1544
nuscenes_mini_subset,scene-1094_021,ty,0.1,ty_10cm,34688,8.0258,2,96.0,10.9314,0.1584
nuscenes_mini_subset,scene-1094_021,tz,0.02,tz_2cm,34688,8.1094,2,100.0,2.2539,0.1409
nuscenes_mini_subset,scene-1094_021,tz,0.05,tz_5cm,34688,8.1902,2,100.0,5.6346,0.1373
nuscenes_mini_subset,scene-1094_021,tz,0.1,tz_10cm,34688,8.268,2,100.0,11.2683,0.1175
nuscenes_mini_subset,scene-1094_021,time,36.6,no_ego_motion,34688,7.5617,2,100.0,8.885,0.185
nuscenes_mini_subset,scene-1094_022,baseline,0.0,baseline,34656,8.2901,2,98.0,0.0,0.1535
nuscenes_mini_subset,scene-1094_022,yaw,0.5,yaw_0.5deg,34656,8.2699,2,91.4783,12.4242,0.1264
nuscenes_mini_subset,scene-1094_022,yaw,1.0,yaw_1deg,34656,8.267,2,91.4783,24.8201,0.179
nuscenes_mini_subset,scene-1094_022,yaw,2.0,yaw_2deg,34656,8.2554,2,80.6087,49.5642,0.1408
nuscenes_mini_subset,scene-1094_022,yaw,3.0,yaw_3deg,34656,8.2352,2,61.5652,74.235,0.1751
nuscenes_mini_subset,scene-1094_022,pitch,0.5,pitch_0.5deg,34656,8.0361,2,98.0,11.6084,0.0906
nuscenes_mini_subset,scene-1094_022,pitch,1.0,pitch_1deg,34656,7.938,2,98.0,23.1719,0.0867
nuscenes_mini_subset,scene-1094_022,pitch,2.0,pitch_2deg,34656,7.5514,2,49.7391,46.2974,0.0688
nuscenes_mini_subset,scene-1094_022,pitch,3.0,pitch_3deg,34656,7.133,2,28.0,69.1528,0.0944
nuscenes_mini_subset,scene-1094_022,roll,0.5,roll_0.5deg,34656,8.2872,2,98.0,3.8784,0.1351
nuscenes_mini_subset,scene-1094_022,roll,1.0,roll_1deg,34656,8.2872,2,98.0,7.7312,0.1342
nuscenes_mini_subset,scene-1094_022,roll,2.0,roll_2deg,34656,8.2958,2,95.8261,15.3826,0.1234
nuscenes_mini_subset,scene-1094_022,roll,3.0,roll_3deg,34656,8.2958,2,95.8261,22.96,0.1484
nuscenes_mini_subset,scene-1094_022,tx,0.02,tx_2cm,34656,8.3362,2,98.0,0.6075,0.1519
nuscenes_mini_subset,scene-1094_022,tx,0.05,tx_5cm,34656,8.391,2,98.0,1.515,0.1314
nuscenes_mini_subset,scene-1094_022,tx,0.1,tx_10cm,34656,8.4632,2,98.0,3.0168,0.1463
nuscenes_mini_subset,scene-1094_022,ty,0.02,ty_2cm,34656,8.2872,2,98.0,1.964,0.1595
nuscenes_mini_subset,scene-1094_022,ty,0.05,ty_5cm,34656,8.2612,2,95.8261,4.8295,0.153
nuscenes_mini_subset,scene-1094_022,ty,0.1,ty_10cm,34656,8.2497,2,95.8261,9.5628,0.1365
nuscenes_mini_subset,scene-1094_022,tz,0.02,tz_2cm,34656,8.3622,2,98.0,1.9649,0.1553
nuscenes_mini_subset,scene-1094_022,tz,0.05,tz_5cm,34656,8.4314,2,98.0,4.9121,0.1442
nuscenes_mini_subset,scene-1094_022,tz,0.1,tz_10cm,34656,8.5324,2,98.0,9.8235,0.1791
nuscenes_mini_subset,scene-1094_022,time,36.5,no_ego_motion,34656,7.762,2,98.0,8.194,0.1643
nuscenes_mini_subset,scene-1094_023,baseline,0.0,baseline,34688,8.6168,1,100.0,0.0,0.176
nuscenes_mini_subset,scene-1094_023,yaw,0.5,yaw_0.5deg,34688,8.5822,1,88.8889,12.4753,0.1735
nuscenes_mini_subset,scene-1094_023,yaw,1.0,yaw_1deg,34688,8.5592,1,83.3333,24.9203,0.1241
nuscenes_mini_subset,scene-1094_023,yaw,2.0,yaw_2deg,34688,8.4986,1,55.5556,49.7646,0.1379
nuscenes_mini_subset,scene-1094_023,yaw,3.0,yaw_3deg,34688,8.4525,1,38.8889,74.4717,0.1173
nuscenes_mini_subset,scene-1094_023,pitch,0.5,pitch_0.5deg,34688,8.3487,1,100.0,11.6177,0.1609
nuscenes_mini_subset,scene-1094_023,pitch,1.0,pitch_1deg,34688,8.242,1,50.0,23.2068,0.1626
nuscenes_mini_subset,scene-1094_023,pitch,2.0,pitch_2deg,34688,7.8183,1,50.0,46.3015,0.0181
nuscenes_mini_subset,scene-1094_023,pitch,3.0,pitch_3deg,34688,7.3887,1,0.0,69.295,0.0925
nuscenes_mini_subset,scene-1094_023,roll,0.5,roll_0.5deg,34688,8.6255,1,100.0,4.0066,0.1993
nuscenes_mini_subset,scene-1094_023,roll,1.0,roll_1deg,34688,8.6197,1,100.0,7.9814,0.1987
nuscenes_mini_subset,scene-1094_023,roll,2.0,roll_2deg,34688,8.6283,1,100.0,15.9008,0.1756
nuscenes_mini_subset,scene-1094_023,roll,3.0,roll_3deg,34688,8.6428,1,100.0,23.7874,0.1497
nuscenes_mini_subset,scene-1094_023,tx,0.02,tx_2cm,34688,8.6572,1,100.0,0.6335,0.1833
nuscenes_mini_subset,scene-1094_023,tx,0.05,tx_5cm,34688,8.7004,1,100.0,1.5793,0.1882
nuscenes_mini_subset,scene-1094_023,tx,0.1,tx_10cm,34688,8.7927,1,100.0,3.1432,0.1603
nuscenes_mini_subset,scene-1094_023,ty,0.02,ty_2cm,34688,8.6139,1,100.0,2.0556,0.1553
nuscenes_mini_subset,scene-1094_023,ty,0.05,ty_5cm,34688,8.611,1,100.0,5.1381,0.1496
nuscenes_mini_subset,scene-1094_023,ty,0.1,ty_10cm,34688,8.5995,1,100.0,10.2676,0.1525
nuscenes_mini_subset,scene-1094_023,tz,0.02,tz_2cm,34688,8.6918,1,100.0,2.0598,0.2037
nuscenes_mini_subset,scene-1094_023,tz,0.05,tz_5cm,34688,8.7754,1,100.0,5.1493,0.2015
nuscenes_mini_subset,scene-1094_023,tz,0.1,tz_10cm,34688,8.9368,1,100.0,10.2978,0.1812
nuscenes_mini_subset,scene-1094_023,time,39.5,no_ego_motion,34688,8.0604,1,100.0,9.4906,0.1815
nuscenes_mini_subset,scene-1094_024,baseline,0.0,baseline,34688,8.5995,2,100.0,0.0,0.1566
nuscenes_mini_subset,scene-1094_024,yaw,0.5,yaw_0.5deg,34688,8.5563,2,97.7273,12.5259,0.1022
nuscenes_mini_subset,scene-1094_024,yaw,1.0,yaw_1deg,34688,8.5303,2,86.3636,25.0267,0.0743
nuscenes_mini_subset,scene-1094_024,yaw,2.0,yaw_2deg,34688,8.4467,2,43.1818,49.917,0.1257
nuscenes_mini_subset,scene-1094_024,yaw,3.0,yaw_3deg,34688,8.4294,2,18.1818,74.727,0.045
nuscenes_mini_subset,scene-1094_024,pitch,0.5,pitch_0.5deg,34688,8.3574,2,97.7273,11.6548,0.1276
nuscenes_mini_subset,scene-1094_024,pitch,1.0,pitch_1deg,34688,8.2593,2,97.7273,23.2772,0.1222
nuscenes_mini_subset,scene-1094_024,pitch,2.0,pitch_2deg,34688,7.8442,2,65.9091,46.3518,0.0709
nuscenes_mini_subset,scene-1094_024,pitch,3.0,pitch_3deg,34688,7.4147,2,43.1818,69.3573,0.0878
nuscenes_mini_subset,scene-1094_024,roll,0.5,roll_0.5deg,34688,8.6082,2,100.0,4.0206,0.1366
nuscenes_mini_subset,scene-1094_024,roll,1.0,roll_1deg,34688,8.6168,2,100.0,8.005,0.1907
nuscenes_mini_subset,scene-1094_024,roll,2.0,roll_2deg,34688,8.637,2,100.0,15.968,0.1795
nuscenes_mini_subset,scene-1094_024,roll,3.0,roll_3deg,34688,8.6428,2,95.4545,23.8756,0.147
nuscenes_mini_subset,scene-1094_024,tx,0.02,tx_2cm,34688,8.6428,2,100.0,0.6401,0.1577
nuscenes_mini_subset,scene-1094_024,tx,0.05,tx_5cm,34688,8.6889,2,100.0,1.5969,0.1513
nuscenes_mini_subset,scene-1094_024,tx,0.1,tx_10cm,34688,8.7898,2,100.0,3.1865,0.1518
nuscenes_mini_subset,scene-1094_024,ty,0.02,ty_2cm,34688,8.5995,2,100.0,2.0454,0.1593
nuscenes_mini_subset,scene-1094_024,ty,0.05,ty_5cm,34688,8.5966,2,100.0,5.1074,0.1858
nuscenes_mini_subset,scene-1094_024,ty,0.1,ty_10cm,34688,8.5909,2,100.0,10.2053,0.2005
nuscenes_mini_subset,scene-1094_024,tz,0.02,tz_2cm,34688,8.6889,2,100.0,2.0505,0.1614
nuscenes_mini_subset,scene-1094_024,tz,0.05,tz_5cm,34688,8.7869,2,100.0,5.1261,0.1943
nuscenes_mini_subset,scene-1094_024,tz,0.1,tz_10cm,34688,8.8792,2,100.0,10.2515,0.1589
nuscenes_mini_subset,scene-1094_024,time,34.9,no_ego_motion,34688,8.1037,2,100.0,9.3853,0.1763
nuscenes_mini_subset,scene-1094_025,baseline,0.0,baseline,34720,8.6204,2,100.0,0.0,0.0739
nuscenes_mini_subset,scene-1094_025,yaw,0.5,yaw_0.5deg,34720,8.5945,2,98.2143,12.5648,0.0395
nuscenes_mini_subset,scene-1094_025,yaw,1.0,yaw_1deg,34720,8.5657,2,92.0113,25.1074,0.0838
nuscenes_mini_subset,scene-1094_025,yaw,2.0,yaw_2deg,34720,8.5138,2,59.3045,50.0937,-0.0134
nuscenes_mini_subset,scene-1094_025,yaw,3.0,yaw_3deg,34720,8.4188,2,19.5489,74.8764,-0.0217
nuscenes_mini_subset,scene-1094_025,pitch,0.5,pitch_0.5deg,34720,8.3785,2,100.0,11.6173,0.0756
nuscenes_mini_subset,scene-1094_025,pitch,1.0,pitch_1deg,34720,8.2776,2,100.0,23.2324,0.068
nuscenes_mini_subset,scene-1094_025,pitch,2.0,pitch_2deg,34720,7.8715,2,78.5714,46.3325,0.072
nuscenes_mini_subset,scene-1094_025,pitch,3.0,pitch_3deg,34720,7.4827,2,62.5,69.4584,0.0368
nuscenes_mini_subset,scene-1094_025,roll,0.5,roll_0.5deg,34720,8.6233,2,100.0,4.0717,0.0713
nuscenes_mini_subset,scene-1094_025,roll,1.0,roll_1deg,34720,8.6262,2,100.0,8.1358,0.1185
nuscenes_mini_subset,scene-1094_025,roll,2.0,roll_2deg,34720,8.6233,2,100.0,16.2234,0.1212
nuscenes_mini_subset,scene-1094_025,roll,3.0,roll_3deg,34720,8.6319,2,94.7368,24.292,0.1449
nuscenes_mini_subset,scene-1094_025,tx,0.02,tx_2cm,34720,8.655,2,100.0,0.6482,0.0603
nuscenes_mini_subset,scene-1094_025,tx,0.05,tx_5cm,34720,8.7097,2,100.0,1.6167,0.0715
nuscenes_mini_subset,scene-1094_025,tx,0.1,tx_10cm,34720,8.8162,2,100.0,3.2207,0.0637
nuscenes_mini_subset,scene-1094_025,ty,0.02,ty_2cm,34720,8.6175,2,100.0,2.1074,0.0818
nuscenes_mini_subset,scene-1094_025,ty,0.05,ty_5cm,34720,8.6146,2,100.0,5.2587,0.0671
nuscenes_mini_subset,scene-1094_025,ty,0.1,ty_10cm,34720,8.6089,2,98.2143,10.5157,0.0467
nuscenes_mini_subset,scene-1094_025,tz,0.02,tz_2cm,34720,8.7068,2,100.0,2.1144,0.0854
nuscenes_mini_subset,scene-1094_025,tz,0.05,tz_5cm,34720,8.7932,2,100.0,5.2857,0.1187
nuscenes_mini_subset,scene-1094_025,tz,0.1,tz_10cm,34720,8.8825,2,100.0,10.5705,0.1563
nuscenes_mini_subset,scene-1094_025,time,34.8,no_ego_motion,34720,8.102,2,97.3684,9.4715,0.0753
nuscenes_mini_subset,scene-1094_026,baseline,0.0,baseline,34752,8.6441,1,100.0,0.0,0.0647
nuscenes_mini_subset,scene-1094_026,yaw,0.5,yaw_0.5deg,34752,8.6326,1,93.3333,12.603,0.0836
nuscenes_mini_subset,scene-1094_026,yaw,1.0,yaw_1deg,34752,8.6096,1,90.0,25.148,0.0509
nuscenes_mini_subset,scene-1094_026,yaw,2.0,yaw_2deg,34752,8.552,1,66.6667,50.1391,0.0291
nuscenes_mini_subset,scene-1094_026,yaw,3.0,yaw_3deg,34752,8.4945,1,36.6667,74.8317,0.0064
nuscenes_mini_subset,scene-1094_026,pitch,0.5,pitch_0.5deg,34752,8.4139,1,100.0,11.6653,0.1002
nuscenes_mini_subset,scene-1094_026,pitch,1.0,pitch_1deg,34752,8.3161,1,100.0,23.3149,0.0973
nuscenes_mini_subset,scene-1094_026,pitch,2.0,pitch_2deg,34752,7.9276,1,66.6667,46.409,0.0618
nuscenes_mini_subset,scene-1094_026,pitch,3.0,pitch_3deg,34752,7.5161,1,30.0,69.5583,0.0226
nuscenes_mini_subset,scene-1094_026,roll,0.5,roll_0.5deg,34752,8.6441,1,100.0,4.0736,0.0333
nuscenes_mini_subset,scene-1094_026,roll,1.0,roll_1deg,34752,8.647,1,100.0,8.1364,0.0302
nuscenes_mini_subset,scene-1094_026,roll,2.0,roll_2deg,34752,8.6556,1,100.0,16.2434,0.0436
nuscenes_mini_subset,scene-1094_026,roll,3.0,roll_3deg,34752,8.6815,1,100.0,24.2818,0.0406
nuscenes_mini_subset,scene-1094_026,tx,0.02,tx_2cm,34752,8.6815,1,100.0,0.6647,0.0572
nuscenes_mini_subset,scene-1094_026,tx,0.05,tx_5cm,34752,8.7391,1,100.0,1.6566,0.0708
nuscenes_mini_subset,scene-1094_026,tx,0.1,tx_10cm,34752,8.8455,1,100.0,3.2989,0.0763
nuscenes_mini_subset,scene-1094_026,ty,0.02,ty_2cm,34752,8.6384,1,100.0,2.201,0.051
nuscenes_mini_subset,scene-1094_026,ty,0.05,ty_5cm,34752,8.6355,1,100.0,5.5024,0.0517
nuscenes_mini_subset,scene-1094_026,ty,0.1,ty_10cm,34752,8.6211,1,100.0,11.0035,0.0409
nuscenes_mini_subset,scene-1094_026,tz,0.02,tz_2cm,34752,8.7362,1,100.0,2.1988,0.0711
nuscenes_mini_subset,scene-1094_026,tz,0.05,tz_5cm,34752,8.811,1,100.0,5.4968,0.0627
nuscenes_mini_subset,scene-1094_026,tz,0.1,tz_10cm,34752,8.9175,1,100.0,10.9926,0.0713
nuscenes_mini_subset,scene-1094_026,time,34.6,no_ego_motion,34752,8.1463,1,100.0,9.6342,0.0425
nuscenes_mini_subset,scene-1094_027,baseline,0.0,baseline,34752,8.6873,3,100.0,0.0,-0.0021
nuscenes_mini_subset,scene-1094_027,yaw,0.5,yaw_0.5deg,34752,8.6671,3,97.7011,12.5166,0.0254
nuscenes_mini_subset,scene-1094_027,yaw,1.0,yaw_1deg,34752,8.6038,3,95.4023,24.9554,0.0619
nuscenes_mini_subset,scene-1094_027,yaw,2.0,yaw_2deg,34752,8.5261,3,55.0958,49.6946,0.0254
nuscenes_mini_subset,scene-1094_027,yaw,3.0,yaw_3deg,34752,8.4801,3,17.0115,74.342,0.0459
nuscenes_mini_subset,scene-1094_027,pitch,0.5,pitch_0.5deg,34752,8.4628,3,100.0,11.669,0.0464
nuscenes_mini_subset,scene-1094_027,pitch,1.0,pitch_1deg,34752,8.3679,3,100.0,23.3519,0.1203
nuscenes_mini_subset,scene-1094_027,pitch,2.0,pitch_2deg,34752,7.9621,3,79.5785,46.5012,0.1365
nuscenes_mini_subset,scene-1094_027,pitch,3.0,pitch_3deg,34752,7.5622,3,59.751,69.5709,0.1096
nuscenes_mini_subset,scene-1094_027,roll,0.5,roll_0.5deg,34752,8.6959,3,100.0,4.0369,0.0302
nuscenes_mini_subset,scene-1094_027,roll,1.0,roll_1deg,34752,8.6988,3,96.6667,8.0515,0.0281
nuscenes_mini_subset,scene-1094_027,roll,2.0,roll_2deg,34752,8.7045,3,96.6667,16.0741,-0.017
nuscenes_mini_subset,scene-1094_027,roll,3.0,roll_3deg,34752,8.716,3,96.6667,23.9775,-0.0083
nuscenes_mini_subset,scene-1094_027,tx,0.02,tx_2cm,34752,8.7477,3,100.0,0.6219,-0.0129
nuscenes_mini_subset,scene-1094_027,tx,0.05,tx_5cm,34752,8.8225,3,100.0,1.5498,-0.0
nuscenes_mini_subset,scene-1094_027,tx,0.1,tx_10cm,34752,8.9232,3,100.0,3.0839,-0.0048
nuscenes_mini_subset,scene-1094_027,ty,0.02,ty_2cm,34752,8.6815,3,100.0,2.214,0.0089
nuscenes_mini_subset,scene-1094_027,ty,0.05,ty_5cm,34752,8.6671,3,100.0,5.5259,-0.0195
nuscenes_mini_subset,scene-1094_027,ty,0.1,ty_10cm,34752,8.6441,3,100.0,11.0193,-0.0083
nuscenes_mini_subset,scene-1094_027,tz,0.02,tz_2cm,34752,8.7794,3,100.0,2.2158,0.0394
nuscenes_mini_subset,scene-1094_027,tz,0.05,tz_5cm,34752,8.8599,3,100.0,5.5392,0.0553
nuscenes_mini_subset,scene-1094_027,tz,0.1,tz_10cm,34752,8.9491,3,96.6667,11.0777,0.0351
nuscenes_mini_subset,scene-1094_027,time,35.1,no_ego_motion,34752,8.0485,3,100.0,10.1188,0.0049
nuscenes_mini_subset,scene-1094_028,baseline,0.0,baseline,34752,8.5779,1,100.0,0.0,0.0572
nuscenes_mini_subset,scene-1094_028,yaw,0.5,yaw_0.5deg,34752,8.5607,1,100.0,12.48,0.0764
nuscenes_mini_subset,scene-1094_028,yaw,1.0,yaw_1deg,34752,8.5376,1,97.2222,24.9308,0.1086
nuscenes_mini_subset,scene-1094_028,yaw,2.0,yaw_2deg,34752,8.4916,1,97.2222,49.7665,0.101
nuscenes_mini_subset,scene-1094_028,yaw,3.0,yaw_3deg,34752,8.5031,1,80.5556,74.5605,0.0914
nuscenes_mini_subset,scene-1094_028,pitch,0.5,pitch_0.5deg,34752,8.3362,1,100.0,11.6253,0.103
nuscenes_mini_subset,scene-1094_028,pitch,1.0,pitch_1deg,34752,8.2297,1,100.0,23.2279,0.098
nuscenes_mini_subset,scene-1094_028,pitch,2.0,pitch_2deg,34752,7.824,1,100.0,46.2149,0.0857
nuscenes_mini_subset,scene-1094_028,pitch,3.0,pitch_3deg,34752,7.3924,1,91.6667,69.1508,0.071
nuscenes_mini_subset,scene-1094_028,roll,0.5,roll_0.5deg,34752,8.5866,1,100.0,4.0652,0.0689
nuscenes_mini_subset,scene-1094_028,roll,1.0,roll_1deg,34752,8.5894,1,100.0,8.1218,0.0644
nuscenes_mini_subset,scene-1094_028,roll,2.0,roll_2deg,34752,8.5779,1,100.0,16.1928,0.0369
nuscenes_mini_subset,scene-1094_028,roll,3.0,roll_3deg,34752,8.5837,1,91.6667,24.2042,0.1324
nuscenes_mini_subset,scene-1094_028,tx,0.02,tx_2cm,34752,8.6211,1,100.0,0.5634,0.0655
nuscenes_mini_subset,scene-1094_028,tx,0.05,tx_5cm,34752,8.6815,1,100.0,1.4067,0.0633
nuscenes_mini_subset,scene-1094_028,tx,0.1,tx_10cm,34752,8.7736,1,100.0,2.802,0.0566
nuscenes_mini_subset,scene-1094_028,ty,0.02,ty_2cm,34752,8.5693,1,100.0,2.025,0.0745
nuscenes_mini_subset,scene-1094_028,ty,0.05,ty_5cm,34752,8.5578,1,100.0,5.0198,0.0637
nuscenes_mini_subset,scene-1094_028,ty,0.1,ty_10cm,34752,8.5491,1,100.0,9.4626,0.0833
nuscenes_mini_subset,scene-1094_028,tz,0.02,tz_2cm,34752,8.67,1,100.0,2.0321,0.0891
nuscenes_mini_subset,scene-1094_028,tz,0.05,tz_5cm,34752,8.7535,1,100.0,5.08,0.0948
nuscenes_mini_subset,scene-1094_028,tz,0.1,tz_10cm,34752,8.8398,1,100.0,10.1592,0.0876
nuscenes_mini_subset,scene-1094_028,time,35.5,no_ego_motion,34752,7.9909,1,97.2222,8.8852,0.1079
nuscenes_mini_subset,scene-1094_029,baseline,0.0,baseline,34720,8.7788,2,100.0,0.0,0.0654
nuscenes_mini_subset,scene-1094_029,yaw,0.5,yaw_0.5deg,34720,8.7529,2,97.0588,12.4924,0.0627
nuscenes_mini_subset,scene-1094_029,yaw,1.0,yaw_1deg,34720,8.7529,2,85.9133,24.9658,0.0103
nuscenes_mini_subset,scene-1094_029,yaw,2.0,yaw_2deg,34720,8.7558,2,39.6285,49.8623,0.0108
nuscenes_mini_subset,scene-1094_029,yaw,3.0,yaw_3deg,34720,8.7644,2,8.8235,74.6804,-0.0009
nuscenes_mini_subset,scene-1094_029,pitch,0.5,pitch_0.5deg,34720,8.534,2,100.0,11.5965,0.0747
nuscenes_mini_subset,scene-1094_029,pitch,1.0,pitch_1deg,34720,8.4389,2,100.0,23.149,0.1097
nuscenes_mini_subset,scene-1094_029,pitch,2.0,pitch_2deg,34720,8.0213,2,68.5759,46.1784,0.1256
nuscenes_mini_subset,scene-1094_029,pitch,3.0,pitch_3deg,34720,7.5893,2,28.9474,69.0765,0.1437
nuscenes_mini_subset,scene-1094_029,roll,0.5,roll_0.5deg,34720,8.7932,2,100.0,4.0353,0.0563
nuscenes_mini_subset,scene-1094_029,roll,1.0,roll_1deg,34720,8.7932,2,100.0,8.0653,0.0487
nuscenes_mini_subset,scene-1094_029,roll,2.0,roll_2deg,34720,8.8047,2,97.3684,16.0862,0.0978
nuscenes_mini_subset,scene-1094_029,roll,3.0,roll_3deg,34720,8.8162,2,97.3684,23.9675,0.0122
nuscenes_mini_subset,scene-1094_029,tx,0.02,tx_2cm,34720,8.822,2,100.0,0.6011,0.0668
nuscenes_mini_subset,scene-1094_029,tx,0.05,tx_5cm,34720,8.8825,2,100.0,1.4975,0.0733
nuscenes_mini_subset,scene-1094_029,tx,0.1,tx_10cm,34720,8.966,2,100.0,2.9829,0.0554
nuscenes_mini_subset,scene-1094_029,ty,0.02,ty_2cm,34720,8.7673,2,100.0,1.842,0.0579
nuscenes_mini_subset,scene-1094_029,ty,0.05,ty_5cm,34720,8.7673,2,100.0,4.5947,0.0514
nuscenes_mini_subset,scene-1094_029,ty,0.1,ty_10cm,34720,8.7788,2,97.0588,9.1844,0.0707
nuscenes_mini_subset,scene-1094_029,tz,0.02,tz_2cm,34720,8.8681,2,100.0,1.8459,0.0748
nuscenes_mini_subset,scene-1094_029,tz,0.05,tz_5cm,34720,8.966,2,100.0,4.6146,0.0638
nuscenes_mini_subset,scene-1094_029,tz,0.1,tz_10cm,34720,9.0582,2,100.0,9.2286,0.0827
nuscenes_mini_subset,scene-1094_029,time,35.4,no_ego_motion,34720,8.2431,2,100.0,9.627,0.0801
nuscenes_mini_subset,scene-1094_030,baseline,0.0,baseline,34720,8.9142,2,100.0,0.0,0.0355
nuscenes_mini_subset,scene-1094_030,yaw,0.5,yaw_0.5deg,34720,8.9142,2,100.0,12.4925,0.0479
nuscenes_mini_subset,scene-1094_030,yaw,1.0,yaw_1deg,34720,8.9257,2,93.2165,24.9514,0.0572
nuscenes_mini_subset,scene-1094_030,yaw,2.0,yaw_2deg,34720,8.9257,2,57.5457,49.8181,0.0272
nuscenes_mini_subset,scene-1094_030,yaw,3.0,yaw_3deg,34720,8.9142,2,36.3186,74.5283,-0.0313
nuscenes_mini_subset,scene-1094_030,pitch,0.5,pitch_0.5deg,34720,8.6838,2,100.0,11.581,0.085
nuscenes_mini_subset,scene-1094_030,pitch,1.0,pitch_1deg,34720,8.5887,2,71.875,23.1402,0.0879
nuscenes_mini_subset,scene-1094_030,pitch,2.0,pitch_2deg,34720,8.1682,2,71.875,46.0799,0.0254
nuscenes_mini_subset,scene-1094_030,pitch,3.0,pitch_3deg,34720,7.7506,2,52.9345,68.9345,0.0901
nuscenes_mini_subset,scene-1094_030,roll,0.5,roll_0.5deg,34720,8.9257,2,100.0,4.057,0.0443
nuscenes_mini_subset,scene-1094_030,roll,1.0,roll_1deg,34720,8.9372,2,100.0,8.1002,0.0206
nuscenes_mini_subset,scene-1094_030,roll,2.0,roll_2deg,34720,8.9343,2,100.0,16.1652,0.0738
nuscenes_mini_subset,scene-1094_030,roll,3.0,roll_3deg,34720,8.9343,2,92.1875,24.1695,0.0819
nuscenes_mini_subset,scene-1094_030,tx,0.02,tx_2cm,34720,8.9603,2,100.0,0.5833,0.0308
nuscenes_mini_subset,scene-1094_030,tx,0.05,tx_5cm,34720,9.0207,2,100.0,1.4564,0.0304
nuscenes_mini_subset,scene-1094_030,tx,0.1,tx_10cm,34720,9.1129,2,100.0,2.895,0.0406
nuscenes_mini_subset,scene-1094_030,ty,0.02,ty_2cm,34720,8.9199,2,100.0,1.7447,0.0301
nuscenes_mini_subset,scene-1094_030,ty,0.05,ty_5cm,34720,8.9228,2,100.0,4.3513,0.0479
nuscenes_mini_subset,scene-1094_030,ty,0.1,ty_10cm,34720,8.9084,2,100.0,8.6751,0.0429
nuscenes_mini_subset,scene-1094_030,tz,0.02,tz_2cm,34720,9.0035,2,100.0,1.7503,0.0124
nuscenes_mini_subset,scene-1094_030,tz,0.05,tz_5cm,34720,9.1014,2,100.0,4.3757,-0.0049
nuscenes_mini_subset,scene-1094_030,tz,0.1,tz_10cm,34720,9.1907,2,100.0,8.7508,-0.0126
nuscenes_mini_subset,scene-1094_030,time,35.2,no_ego_motion,34720,8.3468,2,93.9024,9.9964,0.0389
nuscenes_mini_subset,scene-1094_031,baseline,0.0,baseline,34752,8.8858,1,100.0,0.0,0.063
nuscenes_mini_subset,scene-1094_031,yaw,0.5,yaw_0.5deg,34752,8.8887,1,97.7273,12.5048,0.0603
nuscenes_mini_subset,scene-1094_031,yaw,1.0,yaw_1deg,34752,8.9175,1,93.1818,24.9752,0.0318
nuscenes_mini_subset,scene-1094_031,yaw,2.0,yaw_2deg,34752,8.9002,1,72.7273,49.8267,0.0484
nuscenes_mini_subset,scene-1094_031,yaw,3.0,yaw_3deg,34752,8.8743,1,54.5455,74.5913,0.0398
nuscenes_mini_subset,scene-1094_031,pitch,0.5,pitch_0.5deg,34752,8.6614,1,100.0,11.5496,0.0104
nuscenes_mini_subset,scene-1094_031,pitch,1.0,pitch_1deg,34752,8.5578,1,100.0,23.0635,0.0803
nuscenes_mini_subset,scene-1094_031,pitch,2.0,pitch_2deg,34752,8.1578,1,56.8182,45.984,0.1124
nuscenes_mini_subset,scene-1094_031,pitch,3.0,pitch_3deg,34752,7.7406,1,36.3636,68.8414,0.0868
nuscenes_mini_subset,scene-1094_031,roll,0.5,roll_0.5deg,34752,8.8945,1,100.0,4.0824,0.0676
nuscenes_mini_subset,scene-1094_031,roll,1.0,roll_1deg,34752,8.8887,1,100.0,8.144,0.0744
nuscenes_mini_subset,scene-1094_031,roll,2.0,roll_2deg,34752,8.8973,1,100.0,16.2558,0.0644
nuscenes_mini_subset,scene-1094_031,roll,3.0,roll_3deg,34752,8.9146,1,100.0,24.3201,0.1089
nuscenes_mini_subset,scene-1094_031,tx,0.02,tx_2cm,34752,8.929,1,100.0,0.5751,0.0591
nuscenes_mini_subset,scene-1094_031,tx,0.05,tx_5cm,34752,8.9808,1,100.0,1.4355,0.0584
nuscenes_mini_subset,scene-1094_031,tx,0.1,tx_10cm,34752,9.0729,1,100.0,2.8633,0.0615
nuscenes_mini_subset,scene-1094_031,ty,0.02,ty_2cm,34752,8.8858,1,100.0,1.6833,0.0656
nuscenes_mini_subset,scene-1094_031,ty,0.05,ty_5cm,34752,8.8916,1,100.0,4.1999,0.0685
nuscenes_mini_subset,scene-1094_031,ty,0.1,ty_10cm,34752,8.8887,1,100.0,8.3892,0.0783
nuscenes_mini_subset,scene-1094_031,tz,0.02,tz_2cm,34752,8.9779,1,100.0,1.6947,0.067
nuscenes_mini_subset,scene-1094_031,tz,0.05,tz_5cm,34752,9.0613,1,100.0,4.2366,0.0499
nuscenes_mini_subset,scene-1094_031,tz,0.1,tz_10cm,34752,9.1448,1,100.0,8.4728,0.0387
nuscenes_mini_subset,scene-1094_031,time,35.1,no_ego_motion,34752,8.3448,1,100.0,10.4159,0.0578
nuscenes_mini_subset,scene-1094_032,baseline,0.0,baseline,34784,8.6218,1,92.3077,0.0,0.0098
nuscenes_mini_subset,scene-1094_032,yaw,0.5,yaw_0.5deg,34784,8.593,1,92.3077,12.4674,-0.0046
nuscenes_mini_subset,scene-1094_032,yaw,1.0,yaw_1deg,34784,8.6045,1,89.7436,24.9011,0.026
nuscenes_mini_subset,scene-1094_032,yaw,2.0,yaw_2deg,34784,8.6333,1,84.6154,49.7074,0.0088
nuscenes_mini_subset,scene-1094_032,yaw,3.0,yaw_3deg,34784,8.5959,1,81.1966,74.3925,0.0506
nuscenes_mini_subset,scene-1094_032,pitch,0.5,pitch_0.5deg,34784,8.386,1,92.3077,11.5719,0.0233
nuscenes_mini_subset,scene-1094_032,pitch,1.0,pitch_1deg,34784,8.2912,1,92.3077,23.1354,0.0218
nuscenes_mini_subset,scene-1094_032,pitch,2.0,pitch_2deg,34784,7.8887,1,76.9231,46.099,0.0792
nuscenes_mini_subset,scene-1094_032,pitch,3.0,pitch_3deg,34784,7.4575,1,76.9231,69.0744,0.1029
nuscenes_mini_subset,scene-1094_032,roll,0.5,roll_0.5deg,34784,8.6304,1,92.3077,4.0534,0.0111
nuscenes_mini_subset,scene-1094_032,roll,1.0,roll_1deg,34784,8.6275,1,92.3077,8.0903,-0.0071
nuscenes_mini_subset,scene-1094_032,roll,2.0,roll_2deg,34784,8.639,1,92.3077,16.1492,0.0184
nuscenes_mini_subset,scene-1094_032,roll,3.0,roll_3deg,34784,8.6448,1,92.3077,24.1686,0.0137
nuscenes_mini_subset,scene-1094_032,tx,0.02,tx_2cm,34784,8.6735,1,92.3077,0.6689,0.0116
nuscenes_mini_subset,scene-1094_032,tx,0.05,tx_5cm,34784,8.7253,1,92.3077,1.6692,0.0107
nuscenes_mini_subset,scene-1094_032,tx,0.1,tx_10cm,34784,8.8144,1,92.3077,3.3267,0.0302
nuscenes_mini_subset,scene-1094_032,ty,0.02,ty_2cm,34784,8.6247,1,92.3077,1.8336,0.0311
nuscenes_mini_subset,scene-1094_032,ty,0.05,ty_5cm,34784,8.6218,1,92.3077,4.58,0.0122
nuscenes_mini_subset,scene-1094_032,ty,0.1,ty_10cm,34784,8.6247,1,92.3077,9.1534,0.0186
nuscenes_mini_subset,scene-1094_032,tz,0.02,tz_2cm,34784,8.708,1,92.3077,1.8371,0.0271
nuscenes_mini_subset,scene-1094_032,tz,0.05,tz_5cm,34784,8.7971,1,92.3077,4.5925,-0.0102
nuscenes_mini_subset,scene-1094_032,tz,0.1,tz_10cm,34784,8.8776,1,92.3077,9.1843,-0.0246
nuscenes_mini_subset,scene-1094_032,time,35.5,no_ego_motion,34784,8.0727,1,92.3077,12.0926,0.0214
nuscenes_mini_subset,scene-1094_033,baseline,0.0,baseline,34720,8.6866,1,100.0,0.0,0.0819
nuscenes_mini_subset,scene-1094_033,yaw,0.5,yaw_0.5deg,34720,8.7241,1,100.0,12.505,0.0631
nuscenes_mini_subset,scene-1094_033,yaw,1.0,yaw_1deg,34720,8.701,1,76.4706,24.9599,0.0715
nuscenes_mini_subset,scene-1094_033,yaw,2.0,yaw_2deg,34720,8.7126,1,41.1765,49.8149,0.0438
nuscenes_mini_subset,scene-1094_033,yaw,3.0,yaw_3deg,34720,8.7126,1,5.8824,74.5956,0.089
nuscenes_mini_subset,scene-1094_033,pitch,0.5,pitch_0.5deg,34720,8.4533,1,100.0,11.5585,0.0437
nuscenes_mini_subset,scene-1094_033,pitch,1.0,pitch_1deg,34720,8.3525,1,100.0,23.1371,0.1086
nuscenes_mini_subset,scene-1094_033,pitch,2.0,pitch_2deg,34720,7.9435,1,52.9412,46.1223,0.1408
nuscenes_mini_subset,scene-1094_033,pitch,3.0,pitch_3deg,34720,7.5259,1,0.0,69.0132,0.0965
nuscenes_mini_subset,scene-1094_033,roll,0.5,roll_0.5deg,34720,8.701,1,100.0,4.0989,0.0713
nuscenes_mini_subset,scene-1094_033,roll,1.0,roll_1deg,34720,8.7241,1,100.0,8.1799,0.0488
nuscenes_mini_subset,scene-1094_033,roll,2.0,roll_2deg,34720,8.7241,1,100.0,16.3161,0.0964
nuscenes_mini_subset,scene-1094_033,roll,3.0,roll_3deg,34720,8.7154,1,100.0,24.3645,0.1221
nuscenes_mini_subset,scene-1094_033,tx,0.02,tx_2cm,34720,8.7385,1,100.0,0.6687,0.0894
nuscenes_mini_subset,scene-1094_033,tx,0.05,tx_5cm,34720,8.8018,1,100.0,1.6674,0.0717
nuscenes_mini_subset,scene-1094_033,tx,0.1,tx_10cm,34720,8.8998,1,100.0,3.3253,0.0879
nuscenes_mini_subset,scene-1094_033,ty,0.02,ty_2cm,34720,8.6953,1,100.0,2.0251,0.0778
nuscenes_mini_subset,scene-1094_033,ty,0.05,ty_5cm,34720,8.7126,1,100.0,5.061,0.0536
nuscenes_mini_subset,scene-1094_033,ty,0.1,ty_10cm,34720,8.6982,1,100.0,10.1153,0.0555
nuscenes_mini_subset,scene-1094_033,tz,0.02,tz_2cm,34720,8.773,1,100.0,2.0307,0.062
nuscenes_mini_subset,scene-1094_033,tz,0.05,tz_5cm,34720,8.8623,1,100.0,5.0764,0.0876
nuscenes_mini_subset,scene-1094_033,tz,0.1,tz_10cm,34720,8.9545,1,100.0,10.1521,0.1372
nuscenes_mini_subset,scene-1094_033,time,36.0,no_ego_motion,34720,8.0703,1,100.0,12.8533,0.0924
nuscenes_mini_subset,scene-1094_034,baseline,0.0,baseline,34720,8.2258,1,100.0,0.0,0.1166
nuscenes_mini_subset,scene-1094_034,yaw,0.5,yaw_0.5deg,34720,8.2085,1,100.0,12.5481,0.1478
nuscenes_mini_subset,scene-1094_034,yaw,1.0,yaw_1deg,34720,8.2402,1,100.0,25.0581,0.1113
nuscenes_mini_subset,scene-1094_034,yaw,2.0,yaw_2deg,34720,8.2431,1,53.8462,49.9088,0.1301
nuscenes_mini_subset,scene-1094_034,yaw,3.0,yaw_3deg,34720,8.2373,1,7.6923,74.6839,0.0714
nuscenes_mini_subset,scene-1094_034,pitch,0.5,pitch_0.5deg,34720,7.981,1,100.0,11.626,0.0356
nuscenes_mini_subset,scene-1094_034,pitch,1.0,pitch_1deg,34720,7.8802,1,100.0,23.2303,0.1037
nuscenes_mini_subset,scene-1094_034,pitch,2.0,pitch_2deg,34720,7.4712,1,100.0,46.3966,0.0279
nuscenes_mini_subset,scene-1094_034,pitch,3.0,pitch_3deg,34720,7.0507,1,100.0,69.3938,0.0272
nuscenes_mini_subset,scene-1094_034,roll,0.5,roll_0.5deg,34720,8.2287,1,61.5385,4.1831,0.0881
nuscenes_mini_subset,scene-1094_034,roll,1.0,roll_1deg,34720,8.2344,1,61.5385,8.3579,0.089
nuscenes_mini_subset,scene-1094_034,roll,2.0,roll_2deg,34720,8.2488,1,61.5385,16.6473,0.1607
nuscenes_mini_subset,scene-1094_034,roll,3.0,roll_3deg,34720,8.2517,1,61.5385,24.8303,0.161
nuscenes_mini_subset,scene-1094_034,tx,0.02,tx_2cm,34720,8.2632,1,100.0,0.7352,0.1016
nuscenes_mini_subset,scene-1094_034,tx,0.05,tx_5cm,34720,8.3151,1,100.0,1.8339,0.1114
nuscenes_mini_subset,scene-1094_034,tx,0.1,tx_10cm,34720,8.4159,1,100.0,3.6551,0.139
nuscenes_mini_subset,scene-1094_034,ty,0.02,ty_2cm,34720,8.2085,1,100.0,2.4493,0.1337
nuscenes_mini_subset,scene-1094_034,ty,0.05,ty_5cm,34720,8.2114,1,100.0,6.1221,0.1428
nuscenes_mini_subset,scene-1094_034,ty,0.1,ty_10cm,34720,8.2056,1,100.0,12.2099,0.129
nuscenes_mini_subset,scene-1094_034,tz,0.02,tz_2cm,34720,8.3151,1,100.0,2.4551,0.1223
nuscenes_mini_subset,scene-1094_034,tz,0.05,tz_5cm,34720,8.4101,1,61.5385,6.1375,0.0554
nuscenes_mini_subset,scene-1094_034,tz,0.1,tz_10cm,34720,8.4994,1,61.5385,12.274,0.1231
nuscenes_mini_subset,scene-1094_034,time,35.9,no_ego_motion,34720,7.5202,1,100.0,14.8418,0.0921
nuscenes_mini_subset,scene-1094_035,baseline,0.0,baseline,34720,8.1221,0,,0.0,0.0447
nuscenes_mini_subset,scene-1094_035,yaw,0.5,yaw_0.5deg,34720,8.102,0,,12.5135,0.0407
nuscenes_mini_subset,scene-1094_035,yaw,1.0,yaw_1deg,34720,8.1164,0,,25.0155,0.0243
nuscenes_mini_subset,scene-1094_035,yaw,2.0,yaw_2deg,34720,8.0876,0,,49.8986,0.0587
nuscenes_mini_subset,scene-1094_035,yaw,3.0,yaw_3deg,34720,8.0818,0,,74.7112,0.0913
nuscenes_mini_subset,scene-1094_035,pitch,0.5,pitch_0.5deg,34720,7.8831,0,,11.5844,0.0557
nuscenes_mini_subset,scene-1094_035,pitch,1.0,pitch_1deg,34720,7.7938,0,,23.155,0.1157
nuscenes_mini_subset,scene-1094_035,pitch,2.0,pitch_2deg,34720,7.4021,0,,46.2681,0.0484
nuscenes_mini_subset,scene-1094_035,pitch,3.0,pitch_3deg,34720,7.0017,0,,69.1216,0.0617
nuscenes_mini_subset,scene-1094_035,roll,0.5,roll_0.5deg,34720,8.1279,0,,4.1492,0.1079
nuscenes_mini_subset,scene-1094_035,roll,1.0,roll_1deg,34720,8.1279,0,,8.2766,0.1292
nuscenes_mini_subset,scene-1094_035,roll,2.0,roll_2deg,34720,8.1221,0,,16.4857,0.1428
nuscenes_mini_subset,scene-1094_035,roll,3.0,roll_3deg,34720,8.1308,0,,24.6233,0.161
nuscenes_mini_subset,scene-1094_035,tx,0.02,tx_2cm,34720,8.1682,0,,0.6485,0.0436
nuscenes_mini_subset,scene-1094_035,tx,0.05,tx_5cm,34720,8.22,0,,1.6184,0.04
nuscenes_mini_subset,scene-1094_035,tx,0.1,tx_10cm,34720,8.3151,0,,3.2257,0.0301
nuscenes_mini_subset,scene-1094_035,ty,0.02,ty_2cm,34720,8.1192,0,,2.0849,0.0622
nuscenes_mini_subset,scene-1094_035,ty,0.05,ty_5cm,34720,8.1164,0,,5.2098,0.0678
nuscenes_mini_subset,scene-1094_035,ty,0.1,ty_10cm,34720,8.102,0,,10.4148,0.0475
nuscenes_mini_subset,scene-1094_035,tz,0.02,tz_2cm,34720,8.2143,0,,2.0895,0.0811
nuscenes_mini_subset,scene-1094_035,tz,0.05,tz_5cm,34720,8.2978,0,,5.2235,0.1017
nuscenes_mini_subset,scene-1094_035,tz,0.1,tz_10cm,34720,8.3871,0,,10.4463,0.0985
nuscenes_mini_subset,scene-1094_035,time,35.4,no_ego_motion,34720,7.4539,0,,12.794,0.0657
nuscenes_mini_subset,scene-1094_036,baseline,0.0,baseline,34720,7.9493,1,100.0,0.0,0.041
nuscenes_mini_subset,scene-1094_036,yaw,0.5,yaw_0.5deg,34720,7.9435,1,100.0,12.493,0.0548
nuscenes_mini_subset,scene-1094_036,yaw,1.0,yaw_1deg,34720,7.9464,1,82.3529,24.945,0.0577
nuscenes_mini_subset,scene-1094_036,yaw,2.0,yaw_2deg,34720,7.9119,1,47.0588,49.7008,0.0434
nuscenes_mini_subset,scene-1094_036,yaw,3.0,yaw_3deg,34720,7.9003,1,11.7647,74.3462,0.1111
nuscenes_mini_subset,scene-1094_036,pitch,0.5,pitch_0.5deg,34720,7.716,1,100.0,11.5934,0.081
nuscenes_mini_subset,scene-1094_036,pitch,1.0,pitch_1deg,34720,7.621,1,52.9412,23.1634,0.1374
nuscenes_mini_subset,scene-1094_036,pitch,2.0,pitch_2deg,34720,7.2206,1,52.9412,46.2742,0.0794
nuscenes_mini_subset,scene-1094_036,pitch,3.0,pitch_3deg,34720,6.8174,1,0.0,69.1244,0.1176
nuscenes_mini_subset,scene-1094_036,roll,0.5,roll_0.5deg,34720,7.9637,1,100.0,4.1522,0.0134
nuscenes_mini_subset,scene-1094_036,roll,1.0,roll_1deg,34720,7.9579,1,100.0,8.2821,0.0739
nuscenes_mini_subset,scene-1094_036,roll,2.0,roll_2deg,34720,7.9695,1,100.0,16.4892,0.1554
nuscenes_mini_subset,scene-1094_036,roll,3.0,roll_3deg,34720,7.9666,1,100.0,24.608,0.1757
nuscenes_mini_subset,scene-1094_036,tx,0.02,tx_2cm,34720,7.9925,1,100.0,0.7072,0.0352
nuscenes_mini_subset,scene-1094_036,tx,0.05,tx_5cm,34720,8.0588,1,100.0,1.7647,0.0347
nuscenes_mini_subset,scene-1094_036,tx,0.1,tx_10cm,34720,8.1567,1,100.0,3.5153,0.0143
nuscenes_mini_subset,scene-1094_036,ty,0.02,ty_2cm,34720,7.9407,1,100.0,2.3144,0.0419
nuscenes_mini_subset,scene-1094_036,ty,0.05,ty_5cm,34720,7.9378,1,100.0,5.782,0.0291
nuscenes_mini_subset,scene-1094_036,ty,0.1,ty_10cm,34720,7.9349,1,100.0,11.5474,0.044
nuscenes_mini_subset,scene-1094_036,tz,0.02,tz_2cm,34720,8.0357,1,100.0,2.3162,0.0381
nuscenes_mini_subset,scene-1094_036,tz,0.05,tz_5cm,34720,8.1135,1,100.0,5.7902,0.0267
nuscenes_mini_subset,scene-1094_036,tz,0.1,tz_10cm,34720,8.197,1,100.0,11.5793,0.0269
nuscenes_mini_subset,scene-1094_036,time,35.6,no_ego_motion,34720,7.2638,1,100.0,14.7723,0.0485
nuscenes_mini_subset,scene-1094_037,baseline,0.0,baseline,34752,7.8125,0,,0.0,0.0327
nuscenes_mini_subset,scene-1094_037,yaw,0.5,yaw_0.5deg,34752,7.8067,0,,12.3713,0.0212
nuscenes_mini_subset,scene-1094_037,yaw,1.0,yaw_1deg,34752,7.7952,0,,24.7204,-0.016
nuscenes_mini_subset,scene-1094_037,yaw,2.0,yaw_2deg,34752,7.7808,0,,49.3407,-0.0636
nuscenes_mini_subset,scene-1094_037,yaw,3.0,yaw_3deg,34752,7.7693,0,,73.8242,-0.0231
nuscenes_mini_subset,scene-1094_037,pitch,0.5,pitch_0.5deg,34752,7.5737,0,,11.5672,0.0513
nuscenes_mini_subset,scene-1094_037,pitch,1.0,pitch_1deg,34752,7.4643,0,,23.1108,0.0542
nuscenes_mini_subset,scene-1094_037,pitch,2.0,pitch_2deg,34752,7.0816,0,,46.1523,0.069
nuscenes_mini_subset,scene-1094_037,pitch,3.0,pitch_3deg,34752,6.6788,0,,69.0126,0.0796
nuscenes_mini_subset,scene-1094_037,roll,0.5,roll_0.5deg,34752,7.8183,0,,4.0276,0.0722
nuscenes_mini_subset,scene-1094_037,roll,1.0,roll_1deg,34752,7.824,0,,8.0504,0.0506
nuscenes_mini_subset,scene-1094_037,roll,2.0,roll_2deg,34752,7.8298,0,,16.0696,0.0499
nuscenes_mini_subset,scene-1094_037,roll,3.0,roll_3deg,34752,7.8413,0,,23.9472,0.0701
nuscenes_mini_subset,scene-1094_037,tx,0.02,tx_2cm,34752,7.847,0,,0.6714,0.0418
nuscenes_mini_subset,scene-1094_037,tx,0.05,tx_5cm,34752,7.9075,0,,1.6742,0.0404
nuscenes_mini_subset,scene-1094_037,tx,0.1,tx_10cm,34752,8.0053,0,,3.3364,0.0614
nuscenes_mini_subset,scene-1094_037,ty,0.02,ty_2cm,34752,7.8154,0,,2.0847,0.0243
nuscenes_mini_subset,scene-1094_037,ty,0.05,ty_5cm,34752,7.8154,0,,5.2033,0.0148
nuscenes_mini_subset,scene-1094_037,ty,0.1,ty_10cm,34752,7.8039,0,,10.3545,0.0127
nuscenes_mini_subset,scene-1094_037,tz,0.02,tz_2cm,34752,7.8959,0,,2.0905,0.0163
nuscenes_mini_subset,scene-1094_037,tz,0.05,tz_5cm,34752,7.9794,0,,5.226,0.0082
nuscenes_mini_subset,scene-1094_037,tz,0.1,tz_10cm,34752,8.0657,0,,10.4512,0.0081
nuscenes_mini_subset,scene-1094_037,time,36.0,no_ego_motion,34752,7.1593,0,,13.7544,0.0487
nuscenes_mini_subset,scene-1094_038,baseline,0.0,baseline,34688,7.5646,2,100.0,0.0,-0.0561
nuscenes_mini_subset,scene-1094_038,yaw,0.5,yaw_0.5deg,34688,7.553,2,91.6667,12.3831,-0.0638
nuscenes_mini_subset,scene-1094_038,yaw,1.0,yaw_1deg,34688,7.5675,2,87.6984,24.7465,-0.0264
nuscenes_mini_subset,scene-1094_038,yaw,2.0,yaw_2deg,34688,7.5559,2,67.4603,49.4325,-0.0459
nuscenes_mini_subset,scene-1094_038,yaw,3.0,yaw_3deg,34688,7.553,2,41.2698,73.9092,-0.055
nuscenes_mini_subset,scene-1094_038,pitch,0.5,pitch_0.5deg,34688,7.3224,2,100.0,11.5809,0.0028
nuscenes_mini_subset,scene-1094_038,pitch,1.0,pitch_1deg,34688,7.2244,2,75.0,23.1418,-0.063
nuscenes_mini_subset,scene-1094_038,pitch,2.0,pitch_2deg,34688,6.8237,2,53.5714,46.2378,-0.045
nuscenes_mini_subset,scene-1094_038,pitch,3.0,pitch_3deg,34688,6.4086,2,7.1429,69.0667,0.0666
nuscenes_mini_subset,scene-1094_038,roll,0.5,roll_0.5deg,34688,7.5559,2,100.0,4.0136,-0.0366
nuscenes_mini_subset,scene-1094_038,roll,1.0,roll_1deg,34688,7.5617,2,100.0,8.0018,-0.0383
nuscenes_mini_subset,scene-1094_038,roll,2.0,roll_2deg,34688,7.553,2,100.0,15.8938,-0.0273
nuscenes_mini_subset,scene-1094_038,roll,3.0,roll_3deg,34688,7.5559,2,84.5238,23.7459,-0.0036
nuscenes_mini_subset,scene-1094_038,tx,0.02,tx_2cm,34688,7.5992,2,100.0,0.7225,-0.0437
nuscenes_mini_subset,scene-1094_038,tx,0.05,tx_5cm,34688,7.6568,2,100.0,1.8031,-0.0463
nuscenes_mini_subset,scene-1094_038,tx,0.1,tx_10cm,34688,7.7404,2,100.0,3.592,-0.0272
nuscenes_mini_subset,scene-1094_038,ty,0.02,ty_2cm,34688,7.5559,2,100.0,2.3239,-0.0526
nuscenes_mini_subset,scene-1094_038,ty,0.05,ty_5cm,34688,7.5444,2,100.0,5.7924,-0.0636
nuscenes_mini_subset,scene-1094_038,ty,0.1,ty_10cm,34688,7.5415,2,97.2222,11.5319,-0.0559
nuscenes_mini_subset,scene-1094_038,tz,0.02,tz_2cm,34688,7.6597,2,100.0,2.3305,-0.0342
nuscenes_mini_subset,scene-1094_038,tz,0.05,tz_5cm,34688,7.7347,2,100.0,5.8259,-0.0468
nuscenes_mini_subset,scene-1094_038,tz,0.1,tz_10cm,34688,7.8125,2,100.0,11.6508,-0.0556
nuscenes_mini_subset,scene-1094_038,time,35.9,no_ego_motion,34688,6.8122,2,98.8095,15.6864,-0.1021
nuscenes_mini_subset,scene-1094_039,baseline,0.0,baseline,34720,7.6094,2,100.0,0.0,0.0797
nuscenes_mini_subset,scene-1094_039,yaw,0.5,yaw_0.5deg,34720,7.6066,2,95.0,12.3423,0.0652
nuscenes_mini_subset,scene-1094_039,yaw,1.0,yaw_1deg,34720,7.6181,2,71.8182,24.6524,0.071
nuscenes_mini_subset,scene-1094_039,yaw,2.0,yaw_2deg,34720,7.6181,2,25.0,49.2092,0.1192
nuscenes_mini_subset,scene-1094_039,yaw,3.0,yaw_3deg,34720,7.6181,2,10.0,73.5568,0.1444
nuscenes_mini_subset,scene-1094_039,pitch,0.5,pitch_0.5deg,34720,7.3963,2,100.0,11.6212,0.0744
nuscenes_mini_subset,scene-1094_039,pitch,1.0,pitch_1deg,34720,7.2955,2,100.0,23.2173,0.0797
nuscenes_mini_subset,scene-1094_039,pitch,2.0,pitch_2deg,34720,6.9038,2,41.8182,46.2782,0.0447
nuscenes_mini_subset,scene-1094_039,pitch,3.0,pitch_3deg,34720,6.4977,2,31.8182,69.3543,0.039
nuscenes_mini_subset,scene-1094_039,roll,0.5,roll_0.5deg,34720,7.6238,2,100.0,3.9814,0.0857
nuscenes_mini_subset,scene-1094_039,roll,1.0,roll_1deg,34720,7.6181,2,100.0,7.9447,0.0613
nuscenes_mini_subset,scene-1094_039,roll,2.0,roll_2deg,34720,7.6296,2,100.0,15.858,0.0635
nuscenes_mini_subset,scene-1094_039,roll,3.0,roll_3deg,34720,7.6354,2,100.0,23.6395,0.0044
nuscenes_mini_subset,scene-1094_039,tx,0.02,tx_2cm,34720,7.644,2,100.0,0.6995,0.0609
nuscenes_mini_subset,scene-1094_039,tx,0.05,tx_5cm,34720,7.6786,2,100.0,1.7423,0.0736
nuscenes_mini_subset,scene-1094_039,tx,0.1,tx_10cm,34720,7.7938,2,100.0,3.466,0.107
nuscenes_mini_subset,scene-1094_039,ty,0.02,ty_2cm,34720,7.5979,2,100.0,2.4669,0.077
nuscenes_mini_subset,scene-1094_039,ty,0.05,ty_5cm,34720,7.6066,2,100.0,6.1569,0.0883
nuscenes_mini_subset,scene-1094_039,ty,0.1,ty_10cm,34720,7.6094,2,100.0,12.2799,0.0879
nuscenes_mini_subset,scene-1094_039,tz,0.02,tz_2cm,34720,7.6901,2,100.0,2.4735,0.111
nuscenes_mini_subset,scene-1094_039,tz,0.05,tz_5cm,34720,7.7707,2,100.0,6.1834,0.0765
nuscenes_mini_subset,scene-1094_039,tz,0.1,tz_10cm,34720,7.8571,2,100.0,12.3656,0.0476
nuscenes_mini_subset,scene-1094_039,time,35.2,no_ego_motion,34720,6.9384,2,100.0,13.6131,0.0474
